name,taxonomy,imageURL,details,temprange,details,phRange,tank size,fish size (cm/inches),fish compatibility,detailsUrl
Brown-Point Shield Skin,Aspidoras fuscoguttatus,https://upload.wikimedia.org//wikipedia/commons/7/72/Aspidoras_fuscoguttatus.jpg,"The Brown-Point Shield Skin (scientifically known as Aspidoras fuscoguttatus) is a small, armored freshwater catfish native to the Upper Paraná River basin in Brazil. Its name is a direct translation of its biology: the ""shield skin"" refers to the two rows of overlapping bony plates (scutes) that protect its body in place of traditional scales, while ""brown-point"" describes the distinct dark, dusky spots peppered across its pale flank. These peaceful bottom-dwellers rarely exceed 4 cm in length and are highly social, making them a unique, hardy alternative to the more common Corydoras for hobbyists maintaining tropical community aquariums.",22 - 25 degrees Celsius,"The Brown-Point Shield Skin (scientifically known as Aspidoras fuscoguttatus) is a small, armored freshwater catfish native to the Upper Paran? River basin in Brazil. Its name is a direct translation of its biology: the ""shield skin"" refers to the two rows of overlapping bony plates (scutes) that protect its body in place of traditional scales, while ""brown-point"" describes the distinct dark, dusky spots peppered across its pale flank. These peaceful bottom-dwellers rarely exceed 4 cm in length and are highly social, making them a unique, hardy alternative to the more common Corydoras for hobbyists maintaining tropical community aquariums.","5.5-6.8
",20 – 30 gallons,"3.0-3.8 cm / 1.2-1.5""",Compatible with medium-sized Characins and Angelfish; they are peaceful but can be shy.,
Aspidoras Cory-Cat,Aspidoras lakoi,,"The Aspidoras Cory-Cat is a diminutive, hardy ""armored"" catfish that thrives in a minimum of 20 gallons to accommodate their highly social, schooling nature. They are most comfortable when kept in groups of six or more alongside peaceful, mid-to-top-dwelling compatible fish like Neon Tetras, Rasboras, and Dwarf Gouramis, as their small size makes them vulnerable to larger, aggressive tank mates. Essential care includes providing a soft sand substrate to protect their delicate barbels, maintaining well-oxygenated water with a temperature between 22–25°C, and offering a varied diet of sinking pellets and live or frozen foods (like bloodworms) to support their active bottom-scavenging behavior.",22 - 25 degrees Celsius,"The Aspidoras Cory-Cat is a diminutive, hardy ""armored"" catfish that thrives in a minimum of 20 gallons to accommodate their highly social, schooling nature. They are most comfortable when kept in groups of six or more alongside peaceful, mid-to-top-dwelling compatible fish like Neon Tetras, Rasboras, and Dwarf Gouramis, as their small size makes them vulnerable to larger, aggressive tank mates. Essential care includes providing a soft sand substrate to protect their delicate barbels, maintaining well-oxygenated water with a temperature between 22?25?C, and offering a varied diet of sinking pellets and live or frozen foods (like bloodworms) to support their active bottom-scavenging behavior.",5.5 – 6.8,15 – 20 gallons,"3.0-3.8 cm / 1.2-1.5""",Compatible with Silver Dollars or larger Tetras; provide plenty of leaf litter for hiding.,
Loach catfish,Aspidoras rochai,,"The Loach Catfish (often referring to the genus Aspidoras) is a slender, ""shield-skinned"" bottom-dweller that combines the elongated body of a loach with the armored protection of a catfish. For proper care, they require a minimum of 20 gallons to accommodate their active, schooling behavior, as they are most comfortable in groups of six or more where they can safely forage. Compatible fish include other peaceful community species like Tetras, Hatchetfish, and Rasboras, but they should never be housed with aggressive cichlids that might outcompete them for food. Key remarks for their maintenance include providing a soft sand substrate to prevent damage to their sensitive barbels and ensuring high oxygen levels in the water, as these fish naturally inhabit fast-flowing, shallow streams.",21 - 25 degrees Celsius,"The Loach Catfish (often referring to the genus Aspidoras) is a slender, ""shield-skinned"" bottom-dweller that combines the elongated body of a loach with the armored protection of a catfish. For proper care, they require a minimum of 20 gallons to accommodate their active, schooling behavior, as they are most comfortable in groups of six or more where they can safely forage. Compatible fish include other peaceful community species like Tetras, Hatchetfish, and Rasboras, but they should never be housed with aggressive cichlids that might outcompete them for food. Key remarks for their maintenance include providing a soft sand substrate to prevent damage to their sensitive barbels and ensuring high oxygen levels in the water, as these fish naturally inhabit fast-flowing, shallow streams.","6.0-7.5
",30 – 40 gallons,"3.0-4.5 cm / 1.2-1.8""",Compatible with most community fish; ensure the tank has a tight lid as they are known jumpers.,
"Sixray corydoras, false corydoras",Aspidoras pauciradiatus,https://upload.wikimedia.org//wikipedia/en/1/1a/False_cory_1.jpg,"The Sixray Corydoras (also known as the False Corydoras or Aspidoras pauciradiatus) is the smallest member of the ""Shield Skin"" family, prized for its miniature size and distinctive dark horizontal stripes. These tiny, active bottom-dwellers require at least 10 to 15 gallons for a proper school, though 20 gallons is preferred to maintain stable water parameters for their sensitive ""armored"" skin. They are highly compatible with other micro-fish such as Celestial Pearl Danios, Ember Tetras, and small shrimp, as their peaceful nature and max size of only 3 cm make them non-threatening to tank mates. Essential care involves providing a soft sand substrate to protect their delicate barbels, maintaining clean, well-oxygenated water between 22–25°C, and offering a high-protein diet of crushed sinking pellets or baby brine shrimp.",23 - 28 degrees Celsius,"The Sixray Corydoras (also known as the False Corydoras or Aspidoras pauciradiatus) is the smallest member of the ""Shield Skin"" family, prized for its miniature size and distinctive dark horizontal stripes. These tiny, active bottom-dwellers require at least 10 to 15 gallons for a proper school, though 20 gallons is preferred to maintain stable water parameters for their sensitive ""armored"" skin. They are highly compatible with other micro-fish such as Celestial Pearl Danios, Ember Tetras, and small shrimp, as their peaceful nature and max size of only 3 cm make them non-threatening to tank mates. Essential care involves providing a soft sand substrate to protect their delicate barbels, maintaining clean, well-oxygenated water between 22?25?C, and offering a high-protein diet of crushed sinking pellets or baby brine shrimp.","6.0-7.2
",20 – 30 gallons,"3.0-4.0 cm / 1.2-1.6""","Highly social; compatible with almost any peaceful community fish, including Guppies and Platies.",https://en.wikipedia.org//wiki/Aspidoras_pauciradiatus
Britski's catfish,Brochis britskii,,"The Britski's Catfish (Scleromystax britskii), often confused with the ""Shield Skin"" Aspidoras due to its similar armored plating, is a strikingly patterned, larger relative of the common Corydoras. For proper care, they require a minimum of 20 to 30 gallons because they grow slightly larger than their cousins, reaching up to 6 cm, and are much more active swimmers that appreciate extra floor space. Compatible fish include other peaceful subtropical species like Rosy Barbs, White Cloud Mountain Minnows, or Zebra Danios, as they prefer slightly cooler water temperatures between 20–24°C. Key remarks for their maintenance include providing a soft sand substrate to protect their sensitive barbels, high oxygenation through surface agitation or powerheads, and a diet rich in high-quality sinking pellets and live foods to maintain their vibrant, dark-spotted ""shield"" markings.",20 - 24 degrees Celsius,"The Britski's Catfish (Scleromystax britskii), often confused with the ""Shield Skin"" Aspidoras due to its similar armored plating, is a strikingly patterned, larger relative of the common Corydoras. For proper care, they require a minimum of 20 to 30 gallons because they grow slightly larger than their cousins, reaching up to 6 cm, and are much more active swimmers that appreciate extra floor space. Compatible fish include other peaceful subtropical species like Rosy Barbs, White Cloud Mountain Minnows, or Zebra Danios, as they prefer slightly cooler water temperatures between 20?24?C. Key remarks for their maintenance include providing a soft sand substrate to protect their sensitive barbels, high oxygenation through surface agitation or powerheads, and a diet rich in high-quality sinking pellets and live foods to maintain their vibrant, dark-spotted ""shield"" markings.","6.5-7.2
",30 – 40 gallons,"6.0-8.0 cm / 2.4-3.1""",Very active and safe for community tanks with robust plants; compatible with other bottom dwellers.,https://en.wikipedia.org//wiki/Corydoras_britskii
Emerald catfish,Brochis splendens,https://upload.wikimedia.org//wikipedia/commons/8/8b/Brochis_splendens_im_Aquarium.jpg,"The Emerald Catfish is a robust, deep-bodied relative of the Corydoras, easily distinguished by its brilliant metallic green or iridescent bronze sheen. For proper care, these peaceful bottom-dwellers require a minimum of 30 gallons to accommodate their larger size and active ""rooting"" behavior. They are highly compatible with a wide range of community fish such as Tetras, Rainbowfish, and Rasboras, though they should be kept in schools of at least six to prevent stress. Key remarks for their maintenance include providing a soft sand substrate to protect their sensitive barbels from infection and ensuring a diet rich in high-quality sinking pellets and frozen treats like bloodworms to maintain their vibrant coloration and high energy levels.",21 - 28 degrees Celsius,"The Emerald Catfish is a robust, deep-bodied relative of the Corydoras, easily distinguished by its brilliant metallic green or iridescent bronze sheen. For proper care, these peaceful bottom-dwellers require a minimum of 30 gallons to accommodate their larger size and active ""rooting"" behavior. They are highly compatible with a wide range of community fish such as Tetras, Rainbowfish, and Rasboras, though they should be kept in schools of at least six to prevent stress. Key remarks for their maintenance include providing a soft sand substrate to protect their sensitive barbels from infection and ensuring a diet rich in high-quality sinking pellets and frozen treats like bloodworms to maintain their vibrant coloration and high energy levels.","5.8-8.0
",30 – 40 gallons,"4.5-6.0 cm / 1.8-2.4""",Compatible with larger community fish like Gouramis or Rainbowfish due to their larger adult size.,https://en.wikipedia.org//wiki/Brochis_splendens
Hognosed brochis,Brochis multiradiatus,https://upload.wikimedia.org//wikipedia/commons/2/2a/Fish_at_Louisville_Zoo_025.jpg,"The Hognosed Brochis is the largest member of its family, recognized by its exceptionally long, sloping snout and an oversized dorsal fin with 17 or more rays. Because they can reach a length of 10 to 12 cm, they require a minimum of 50 gallons with ample floor space for their active foraging. They are compatible with medium-sized, peaceful South American species like Angelfish and larger Tetras, provided they are kept in a social group of six or more. Important care instructions include the mandatory use of fine sand to accommodate their deep-sifting feeding habits and frequent 25–30% water changes to prevent the buildup of nitrates, which can be detrimental to their long-term health.",21 - 24 degrees Celsius,"The Hognosed Brochis is the largest member of its family, recognized by its exceptionally long, sloping snout and an oversized dorsal fin with 17 or more rays. Because they can reach a length of 10 to 12 cm, they require a minimum of 50 gallons with ample floor space for their active foraging. They are compatible with medium-sized, peaceful South American species like Angelfish and larger Tetras, provided they are kept in a social group of six or more. Important care instructions include the mandatory use of fine sand to accommodate their deep-sifting feeding habits and frequent 25?30% water changes to prevent the buildup of nitrates, which can be detrimental to their long-term health.","6.0-7.2
",30 – 55 gallons,"7.0-9.0 cm / 2.8-3.5""",Compatible with various Corydoras and Tetras; they prefer slightly deeper water than smaller Corys.,https://en.wikipedia.org//wiki/Brochis_multiradiatus
Cascarudo,Callichthys callichthys,https://upload.wikimedia.org//wikipedia/commons/9/9a/Callichthys_callichthys.JPG,"The Cascarudo is a highly resilient, armored catfish that is significantly larger and more active than typical Corydoras. For proper care, they require a minimum of 40 to 55 gallons to accommodate their size (up to 8 inches) and their habit of darting to the surface to breathe atmospheric air. They are compatible with medium-sized community fish like Silver Dollars, Cichlids, and larger Tetras, as their peaceful but boisterous nature can overwhelm smaller, delicate species. Key remarks for their maintenance include providing plenty of hiding spots like PVC pipes or large driftwood, as well as a varied diet of sinking pellets and meaty frozen foods, as they are opportunistic scavengers that help keep the tank floor clean.",18 - 28 degrees Celsius,"The Cascarudo is a highly resilient, armored catfish that is significantly larger and more active than typical Corydoras. For proper care, they require a minimum of 40 to 55 gallons to accommodate their size (up to 8 inches) and their habit of darting to the surface to breathe atmospheric air. They are compatible with medium-sized community fish like Silver Dollars, Cichlids, and larger Tetras, as their peaceful but boisterous nature can overwhelm smaller, delicate species. Key remarks for their maintenance include providing plenty of hiding spots like PVC pipes or large driftwood, as well as a varied diet of sinking pellets and meaty frozen foods, as they are opportunistic scavengers that help keep the tank floor clean.","5.8-8.3
",30 – 55 gallons,"7.0-9.0 cm / 2.8-3.5""",Compatible with South American Cichlids like Geophagus; they are very sturdy and peaceful.,
Adolfo's catfish/corydoras,Corydoras adolfoi,https://upload.wikimedia.org//wikipedia/commons/5/55/Corydoras_adolfoi.jpg,"The Adolfo's Corydoras is one of the most striking ""Shield Skin"" species, prized for its vibrant orange-gold patch on the head and a bold black stripe running through the eye and along the back. Their care involves a minimum of 20 gallons with pristine water conditions, as they are more sensitive to high nitrates than the common Bronze Cory. They are perfectly compatible with small, peaceful tank mates such as Dwarf Rasboras and Tetras, but they must be kept in groups of six or more to feel secure. Important remarks include using a soft sand substrate to protect their delicate barbels and providing a slightly acidic, peat-filtered environment to mimic their native blackwater habitats in the Rio Negro.",22 - 26 degrees Celsius,"The Adolfo's Corydoras is one of the most striking ""Shield Skin"" species, prized for its vibrant orange-gold patch on the head and a bold black stripe running through the eye and along the back. Their care involves a minimum of 20 gallons with pristine water conditions, as they are more sensitive to high nitrates than the common Bronze Cory. They are perfectly compatible with small, peaceful tank mates such as Dwarf Rasboras and Tetras, but they must be kept in groups of six or more to feel secure. Important remarks include using a soft sand substrate to protect their delicate barbels and providing a slightly acidic, peat-filtered environment to mimic their native blackwater habitats in the Rio Negro.","6.0-7.0
",20 – 30 gallons,"8.0-10.0 cm / 3.1-3.9""",Compatible with Discus and larger peaceful fish; they appreciate a higher oxygen flow.,https://en.wikipedia.org//wiki/Corydoras_adolfoi
Banded corydoras,Scleromystax barbatus,https://upload.wikimedia.org//wikipedia/commons/1/1f/Schleromystax_barbatus5015.jpg,"The Banded Corydoras is a larger, more elongated relative of the Corydoras family, often displaying beautiful dappled patterns and, in males, unique ""cheek bristles."" Proper care requires a minimum of 30 gallons and, crucially, cooler water temperatures (20–24°C) than most tropical fish, as they can suffer from heat stress in warmer setups. They are compatible with other subtropical species like White Cloud Mountain Minnows or Rosy Barbs, provided they have a school of their own kind. Key remarks for this species include ensuring high oxygen levels through surface agitation and using sand or fine gravel, as they are active bottom-sifters that appreciate plenty of open floor space.",20 - 28 degrees Celsius,"The Banded Corydoras is a larger, more elongated relative of the Corydoras family, often displaying beautiful dappled patterns and, in males, unique ""cheek bristles."" Proper care requires a minimum of 30 gallons and, crucially, cooler water temperatures (20?24?C) than most tropical fish, as they can suffer from heat stress in warmer setups. They are compatible with other subtropical species like White Cloud Mountain Minnows or Rosy Barbs, provided they have a school of their own kind. Key remarks for this species include ensuring high oxygen levels through surface agitation and using sand or fine gravel, as they are active bottom-sifters that appreciate plenty of open floor space.",6.0-8.0,30 – 40 gallons,"15.0-20.0 cm / 5.9-7.9""",Compatible with Nano fish like Chili Rasboras; they are smaller and more active than most Corys.,https://en.wikipedia.org//wiki/Scleromystax_barbatus
"Masked corydoras, bandit corydoras",Corydoras metae,https://upload.wikimedia.org//wikipedia/commons/c/c4/Acuario.jpg,"The Masked Corydoras, or Bandit Cory, is easily identified by the dark ""Zorro"" mask across its eyes and a black stripe that arches over its back to the tail. These peaceful scavengers need a minimum of 20 gallons for a proper school and are very straightforward in their care, though they prefer slightly dimmer lighting and plenty of leaf litter or caves for security. They are highly compatible with most small community fish, including Guppies and neon-type tetras. Notable remarks for their upkeep include the necessity of smooth substrate to prevent barbel erosion and a consistent diet of sinking catfish wafers and small live foods to support their active foraging habits.",22 - 26 degrees Celsius,"The Masked Corydoras, or Bandit Cory, is easily identified by the dark ""Zorro"" mask across its eyes and a black stripe that arches over its back to the tail. These peaceful scavengers need a minimum of 20 gallons for a proper school and are very straightforward in their care, though they prefer slightly dimmer lighting and plenty of leaf litter or caves for security. They are highly compatible with most small community fish, including Guppies and neon-type tetras. Notable remarks for their upkeep include the necessity of smooth substrate to prevent barbel erosion and a consistent diet of sinking catfish wafers and small live foods to support their active foraging habits.","6.0-7.0
",20 – 30 gallons,"5.0-6.0 cm / 2.0-2.4""",Compatible with small Tetras; they enjoy densely planted tanks with lots of moss.,https://en.wikipedia.org//wiki/Corydoras_metae
Barred-tail corydoras,Corydoras cochui,https://upload.wikimedia.org//wikipedia/commons/6/6e/Barred_tail_corydoras.jpg,"The Barred-tail Corydoras is a rare and delicate species characterized by the distinct, ladder-like black bars on its caudal fin. For successful care, a minimum of 15 to 20 gallons is sufficient, but they require very stable water parameters and frequent small water changes to thrive. They are compatible with other peaceful micro-fish and dwarf shrimp, making them excellent candidates for ""nano"" or heavily planted tanks where they won't be bullied by larger species. Important remarks for their maintenance include providing a well-oxygenated environment and a variety of tiny sinking foods, such as crushed pellets or baby brine shrimp, to cater to their smaller mouths and high activity levels.",21 - 24 degrees Celsius,"The Barred-tail Corydoras is a rare and delicate species characterized by the distinct, ladder-like black bars on its caudal fin. For successful care, a minimum of 15 to 20 gallons is sufficient, but they require very stable water parameters and frequent small water changes to thrive. They are compatible with other peaceful micro-fish and dwarf shrimp, making them excellent candidates for ""nano"" or heavily planted tanks where they won't be bullied by larger species. Important remarks for their maintenance include providing a well-oxygenated environment and a variety of tiny sinking foods, such as crushed pellets or baby brine shrimp, to cater to their smaller mouths and high activity levels.","6.0 - 7.0
",20 – 30 gallons,"8.0-10.0 cm / 3.1-3.9""",Compatible with Endlers and small Barbs; they are schooling fish that need a group of 6+.,https://en.wikipedia.org//wiki/Corydoras_cochui
Blackstripe corydoras,Corydoras bondi,,"The Blackstripe Corydoras is a peaceful, spotted bottom-dweller recognizable by the bold black vertical wedge on its dorsal fin and a matching ""mask"" over its eyes. For optimal care, they require a minimum of 20 gallons and a social group of at least six to feel secure and active. They are highly compatible with other small, gentle species like Tetras and Rasboras, making them a staple for community tanks. Important remarks for their upkeep include providing a soft sand substrate to protect their delicate barbels and maintaining clean, well-oxygenated water through regular maintenance.",22 - 26 degrees Celsius,"The Blackstripe Corydoras is a peaceful, spotted bottom-dweller recognizable by the bold black vertical wedge on its dorsal fin and a matching ""mask"" over its eyes. For optimal care, they require a minimum of 20 gallons and a social group of at least six to feel secure and active. They are highly compatible with other small, gentle species like Tetras and Rasboras, making them a staple for community tanks. Important remarks for their upkeep include providing a soft sand substrate to protect their delicate barbels and maintaining clean, well-oxygenated water through regular maintenance.", 6.0-8.0,20 – 30 gallons,"4.0-5.5 cm / 1.6-2.2""",Compatible with peaceful shrimp species; they are non-aggressive bottom feeders.,https://en.wikipedia.org//wiki/Corydoras_bondi
Blacktop corydoras,Corydoras acutus,https://upload.wikimedia.org//wikipedia/commons/2/22/Corydoras_acutus_by_Frank_M._Greco.jpg,"The Blacktop Corydoras is a slender, slightly long-nosed species distinguished by a prominent dark blotch on the upper portion of its dorsal fin. Proper care involves a minimum of 20 to 30 gallons, as they appreciate more swimming room than some of their smaller cousins. They are compatible with a wide variety of peaceful South American community fish and should always be kept in a school. Key remarks include their preference for established tanks with plenty of hiding spots and a varied diet of high-quality sinking pellets supplemented with live or frozen foods.",22 - 28 degrees Celsius,"The Blacktop Corydoras is a slender, slightly long-nosed species distinguished by a prominent dark blotch on the upper portion of its dorsal fin. Proper care involves a minimum of 20 to 30 gallons, as they appreciate more swimming room than some of their smaller cousins. They are compatible with a wide variety of peaceful South American community fish and should always be kept in a school. Key remarks include their preference for established tanks with plenty of hiding spots and a varied diet of high-quality sinking pellets supplemented with live or frozen foods.",6.0 - 7.5,20 – 30 gallons,"4.5-5.5 cm / 1.8-2.2""",Compatible with Rummy Nose Tetras; their bright colors pop in blackwater setups.,https://en.wikipedia.org//wiki/Corydoras_acutus
Blue corydoras,Corydoras nattereri,https://upload.wikimedia.org//wikipedia/commons/2/2e/Corydoras_nattereri.JPG,"The Blue Corydoras is prized for its subtle, shimmering blue-to-grey iridescent body and a distinct dark stripe running horizontally along its flank. Their care requires at least 20 gallons with stable water parameters and a temperature range between 22–26°C. They are excellently compatible with other peaceful community dwellers like Hatchetfish or Dwarf Cichlids. Notable remarks for this species include the need for a sand substrate and a diet that includes both vegetable matter and protein-rich sinking wafers to maintain their healthy sheen.",20 - 24 degrees Celsius,"The Blue Corydoras is prized for its subtle, shimmering blue-to-grey iridescent body and a distinct dark stripe running horizontally along its flank. Their care requires at least 20 gallons with stable water parameters and a temperature range between 22?26?C. They are excellently compatible with other peaceful community dwellers like Hatchetfish or Dwarf Cichlids. Notable remarks for this species include the need for a sand substrate and a diet that includes both vegetable matter and protein-rich sinking wafers to maintain their healthy sheen.",6.0 - 8.0,20 – 30 gallons,"3.5-5.0 cm / 1.4-2.0""",Compatible with Cardinal Tetras; keep on fine sand to protect their delicate barbels.,https://en.wikipedia.org//wiki/Corydoras_nattereri
Bluespotted corydoras,Corydoras melanistius,,"The Bluespotted Corydoras is often confused with the Blackstripe but is noted for its more intricate, fine spotting that can take on a bluish-grey hue under specific lighting. For successful care, they need a minimum of 20 gallons and do best in ""blackwater"" setups with leaf litter and driftwood. They are compatible with most small, non-aggressive tropical fish and are generally very hardy once acclimated. Essential remarks include their sensitivity to salt and copper-based medications, as well as the requirement for a varied diet of sinking pellets and brine shrimp.",22 - 26 degrees Celsius,"The Bluespotted Corydoras is often confused with the Blackstripe but is noted for its more intricate, fine spotting that can take on a bluish-grey hue under specific lighting. For successful care, they need a minimum of 20 gallons and do best in ""blackwater"" setups with leaf litter and driftwood. They are compatible with most small, non-aggressive tropical fish and are generally very hardy once acclimated. Essential remarks include their sensitivity to salt and copper-based medications, as well as the requirement for a varied diet of sinking pellets and brine shrimp.",6.0 - 8.0,20 – 30 gallons,"5.0-6.0 cm / 2.0-2.4""",Compatible with Hatchetfish; they occupy the bottom while Hatchets stay at the top.,https://en.wikipedia.org//wiki/Corydoras_melanistius
"Bronze corydoras, Emerald green cory",Corydoras aeneus,https://upload.wikimedia.org//wikipedia/commons/4/47/Corydoras_aeneus_2.jpg,"The Bronze Corydoras (often sold in a vibrant ""Emerald Green"" color morph) is one of the hardiest and most popular species in the hobby. Their care is straightforward, requiring a minimum of 20 gallons, making them ideal for beginners. They are compatible with almost all peaceful community fish, from Guppies to Angelfish, as long as they are kept in a group of five or more. Important remarks include their high tolerance for various water conditions, though they still require a soft substrate and regular feedings of sinking wafers to thrive and potentially spawn in the home aquarium.",25 - 28 degrees Celsius,"The Bronze Corydoras (often sold in a vibrant ""Emerald Green"" color morph) is one of the hardiest and most popular species in the hobby. Their care is straightforward, requiring a minimum of 20 gallons, making them ideal for beginners. They are compatible with almost all peaceful community fish, from Guppies to Angelfish, as long as they are kept in a group of five or more. Important remarks include their high tolerance for various water conditions, though they still require a soft substrate and regular feedings of sinking wafers to thrive and potentially spawn in the home aquarium.",6.0 - 8.0,20 – 30 gallons,"4.5-6.5 cm / 1.8-2.6""","Compatible with Harlequin Rasboras; they are peaceful but need very clean, filtered water.",https://en.wikipedia.org//wiki/Corydoras_aeneus
Caracha,Corydoras atropersonatus,https://upload.wikimedia.org//wikipedia/commons/6/61/Corydoras_Atropersonatus.jpg,"The Caracha is a unique, slender suckermouth catfish characterized by its flattened body and elongated tail, resembling a cross between a pleco and a whiptail catfish. For proper care, they require a minimum of 30 to 40 gallons with plenty of open floor space, as they spend most of their time resting on or sifting through the substrate. They are generally compatible with peaceful community fish such as Corydoras, Tetras, and Discus, provided they are not housed with overly aggressive species that might nip at their long filaments. Key remarks for their maintenance include providing a very soft sand substrate to accommodate their specialized feeding habits and ensuring high water quality with moderate flow to mimic their native river environments.",22-25 degrees Celsius,"The Caracha is a unique, slender suckermouth catfish characterized by its flattened body and elongated tail, resembling a cross between a pleco and a whiptail catfish. For proper care, they require a minimum of 30 to 40 gallons with plenty of open floor space, as they spend most of their time resting on or sifting through the substrate. They are generally compatible with peaceful community fish such as Corydoras, Tetras, and Discus, provided they are not housed with overly aggressive species that might nip at their long filaments. Key remarks for their maintenance include providing a very soft sand substrate to accommodate their specialized feeding habits and ensuring high water quality with moderate flow to mimic their native river environments.",6.0 - 8.0,20 – 30 gallons,"5.0-6.0 cm / 2.0-2.4""",Compatible with high-end community fish; they are rare and prefer stable water parameters.,
Ehrhardt's corydoras,Corydoras ehrhardti,,"Ehrhardt's Corydoras is a hardy and attractive species noted for its mottled grey-brown coloration and sturdy build. Their care involves a minimum of 20 gallons and a consistent temperature range of 22–26°C, making them quite adaptable to standard tropical setups. They are highly compatible with other peaceful community dwellers like Platies, Danios, and Rasboras, and they should always be kept in a group of at least six to encourage natural social behavior. Notable remarks for this species include the necessity of a smooth substrate to protect their barbels and a varied diet consisting of sinking wafers and occasional protein treats like frozen brine shrimp.",22-25 degrees Celsius,"Ehrhardt's Corydoras is a hardy and attractive species noted for its mottled grey-brown coloration and sturdy build. Their care involves a minimum of 20 gallons and a consistent temperature range of 22?26?C, making them quite adaptable to standard tropical setups. They are highly compatible with other peaceful community dwellers like Platies, Danios, and Rasboras, and they should always be kept in a group of at least six to encourage natural social behavior. Notable remarks for this species include the necessity of a smooth substrate to protect their barbels and a varied diet consisting of sinking wafers and occasional protein treats like frozen brine shrimp.",6.0 - 8.0,20 – 30 gallons,"6.0-7.5 cm / 2.4-3.0""","Compatible with larger, peaceful Amazonian fish; they grow longer than average Corys.",
Evelyn's cory,Corydoras evelynae,,"Evelyn's Cory is a rarer, highly sought-after species distinguished by its unique ""arched"" pattern and delicate spotting. For successful care, a minimum of 20 gallons is required, ideally in a mature, heavily planted tank that provides plenty of shaded hiding spots to reduce stress. They are perfectly compatible with small, peaceful tank mates like Neon Tetras or Dwarf Guppies but are more sensitive to fluctuating water parameters than common Corys. Important remarks for their upkeep include maintaining pristine water conditions through regular small water changes and providing a diet of high-quality micro-pellets and live baby brine shrimp to support their health.",22-26 degrees Celsius,"Evelyn's Cory is a rarer, highly sought-after species distinguished by its unique ""arched"" pattern and delicate spotting. For successful care, a minimum of 20 gallons is required, ideally in a mature, heavily planted tank that provides plenty of shaded hiding spots to reduce stress. They are perfectly compatible with small, peaceful tank mates like Neon Tetras or Dwarf Guppies but are more sensitive to fluctuating water parameters than common Corys. Important remarks for their upkeep include maintaining pristine water conditions through regular small water changes and providing a diet of high-quality micro-pellets and live baby brine shrimp to support their health.",6.5 - 7.5,20 – 30 gallons,"4.0-5.5 cm / 1.6-2.2""",Compatible with Dwarf Cichlids; they are peaceful and stay out of the Cichlids' territory.,
Loxozonus cory,Corydoras loxozonus,,"The Loxozonus Cory (also known as the Slant-line Cory) is easily identified by the bold black stripe that runs diagonally from its dorsal fin toward its tail. Their care requirements include a minimum of 20 gallons and well-oxygenated water with a moderate current. They are very compatible with other Amazonian fish such as Apistogramma and Tetras, thriving best when kept in a social group that allows them to forage confidently. Key remarks for maintenance include the use of fine sand to protect their delicate mouthparts and the addition of dried leaf litter (like almond leaves) to provide beneficial tannins and a more natural environment.",21-24 degrees Celsius,"The Loxozonus Cory (also known as the Slant-line Cory) is easily identified by the bold black stripe that runs diagonally from its dorsal fin toward its tail. Their care requirements include a minimum of 20 gallons and well-oxygenated water with a moderate current. They are very compatible with other Amazonian fish such as Apistogramma and Tetras, thriving best when kept in a social group that allows them to forage confidently. Key remarks for maintenance include the use of fine sand to protect their delicate mouthparts and the addition of dried leaf litter (like almond leaves) to provide beneficial tannins and a more natural environment.",6.0 - 7.5,20 – 30 gallons,"4.5-6.0 cm / 1.8-2.4""",Compatible with Discus; they are one of the few Corys that thrive in higher temperatures.,
Corydoras nain,Corydoras nanus,,"Corydoras nain is a diminutive and lesser-known species that is often grouped with other ""dwarf"" varieties due to its small adult size. Proper care involves a minimum of 10 to 15 gallons, making them excellent candidates for nano aquariums or smaller planted setups. They are highly compatible with micro-predators such as Endlers or Chili Rasboras and are peaceful toward dwarf shrimp. Notable remarks for this species include their preference for very stable water conditions and a diet of finely crushed sinking foods, as their small mouths require tiny morsels to feed effectively.",21-28 degrees Celsius,"Corydoras nain is a diminutive and lesser-known species that is often grouped with other ""dwarf"" varieties due to its small adult size. Proper care involves a minimum of 10 to 15 gallons, making them excellent candidates for nano aquariums or smaller planted setups. They are highly compatible with micro-predators such as Endlers or Chili Rasboras and are peaceful toward dwarf shrimp. Notable remarks for this species include their preference for very stable water conditions and a diet of finely crushed sinking foods, as their small mouths require tiny morsels to feed effectively.",6.0 - 8.0,10 – 15 gallons,"4.0-5.0 cm / 1.6-2.0""",Compatible with Zebra Danios; they have sharp pectoral spines for defense but are peaceful.,
Long nosed arched cory,Corydoras narcissus,,"The Long Nosed Arched Cory is an elegant, large species distinguished by its elongated snout and a bold black stripe that arches along the top of its back. For proper care, they require at least 30 gallons because they are more active and reach a larger size (about 3 inches) than common corys. They are peaceful and compatible with other community fish like Tetras and Angelfish, though they should be kept in schools of six or more to feel secure. Key remarks for their maintenance include providing a very soft sand substrate to accommodate their long-nosed sifting behavior and ensuring high water quality with frequent changes, as they are more sensitive to nitrates than shorter-nosed species.",22-26 degrees Celsius,"The Long Nosed Arched Cory is an elegant, large species distinguished by its elongated snout and a bold black stripe that arches along the top of its back. For proper care, they require at least 30 gallons because they are more active and reach a larger size (about 3 inches) than common corys. They are peaceful and compatible with other community fish like Tetras and Angelfish, though they should be kept in schools of six or more to feel secure. Key remarks for their maintenance include providing a very soft sand substrate to accommodate their long-nosed sifting behavior and ensuring high water quality with frequent changes, as they are more sensitive to nitrates than shorter-nosed species.",6.0 - 7.0,30 – 40 gallons,"4.5-5.5 cm / 1.8-2.2""",Compatible with White Cloud Mountain Minnows; they are very docile and distinctive.,
Dwarf corydoras,Corydoras hastatus,https://upload.wikimedia.org//wikipedia/commons/f/f4/Corydoras_hastatus.jpg,"The Dwarf Corydoras is a miniature species that uniquely spends more time swimming in the mid-water levels than on the bottom. Their care involves a minimum of 10 gallons, making them perfect for nano-aquariums and heavily planted setups. They are highly compatible with other tiny, peaceful species like Chili Rasboras or small shrimp, but they should never be housed with larger fish that might see them as food. Important remarks for this species include their need for large schools (10+ individuals) to exhibit their natural shoaling behavior and a diet of tiny, high-quality sinking micro-pellets or crushed flakes.",22-26 degrees Celsius,"The Dwarf Corydoras is a miniature species that uniquely spends more time swimming in the mid-water levels than on the bottom. Their care involves a minimum of 10 gallons, making them perfect for nano-aquariums and heavily planted setups. They are highly compatible with other tiny, peaceful species like Chili Rasboras or small shrimp, but they should never be housed with larger fish that might see them as food. Important remarks for this species include their need for large schools (10+ individuals) to exhibit their natural shoaling behavior and a diet of tiny, high-quality sinking micro-pellets or crushed flakes.",6.4 - 7.4,10 – 15 gallons,"2.5-3.5 cm / 1.0-1.4""","Compatible with Fancy Guppies; their long fins make them slower, so avoid nippy tankmates.",https://en.wikipedia.org//wiki/Corydoras_hastatus
Elegant corydoras,Corydoras elegans,https://upload.wikimedia.org//wikipedia/commons/f/f3/Corydoras_elegans.jpg,"The Elegant Corydoras is known for its slender, torpedo-shaped body and attractive ""scribbled"" pattern that varies between males and females. Proper care requires a minimum of 20 gallons with plenty of open swimming space, as they are more active mid-water swimmers compared to other ""Shield Skin"" catfish. They are perfectly compatible with peaceful community tank mates such as Guppies, Mollies, and small Tetras. Notable remarks for their upkeep include their preference for slightly dimmer lighting and plenty of live plants to mimic their natural habitat, which encourages them to swim confidently in the open.",22-26 degrees Celsius,"The Elegant Corydoras is known for its slender, torpedo-shaped body and attractive ""scribbled"" pattern that varies between males and females. Proper care requires a minimum of 20 gallons with plenty of open swimming space, as they are more active mid-water swimmers compared to other ""Shield Skin"" catfish. They are perfectly compatible with peaceful community tank mates such as Guppies, Mollies, and small Tetras. Notable remarks for their upkeep include their preference for slightly dimmer lighting and plenty of live plants to mimic their natural habitat, which encourages them to swim confidently in the open.",6.0 - 8.0,20 – 30 gallons,"6.0-7.5 cm / 2.4-3.0""",Compatible with peaceful bottom-dwellers like Kuhli Loaches; they share space well.,https://en.wikipedia.org//wiki/Corydoras_elegans
False network catfish,Corydoras sodalis,,"The False Network Catfish is often confused with the Reticulated Corydoras due to its intricate, maze-like black patterns across a silver body. For successful care, a minimum of 20 gallons is needed, ideally with a social group of at least six fish. They are compatible with most peaceful tropical fish and thrive in well-established aquariums with stable parameters. Key remarks include the necessity of a smooth sand substrate to protect their barbels and a varied diet of sinking wafers supplemented with frozen daphnia or brine shrimp to keep their immune systems strong.",22-26 degrees Celsius,"The False Network Catfish is often confused with the Reticulated Corydoras due to its intricate, maze-like black patterns across a silver body. For successful care, a minimum of 20 gallons is needed, ideally with a social group of at least six fish. They are compatible with most peaceful tropical fish and thrive in well-established aquariums with stable parameters. Key remarks include the necessity of a smooth sand substrate to protect their barbels and a varied diet of sinking wafers supplemented with frozen daphnia or brine shrimp to keep their immune systems strong.",6.0 - 8.0,20 – 30 gallons,"2.0-3.0 cm / 0.8-1.2""","Compatible with Neon Tetras; they are small and very social, needing a group to feel safe.",https://en.wikipedia.org//wiki/Corydoras_sodalis
False spotted catfish,Corydoras leucomelas,https://upload.wikimedia.org//wikipedia/commons/3/37/Corydoras_leucomelas.jpg,"The False Spotted Catfish is a charming, small species recognized by its peppered black spots and a distinct black band running through its eye. Their care requirements include a minimum of 15 to 20 gallons and a temperature range of 22–26°C. They are highly compatible with other community dwellers and are particularly popular for smaller tanks due to their hardy nature and small adult size. Important remarks include providing plenty of hiding spots like driftwood or caves and ensuring they have access to oxygen-rich water, as they enjoy foraging in areas with a gentle current.",22-26 degrees Celsius,"The False Spotted Catfish is a charming, small species recognized by its peppered black spots and a distinct black band running through its eye. Their care requirements include a minimum of 15 to 20 gallons and a temperature range of 22?26?C. They are highly compatible with other community dwellers and are particularly popular for smaller tanks due to their hardy nature and small adult size. Important remarks include providing plenty of hiding spots like driftwood or caves and ensuring they have access to oxygen-rich water, as they enjoy foraging in areas with a gentle current.",6.0 - 8.0,20 – 30 gallons,"4.5-6.0 cm / 1.8-2.4""",Compatible with Molly fish; they are hardier than true Julii Corys.,https://en.wikipedia.org//wiki/Corydoras_leucomelas
Gold laser cory,Corydoras melanotaenia,https://upload.wikimedia.org//wikipedia/commons/7/71/Corydoras_sp._CW010.jpg,"The Gold Laser Cory is a stunning, highly sought-after species famous for the brilliant, neon-gold ""laser"" stripe that glows along its back. For proper care, they require a minimum of 20 gallons and are slightly more sensitive to water quality than common varieties, necessitating consistent maintenance. They are compatible with other peaceful Amazonian fish like Cardinal Tetras and Apistogramma, especially in ""blackwater"" setups where their gold stripe truly pops. Key remarks include providing a soft sand substrate and plenty of leaf litter to mimic their natural habitat, which helps maintain their intense coloration.",22-26 degrees Celsius,"The Gold Laser Cory is a stunning, highly sought-after species famous for the brilliant, neon-gold ""laser"" stripe that glows along its back. For proper care, they require a minimum of 20 gallons and are slightly more sensitive to water quality than common varieties, necessitating consistent maintenance. They are compatible with other peaceful Amazonian fish like Cardinal Tetras and Apistogramma, especially in ""blackwater"" setups where their gold stripe truly pops. Key remarks include providing a soft sand substrate and plenty of leaf litter to mimic their natural habitat, which helps maintain their intense coloration.",6.0 - 7.5,20 – 30 gallons,"4.5-5.5 cm / 1.8-2.2""",Compatible with Congo Tetras; they have beautiful spotting and are non-aggressive.,https://en.wikipedia.org//wiki/Corydoras_melanotaenia
Guapore corydoras,Corydoras guapore,,"The Guapore Corydoras is a unique, active species characterized by a distinct black blotch on the tail base and a more rounded, ""hovering"" swimming style. Their care involves at least 20 gallons with extra vertical space, as they swim in the mid-water more often than most bottom-dwelling catfish. They are highly compatible with peaceful community tank mates and should be kept in large schools to see their mesmerizing group-swimming behavior. Important remarks include ensuring high oxygen levels and a moderate current to reflect their native fast-flowing river homes.",22-28 degrees Celsius,"The Guapore Corydoras is a unique, active species characterized by a distinct black blotch on the tail base and a more rounded, ""hovering"" swimming style. Their care involves at least 20 gallons with extra vertical space, as they swim in the mid-water more often than most bottom-dwelling catfish. They are highly compatible with peaceful community tank mates and should be kept in large schools to see their mesmerizing group-swimming behavior. Important remarks include ensuring high oxygen levels and a moderate current to reflect their native fast-flowing river homes.",6.0 - 8.0,20 – 30 gallons,"4.5-6.0 cm / 1.8-2.4""",Compatible with Cherry Barbs; they enjoy foraging in sandy substrates all day.,https://en.wikipedia.org//wiki/Corydoras_guapore
"Mosaic corydoras, reticulated corydoras",Corydoras haraldschultzi,https://upload.wikimedia.org//wikipedia/commons/8/85/Corydoras_haraldschultzi_aquarium.jpg,"The Harald Schultz's Corydoras is a striking species often confused with Corydoras sterbai, but it is distinguished by its ""inverted"" pattern of dark spots on a light background. For proper care, they require a minimum of 20 to 30 gallons and are known to be slightly more sensitive to water chemistry than common species. They are highly compatible with peaceful community fish like Angelfish, Tetras, and Discus, as they can tolerate the warmer water temperatures often required by these tank mates. Key remarks for their maintenance include providing a soft sand substrate to prevent barbel erosion and ensuring a high-protein diet of sinking pellets and frozen worms to maintain their intricate markings.",22-27 degrees Celsius,"The Harald Schultz's Corydoras is a striking species often confused with Corydoras sterbai, but it is distinguished by its ""inverted"" pattern of dark spots on a light background. For proper care, they require a minimum of 20 to 30 gallons and are known to be slightly more sensitive to water chemistry than common species. They are highly compatible with peaceful community fish like Angelfish, Tetras, and Discus, as they can tolerate the warmer water temperatures often required by these tank mates. Key remarks for their maintenance include providing a soft sand substrate to prevent barbel erosion and ensuring a high-protein diet of sinking pellets and frozen worms to maintain their intricate markings.",6.0 - 8.0,20 – 30 gallons,"5.5-7.5 cm / 2.2-3.0""",Compatible with Honey Gouramis; they are very peaceful and stay strictly at the bottom.,
"Mosaic corydoras, reticulated corydoras",Corydoras reticulatus,,"The Mosaic Corydoras (also known as the Reticulated Corydoras) is prized for the intricate, net-like black pattern covering its entire body and a bold black spot on its dorsal fin. Proper care requires a minimum of 20 gallons and a social group of six or more to ensure they remain bold and active during the day. They are excellently compatible with standard community fish such as Platies, Danios, and Gouramis. Notable remarks for their upkeep include the necessity of a smooth substrate to protect their barbels and a diet of high-quality sinking wafers supplemented with frozen bloodworms.",22-27 degrees Celsius,"The Mosaic Corydoras (also known as the Reticulated Corydoras) is prized for the intricate, net-like black pattern covering its entire body and a bold black spot on its dorsal fin. Proper care requires a minimum of 20 gallons and a social group of six or more to ensure they remain bold and active during the day. They are excellently compatible with standard community fish such as Platies, Danios, and Gouramis. Notable remarks for their upkeep include the necessity of a smooth substrate to protect their barbels and a diet of high-quality sinking wafers supplemented with frozen bloodworms.",6.0 - 8.0,20 – 30 gallons,"4.0-5.0 cm / 1.6-2.0""","Compatible with Ember Tetras; they are sensitive to high nitrates, so keep tankmates ""light.""",
Panda corydoras,Corydoras panda,https://upload.wikimedia.org//wikipedia/commons/9/97/Corydoras_panda_01.jpg,"The Panda Corydoras is a fan-favorite species easily identified by its cream-colored body and black patches over the eyes and tail, resembling a giant panda. Their care involves a minimum of 20 gallons, and they prefer slightly cooler, well-oxygenated water compared to other tropical species. They are compatible with a wide range of small, peaceful fish and are particularly charming in heavily planted aquariums. Essential remarks include their sensitivity to sudden changes in water chemistry and the requirement for a varied diet to keep them healthy and active.",22-28 degrees Celsius,"The Panda Corydoras is a fan-favorite species easily identified by its cream-colored body and black patches over the eyes and tail, resembling a giant panda. Their care involves a minimum of 20 gallons, and they prefer slightly cooler, well-oxygenated water compared to other tropical species. They are compatible with a wide range of small, peaceful fish and are particularly charming in heavily planted aquariums. Essential remarks include their sensitivity to sudden changes in water chemistry and the requirement for a varied diet to keep them healthy and active.","6.0-8.0
",20 – 30 gallons,"5.5-6.5 cm / 2.2-2.6""",Compatible with Pencilfish; they are shy and appreciate dimmed lighting or floating plants.,
Pastaza corydoras,Corydoras pastazensis,,"The Pastaza Corydoras is a larger, long-nosed species featuring a beautiful spotted pattern and a more robust body shape. For successful care, they need at least 30 gallons to accommodate their larger adult size and active foraging needs. They are compatible with medium-sized community fish and thrive in setups with plenty of driftwood and caves. Key remarks include their specialized ""long-nose"" sifting behavior, which requires fine sand, and their preference for pristine water conditions with low nitrate levels.",22-28 degrees Celsius,"The Pastaza Corydoras is a larger, long-nosed species featuring a beautiful spotted pattern and a more robust body shape. For successful care, they need at least 30 gallons to accommodate their larger adult size and active foraging needs. They are compatible with medium-sized community fish and thrive in setups with plenty of driftwood and caves. Key remarks include their specialized ""long-nose"" sifting behavior, which requires fine sand, and their preference for pristine water conditions with low nitrate levels.",6.0 - 7.5,30 – 40 gallons,"5.5-6.5 cm / 2.2-2.6""","Compatible with Celestial Pearl Danios; they are small, peaceful, and very active.",https://en.wikipedia.org//wiki/Corydoras_pastazensis
"Peppered corydoras, salt and pepper catfish",Corydoras paleatus,https://upload.wikimedia.org//wikipedia/commons/6/69/Corydoras_paleatus_by_NiKo.jpg,"The Peppered Corydoras is one of the most reliable and classic species in the hobby, featuring a mottled olive-green and black pattern with a metallic sheen. For proper care, they require a minimum of 20 gallons and are unique because they prefer slightly cooler water (18–24°C) than many other tropical fish. They are highly compatible with other subtropical fish like White Cloud Mountain Minnows, Rosy Barbs, and Zebra Danios. Key remarks include their hardiness and suitability for beginners, though they still require a soft sand substrate to protect their barbels and a varied diet of sinking pellets.",15-25 degrees Celsius,"The Peppered Corydoras is one of the most reliable and classic species in the hobby, featuring a mottled olive-green and black pattern with a metallic sheen. For proper care, they require a minimum of 20 gallons and are unique because they prefer slightly cooler water (18?24?C) than many other tropical fish. They are highly compatible with other subtropical fish like White Cloud Mountain Minnows, Rosy Barbs, and Zebra Danios. Key remarks include their hardiness and suitability for beginners, though they still require a soft sand substrate to protect their barbels and a varied diet of sinking pellets.",6.0 - 7.5,20 – 30 gallons,"4.0-5.5 cm / 1.6-2.2""","Compatible with almost all small community fish; keep them in a well-established, cycled tank.",
Pink corydoras,Corydoras axelrodi,,"The Pink Corydoras is a subtle yet beautiful species known for its warm, pinkish-tan body color and a dark horizontal stripe that runs along its flank. Their care involves a minimum of 20 gallons with stable, clean water and plenty of shaded areas provided by plants or driftwood. They are perfectly compatible with small, peaceful community tank mates such as Tetras, Rasboras, and Dwarf Cichlids. Notable remarks for their upkeep include their preference for soft, slightly acidic water and the necessity of keeping them in a school of at least six to ensure they stay active and healthy.",22-26 degrees Celsius,"The Pink Corydoras is a subtle yet beautiful species known for its warm, pinkish-tan body color and a dark horizontal stripe that runs along its flank. Their care involves a minimum of 20 gallons with stable, clean water and plenty of shaded areas provided by plants or driftwood. They are perfectly compatible with small, peaceful community tank mates such as Tetras, Rasboras, and Dwarf Cichlids. Notable remarks for their upkeep include their preference for soft, slightly acidic water and the necessity of keeping them in a school of at least six to ensure they stay active and healthy.",6.0 - 8.0,20 – 30 gallons,"6.0-7.5 cm / 2.4-3.0""","Compatible with peaceful snails; avoid any ""nippy"" fish like Serpae Tetras due to long fins.",https://en.wikipedia.org//wiki/Corydoras_axelrodi
Pygmy corydoras,Corydoras pygmaeus,https://upload.wikimedia.org//wikipedia/commons/5/5e/Corydoras_pygmaeus5333.jpg,"The Pygmy Corydoras is a true ""micro"" catfish that behaves more like a schooling tetra, often swimming in the mid-water levels rather than staying strictly on the bottom. Their care is ideal for nano-tanks, requiring a minimum of only 10 gallons with very gentle filtration. They are highly compatible with other tiny species like Ember Tetras, Chili Rasboras, and Ornamental Shrimp, but they must never be housed with large or aggressive fish. Important remarks include their need for large groups (8–10+) to feel safe and a diet of tiny foods like crushed flakes, baby brine shrimp, or micro-pellets.",22-26 degrees Celsius,"The Pygmy Corydoras is a true ""micro"" catfish that behaves more like a schooling tetra, often swimming in the mid-water levels rather than staying strictly on the bottom. Their care is ideal for nano-tanks, requiring a minimum of only 10 gallons with very gentle filtration. They are highly compatible with other tiny species like Ember Tetras, Chili Rasboras, and Ornamental Shrimp, but they must never be housed with large or aggressive fish. Important remarks include their need for large groups (8?10+) to feel safe and a diet of tiny foods like crushed flakes, baby brine shrimp, or micro-pellets.",6.0 - 7.0,10 – 15 gallons,"6.0-7.5 cm / 2.4-3.0""",Compatible with Cardinal Tetras; they look similar to Adolfoi and are very peaceful.,https://en.wikipedia.org//wiki/Corydoras_pygmaeus
Sailfin corydoras,Scleromystax macropterus,,"The Sailfin Corydoras is an impressive species recognized by its exceptionally tall, pointed dorsal fin that stands out like a sail. Proper care requires at least 20 to 30 gallons to accommodate their active nature and distinct finnage, which can be sensitive to poor water conditions. They are compatible with most peaceful South American community fish and appreciate a tank with plenty of open swimming room. Key remarks include their need for high oxygenation and a very smooth substrate to prevent any damage to their elaborate fins or barbels while they forage.",22-26 degrees Celsius,"The Sailfin Corydoras is an impressive species recognized by its exceptionally tall, pointed dorsal fin that stands out like a sail. Proper care requires at least 20 to 30 gallons to accommodate their active nature and distinct finnage, which can be sensitive to poor water conditions. They are compatible with most peaceful South American community fish and appreciate a tank with plenty of open swimming room. Key remarks include their need for high oxygenation and a very smooth substrate to prevent any damage to their elaborate fins or barbels while they forage.",6.4 - 7.5,20 – 30 gallons,"4.5-6.0 cm / 1.8-2.4""","Compatible with wild-type Bettas or peaceful Cichlids; they prefer soft, slightly acidic water.",https://en.wikipedia.org//wiki/Scleromystax_macropterus
Salt and pepper catfish/corydoras,Corydoras habrosus,https://upload.wikimedia.org//wikipedia/commons/3/3e/Corydoras_habrosus.png,"Not to be confused with the larger Peppered Cory, the Salt and Pepper Cory (C. habrosus) is a ""miniature"" species that stays strictly on the substrate. For successful care, a minimum of 10 to 15 gallons is sufficient, making them a favorite for small planted aquariums. They are compatible with other nano-fish and are exceptionally peaceful, spending their day tirelessly sifting through the sand. Essential remarks include their requirement for fine sand (as they are small and delicate) and their preference for a mature tank with some natural algae and biofilm to supplement their diet of sinking micro-wafers.",21-25 degrees Celsius,"Not to be confused with the larger Peppered Cory, the Salt and Pepper Cory (C. habrosus) is a ""miniature"" species that stays strictly on the substrate. For successful care, a minimum of 10 to 15 gallons is sufficient, making them a favorite for small planted aquariums. They are compatible with other nano-fish and are exceptionally peaceful, spending their day tirelessly sifting through the sand. Essential remarks include their requirement for fine sand (as they are small and delicate) and their preference for a mature tank with some natural algae and biofilm to supplement their diet of sinking micro-wafers.",6.0 - 7.5,10 – 15 gallons,"2.0-3.2 cm / 0.8-1.3""",Compatible with various Tetra species; they often school alongside other Cory species.,https://en.wikipedia.org//wiki/Corydoras_habrosus
Schwartz's catfish,Corydoras schwartzi,https://upload.wikimedia.org//wikipedia/commons/2/23/Corydoras_schwartzi.jpg,"Schwartz's Catfish is a popular and hardy species known for its bold, horizontal black stripes and a cream-colored body. For proper care, they require a minimum of 20 gallons and a group of at least six individuals to feel secure. They are highly compatible with peaceful community fish like Tetras and Rasboras and are often chosen for their active personality. Key remarks for their upkeep include the necessity of a soft sand substrate to protect their sensitive barbels and a varied diet of sinking pellets and frozen treats to maintain their health.",22-26 degrees Celsius,"Schwartz's Catfish is a popular and hardy species known for its bold, horizontal black stripes and a cream-colored body. For proper care, they require a minimum of 20 gallons and a group of at least six individuals to feel secure. They are highly compatible with peaceful community fish like Tetras and Rasboras and are often chosen for their active personality. Key remarks for their upkeep include the necessity of a soft sand substrate to protect their sensitive barbels and a varied diet of sinking pellets and frozen treats to maintain their health.",6.0 - 7.5,20 – 30 gallons,"5.0-6.5 cm / 2.0-2.6""",Compatible with peaceful community tanks; they have a striking black stripe and are very docile.,https://en.wikipedia.org//wiki/Corydoras_schwartzi
"Spotted corydoras, longnose corydoras",Corydoras ambiacus,,"Sterba's Corydoras is one of the most decorative species, prized for its orange pectoral fins and white-on-black spotted pattern. Proper care requires a minimum of 20 gallons, and they are uniquely suited for warmer setups (up to 28°C), making them the perfect companion for Discus. They are excellently compatible with a wide range of tropical fish and are generally very active during the day. Essential remarks include providing plenty of hiding spots and maintaining high oxygen levels, especially in warmer water where oxygen is naturally lower.",22-26 degrees Celsius,"Sterba's Corydoras is one of the most decorative species, prized for its orange pectoral fins and white-on-black spotted pattern. Proper care requires a minimum of 20 gallons, and they are uniquely suited for warmer setups (up to 28?C), making them the perfect companion for Discus. They are excellently compatible with a wide range of tropical fish and are generally very active during the day. Essential remarks include providing plenty of hiding spots and maintaining high oxygen levels, especially in warmer water where oxygen is naturally lower.",6.0 - 7.5,30 – 40 gallons,"2.5-3.0 cm / 1.0-1.2""",Compatible with almost any freshwater fish; they are arguably the hardiest fish on this list.,https://en.wikipedia.org//wiki/Corydoras_ambiacus
Sterba's corydoras,Corydoras sterbai,https://upload.wikimedia.org//wikipedia/commons/d/df/Corydoras_sterbai.jpg,"Sychr's Catfish is a rarer, silver-bodied species distinguished by a prominent black ""mask"" over the eyes and light peppering across the body. For successful care, they need at least 20 gallons and very stable water parameters, as they can be more sensitive to fluctuations than common corys. They are highly compatible with other peaceful Amazonian species and thrive in mature, well-planted aquariums. Important remarks include the use of smooth sand and a diet that includes high-quality sinking wafers supplemented with live or frozen daphnia.",24-28 degrees Celsius,"Sychr's Catfish is a rarer, silver-bodied species distinguished by a prominent black ""mask"" over the eyes and light peppering across the body. For successful care, they need at least 20 gallons and very stable water parameters, as they can be more sensitive to fluctuations than common corys. They are highly compatible with other peaceful Amazonian species and thrive in mature, well-planted aquariums. Important remarks include the use of smooth sand and a diet that includes high-quality sinking wafers supplemented with live or frozen daphnia.",6.0 - 7.5,20 – 30 gallons,"5.0-6.5 cm / 2.0-2.6""",Compatible with fancy Goldfish; they prefer cooler water than most other tropical catfish.,https://en.wikipedia.org//wiki/Corydoras_sterbai
Sychr's catfish,Corydoras sychri,,"The Tailspot Corydoras is easily identified by the large, round black spot located right at the base of its tail fin. Their care involves a minimum of 20 gallons with plenty of open swimming space along the bottom. They are compatible with most small community fish and are known for being particularly peaceful and social within their own kind. Key remarks for their maintenance include ensuring the substrate is kept very clean to prevent barbel infections and providing a varied diet of sinking catfish food and brine shrimp.",22-26 degrees Celsius,"The Tailspot Corydoras is easily identified by the large, round black spot located right at the base of its tail fin. Their care involves a minimum of 20 gallons with plenty of open swimming space along the bottom. They are compatible with most small community fish and are known for being particularly peaceful and social within their own kind. Key remarks for their maintenance include ensuring the substrate is kept very clean to prevent barbel infections and providing a varied diet of sinking catfish food and brine shrimp.",6.0 - 7.6,20 – 30 gallons,"5.5-7.0 cm / 2.2-2.8""",Compatible with Rosy Barbs; their lack of pigment makes them easy targets for nipping fish.,https://en.wikipedia.org//wiki/Corydoras_sychri
Tailspot corydoras,Corydoras caudimaculatus,,"The Threestripe Corydoras is frequently sold as the ""Julii Cory,"" but it is distinguished by the connected, maze-like patterns on its head rather than isolated spots. For proper care, they require a minimum of 20 gallons and are among the hardier species for community tanks. They are highly compatible with small, peaceful fish like Tetras and Guppies and should be kept in schools of six or more. Important remarks for their maintenance include providing a soft sand substrate to protect their barbels and a diet of high-quality sinking wafers and frozen bloodworms.",22-26 degrees Celsius,"The Threestripe Corydoras is frequently sold as the ""Julii Cory,"" but it is distinguished by the connected, maze-like patterns on its head rather than isolated spots. For proper care, they require a minimum of 20 gallons and are among the hardier species for community tanks. They are highly compatible with small, peaceful fish like Tetras and Guppies and should be kept in schools of six or more. Important remarks for their maintenance include providing a soft sand substrate to protect their barbels and a diet of high-quality sinking wafers and frozen bloodworms.",6.0 - 7.5,20 – 30 gallons,"6.0-7.0 cm / 2.4-2.8""",Compatible with Glowlight Tetras; they have a unique deep red/orange coloration.,https://en.wikipedia.org//wiki/Corydoras_caudimaculatus
"Threestripe corydoras, leopard catfish, false julii cory",Corydoras trilineatus,https://upload.wikimedia.org//wikipedia/commons/2/26/Corydoras_trilineatus3.jpg,"The Threestripe Corydoras (also known as the Leopard Catfish or False Julii) is frequently confused with the true Julii Corydoras, but it is typically identified by the maze-like, interconnected patterns on its head. For proper care, they require a minimum of 20 gallons to support their social, schooling nature. They are highly compatible with small, peaceful community fish like Tetras and Guppies and should be kept in groups of at least six to prevent stress. Important remarks for their maintenance include the necessity of a soft sand substrate to protect their sensitive barbels from damage and a varied diet of high-quality sinking wafers and frozen treats like bloodworms.",22-26 degrees Celsius,"The Threestripe Corydoras (also known as the Leopard Catfish or False Julii) is frequently confused with the true Julii Corydoras, but it is typically identified by the maze-like, interconnected patterns on its head. For proper care, they require a minimum of 20 gallons to support their social, schooling nature. They are highly compatible with small, peaceful community fish like Tetras and Guppies and should be kept in groups of at least six to prevent stress. Important remarks for their maintenance include the necessity of a soft sand substrate to protect their sensitive barbels from damage and a varied diet of high-quality sinking wafers and frozen treats like bloodworms.",6.0 - 7.5,20 – 30 gallons,"5.5-6.5 cm / 2.2-2.6""",Compatible with Neon Dwarf Gouramis; their dark color contrasts well with bright tankmates.,https://en.wikipedia.org//wiki/Corydoras_trilineatus
Xingu corydoras,Corydoras xinguensis,,"The Xingu Corydoras is a charming, small species from the Xingu River basin, known for its fine spotting and light-colored body. Their care involves at least 20 gallons with well-oxygenated water and a moderate current to mimic their native river home. They are perfectly compatible with other Amazonian species like Apistogrammas and small Characins. Notable remarks for this species include their preference for pristine water conditions and the necessity of using fine sand to accommodate their constant sifting for food.",22-26 degrees Celsius,"The Xingu Corydoras is a charming, small species from the Xingu River basin, known for its fine spotting and light-colored body. Their care involves at least 20 gallons with well-oxygenated water and a moderate current to mimic their native river home. They are perfectly compatible with other Amazonian species like Apistogrammas and small Characins. Notable remarks for this species include their preference for pristine water conditions and the necessity of using fine sand to accommodate their constant sifting for food.",6.0 - 8.0,20 – 30 gallons,"4.0-5.5 cm / 1.6-2.2""",Compatible with peaceful shrimp and Nano fish; they often swim in the middle of the water column.,https://en.wikipedia.org//wiki/Corydoras_xinguensis
Julii corydoras,Corydoras julii,https://upload.wikimedia.org//wikipedia/commons/e/e0/Corydoras_julii.jpg,"The true Julii Corydoras is a rare find in the aquarium hobby, often distinguished from similar species by the fine, distinct black spots on its head that remain separate rather than joining into a maze-like pattern. Proper care requires a minimum of 20 gallons and a very stable environment, as they can be slightly more sensitive to water parameter fluctuations than their ""False Julii"" relatives. They are excellently compatible with peaceful community fish and thrive best in heavily planted aquariums where they have plenty of shaded areas to explore. Key remarks for their upkeep include their requirement for high water quality and a varied diet of sinking pellets and live brine shrimp to support their long-term health and vitality.",22-25 degrees Celsius,"The true Julii Corydoras is a rare find in the aquarium hobby, often distinguished from similar species by the fine, distinct black spots on its head that remain separate rather than joining into a maze-like pattern. Proper care requires a minimum of 20 gallons and a very stable environment, as they can be slightly more sensitive to water parameter fluctuations than their ""False Julii"" relatives. They are excellently compatible with peaceful community fish and thrive best in heavily planted aquariums where they have plenty of shaded areas to explore. Key remarks for their upkeep include their requirement for high water quality and a varied diet of sinking pellets and live brine shrimp to support their long-term health and vitality.",6.0 - 7.5,20 – 30 gallons,"4.5-6.0 cm / 1.8-2.4""",Compatible with Thai Micro Crabs; they are tiny and should never be kept with large fish.,
"Flagtail catfish
","Dianema urostriatum
",https://upload.wikimedia.org//wikipedia/commons/f/fa/Dianema_urostriata.JPG,"The Flagtail Catfish (often referring to the Flagtail Corydoras or Corydoras robineae) is a visually striking species known for the horizontal black and white stripes on its tail that resemble a flag. For proper care, they require a minimum of 20 to 30 gallons, as they are slightly larger and more active than many other cory species. They are highly compatible with peaceful community fish and should be kept in a social group of at least six to encourage their natural shoaling behavior. Key remarks for their maintenance include providing a soft sand substrate to protect their sensitive barbels and ensuring a diet rich in sinking pellets and frozen foods like brine shrimp to maintain their unique tail pattern and health.",24-28 degrees Celsius,"The Flagtail Catfish (often referring to the Flagtail Corydoras or Corydoras robineae) is a visually striking species known for the horizontal black and white stripes on its tail that resemble a flag. For proper care, they require a minimum of 20 to 30 gallons, as they are slightly larger and more active than many other cory species. They are highly compatible with peaceful community fish and should be kept in a social group of at least six to encourage their natural shoaling behavior. Key remarks for their maintenance include providing a soft sand substrate to protect their sensitive barbels and ensuring a diet rich in sinking pellets and frozen foods like brine shrimp to maintain their unique tail pattern and health.","6.0-8.0
",30 – 40 gallons,"3.5-5.0 cm / 1.4-2.0""",Compatible with most community fish; they are excellent algae eaters and very peaceful.,https://en.wikipedia.org//wiki/Dianema_urostriatum
"Bristlenose pleco, bushynose pleco",Ancistrus sp.,https://upload.wikimedia.org//wikipedia/commons/8/8d/Bristlenose_Catfish_700.jpg,"The bristlenose genus has at least 59 identified species and many others yet to be named. Males and female both have long ""bristles"" on their nose, the males having distinctly longer ones. The Bristlenose Pleco is one of the most popular algae eaters, famous for the fleshy tentacles that grow on the snouts of mature males. For successful care, they require a minimum of 30 gallons and plenty of hiding places. They are compatible with most community fish, though they can be territorial with other plecos over preferred caves. Important remarks include the mandatory addition of driftwood in the tank, which they graze on for essential fiber, and a diet primarily consisting of algae wafers and fresh vegetables like zucchini.",22-30 degrees Celsius,"The bristlenose genus has at least 59 identified species and many others yet to be named. Males and female both have long ""bristles"" on their nose, the males having distinctly longer ones. The Bristlenose Pleco is one of the most popular algae eaters, famous for the fleshy tentacles that grow on the snouts of mature males. For successful care, they require a minimum of 30 gallons and plenty of hiding places. They are compatible with most community fish, though they can be territorial with other plecos over preferred caves. Important remarks include the mandatory addition of driftwood in the tank, which they graze on for essential fiber, and a diet primarily consisting of algae wafers and fresh vegetables like zucchini.",6.5 - 7.5,25 – 40 gallons,"4.5-5.5 cm / 1.8-2.2""",Compatible with Tetras and Guppies; provide driftwood for them to graze on and hide in.,
Gold nugget pleco,Baryancistrus sp.,https://upload.wikimedia.org//wikipedia/commons/c/c5/Baryancistrus-L018.jpg,"The Gold Nugget Pleco is a breathtaking species recognized by its dark body covered in bright yellow spots and a yellow seam on the edges of its fins. Proper care requires a minimum of 55 gallons, as they need high oxygen levels and very clean, fast-moving water. They are compatible with medium-sized community fish but can be quite territorial toward other bottom-dwellers as they mature. Essential remarks for their upkeep include their requirement for a diet high in both biofilm and specialized sinking pellets, as well as a temperature range on the warmer side (25–29°C).",25-30 degrees Celsius,"The Gold Nugget Pleco is a breathtaking species recognized by its dark body covered in bright yellow spots and a yellow seam on the edges of its fins. Proper care requires a minimum of 55 gallons, as they need high oxygen levels and very clean, fast-moving water. They are compatible with medium-sized community fish but can be quite territorial toward other bottom-dwellers as they mature. Essential remarks for their upkeep include their requirement for a diet high in both biofilm and specialized sinking pellets, as well as a temperature range on the warmer side (25?29?C).",6.5 - 7.5,50 – 75 gallons,"10.0-15.0 cm / 3.9-5.9""","Semi-territorial; compatible with mid-water fish like Discus, but may chase other bottom-dwellers away from food.",
Whiptail catfish,Rineloricaria sp.,https://upload.wikimedia.org//wikipedia/commons/4/4f/Viola_%28Rineloricaria_longicauda%29_2.jpg,"The Whiptail Catfish is a slender, armored freshwater fish from South America known for its unique, stick-like appearance and long, whip-like tail. These peaceful bottom-dwellers are highly regarded in the aquarium hobby for their docile nature, making them excellent companions for small, non-aggressive species like tetras and Corydoras. They thrive in well-oxygenated, slightly acidic to neutral water (pH 6.0–7.5) with a soft, sandy substrate that mimics their natural riverbed habitats. As omnivores, they primarily graze on biofilm and algae but should be supplemented with sinking pellets, algae wafers, and blanched vegetables like zucchini or spinach to ensure proper nutrition. Many species, such as the popular Red Lizard Whiptail, are cave spawners where the male takes on the role of guarding and fanning the eggs until they hatch. ",24-28 degrees celsius,"The Whiptail Catfish is a slender, armored freshwater fish from South America known for its unique, stick-like appearance and long, whip-like tail. These peaceful bottom-dwellers are highly regarded in the aquarium hobby for their docile nature, making them excellent companions for small, non-aggressive species like tetras and Corydoras. They thrive in well-oxygenated, slightly acidic to neutral water (pH 6.0?7.5) with a soft, sandy substrate that mimics their natural riverbed habitats. As omnivores, they primarily graze on biofilm and algae but should be supplemented with sinking pellets, algae wafers, and blanched vegetables like zucchini or spinach to ensure proper nutrition. Many species, such as the popular Red Lizard Whiptail, are cave spawners where the male takes on the role of guarding and fanning the eggs until they hatch.",6.0 - 8.0,30 – 55 gallons,"10.0-20.0 cm / 3.9-7.9""",Compatible with slow-moving fish like Discus or Tetras; they are very peaceful and delicate eaters.,
Twig catfish,Farlowella sp.,https://upload.wikimedia.org//wikipedia/commons/7/7c/Farlowella_arcus_3.jpg,"The Twig Catfish is a master of camouflage, featuring an incredibly slender, stick-like body and a long, pointed snout that allows it to blend perfectly with driftwood and branches. For proper care, they require a minimum of 30 gallons and pristine water quality with a consistent flow, as they are sensitive to nitrate buildup. They are peaceful and compatible with small, calm community fish like Rasboras or Tetras, but they should not be kept with boisterous or aggressive species that might outcompete them for food. Key remarks include their specialized diet of algae and biofilm; you must supplement their grazing with high-quality algae wafers and fresh vegetables like zucchini.",24-28 degrees celsius,"The Twig Catfish is a master of camouflage, featuring an incredibly slender, stick-like body and a long, pointed snout that allows it to blend perfectly with driftwood and branches. For proper care, they require a minimum of 30 gallons and pristine water quality with a consistent flow, as they are sensitive to nitrate buildup. They are peaceful and compatible with small, calm community fish like Rasboras or Tetras, but they should not be kept with boisterous or aggressive species that might outcompete them for food. Key remarks include their specialized diet of algae and biofilm; you must supplement their grazing with high-quality algae wafers and fresh vegetables like zucchini.",6.0 - 7.5,30 – 55 gallons,"15.0-20.0 cm / 5.9-7.9""",Compatible with calm community fish; they require driftwood for camouflage and are very non-aggressive.,
Panaque,Panaque sp.,https://upload.wikimedia.org//wikipedia/commons/9/94/Panaque.JPG,"The Panaque is a genus of heavy-bodied armored plecos known for their spoon-shaped teeth and striking patterns, such as the bold stripes of the Royal Pleco. Because they can grow quite large (up to 15+ inches depending on the species), they require a minimum of 55 to 100 gallons with heavy-duty filtration to handle their waste. They are compatible with larger community fish but can be territorial toward other bottom-dwellers. A vital remark for their care is that driftwood is mandatory; these fish are xylivores and require the cellulose from wood to aid in their digestion.",22-30 degrees celsius,"The Panaque is a genus of heavy-bodied armored plecos known for their spoon-shaped teeth and striking patterns, such as the bold stripes of the Royal Pleco. Because they can grow quite large (up to 15+ inches depending on the species), they require a minimum of 55 to 100 gallons with heavy-duty filtration to handle their waste. They are compatible with larger community fish but can be territorial toward other bottom-dwellers. A vital remark for their care is that driftwood is mandatory; these fish are xylivores and require the cellulose from wood to aid in their digestion.",6.5 - 7.5,20 – 40 gallons,"30.0-50.0 cm / 11.8-19.7""",Compatible with larger community fish; they need plenty of wood to chew on and can be territorial with other wood-eaters.,
"Pineapple pleco, orange cheek pleco",Pseudorinelepis sp.,https://upload.wikimedia.org//wikipedia/commons/7/78/Pineapplepleco.JPG,"The Pineapple Pleco is a spiny, robust catfish named for its textured, armored scales and distinctive orange-to-yellow highlights on its cheeks. Proper care requires a minimum of 75 gallons, as they are territorial and grow to a substantial size. They are compatible with larger, robust community fish but may fight with other plecos over territory. Notable remarks include their carnivorous leaning compared to other plecos; they prefer high-protein sinking pellets and meaty foods like shrimp or mussels alongside their vegetable intake.",23-27 degrees celsius,"The Pineapple Pleco is a spiny, robust catfish named for its textured, armored scales and distinctive orange-to-yellow highlights on its cheeks. Proper care requires a minimum of 75 gallons, as they are territorial and grow to a substantial size. They are compatible with larger, robust community fish but may fight with other plecos over territory. Notable remarks include their carnivorous leaning compared to other plecos; they prefer high-protein sinking pellets and meaty foods like shrimp or mussels alongside their vegetable intake.",6.0 - 7.5,55 – 75 gallons,"25.0-35.0 cm / 9.8-13.8""",Compatible with medium-sized community fish; they are peaceful but need a large tank as they grow quite bulky.,
"Common pleco, suckermouth catfish, Amazon sailfin catfish",Pterygoplichthys pardalis,https://upload.wikimedia.org//wikipedia/commons/a/a8/Liposarcus_pardalis.jpg,"The Common Pleco is frequently sold as a small juvenile, but it is a massive fish that can easily reach 18 to 24 inches in length. Because of their size and the significant amount of waste they produce, they require a minimum of 125 to 150 gallons as adults. They are generally compatible with large community fish, but they have been known to graze on the slime coats of flat-bodied fish like Discus. A key remark for potential owners is that they are not suitable for most standard home aquariums and often outgrow their tanks very quickly.",21-28 degrees celsius,"The Common Pleco is frequently sold as a small juvenile, but it is a massive fish that can easily reach 18 to 24 inches in length. Because of their size and the significant amount of waste they produce, they require a minimum of 125 to 150 gallons as adults. They are generally compatible with large community fish, but they have been known to graze on the slime coats of flat-bodied fish like Discus. A key remark for potential owners is that they are not suitable for most standard home aquariums and often outgrow their tanks very quickly.",6.5 - 8.0,100 – 150+ gallons,"30.0-60.0 cm / 11.8-23.6""","Compatible with large, robust fish like Silver Dollars; they grow massive and produce a lot of waste.",
"Common pleco, suckermouth catfish",Hypostomus punctatus,https://upload.wikimedia.org//wikipedia/commons/1/16/SukermouthCatfish.jpg,"The Common Pleco is frequently sold as a small juvenile, but it is a massive fish that can easily reach 18 to 24 inches in length. Because of their size and the significant amount of waste they produce, they require a minimum of 125 to 150 gallons as adults. They are generally compatible with large community fish, but they have been known to graze on the slime coats of flat-bodied fish like Discus. A key remark for potential owners is that they are not suitable for most standard home aquariums and often outgrow their tanks very quickly.",22-30 degrees celsius,"The Common Pleco is frequently sold as a small juvenile, but it is a massive fish that can easily reach 18 to 24 inches in length. Because of their size and the significant amount of waste they produce, they require a minimum of 125 to 150 gallons as adults. They are generally compatible with large community fish, but they have been known to graze on the slime coats of flat-bodied fish like Discus. A key remark for potential owners is that they are not suitable for most standard home aquariums and often outgrow their tanks very quickly.",6.5 - 8.0,100 – 150+ gallons,"30.0-60.0 cm / 11.8-23.6""",Compatible with Central/South American Cichlids; sturdy enough to hold their own but generally peaceful.,
"Common pleco, suckermouth catfish",Hypostomus plecostomus,https://upload.wikimedia.org//wikipedia/commons/3/3e/Pterygoplichthys_pardalis_700.jpg,"The Common Pleco is frequently sold as a small juvenile, but it is a massive fish that can easily reach 18 to 24 inches in length. Because of their size and the significant amount of waste they produce, they require a minimum of 125 to 150 gallons as adults. They are generally compatible with large community fish, but they have been known to graze on the slime coats of flat-bodied fish like Discus. A key remark for potential owners is that they are not suitable for most standard home aquariums and often outgrow their tanks very quickly.",22-30 degrees celsius,"The Common Pleco is frequently sold as a small juvenile, but it is a massive fish that can easily reach 18 to 24 inches in length. Because of their size and the significant amount of waste they produce, they require a minimum of 125 to 150 gallons as adults. They are generally compatible with large community fish, but they have been known to graze on the slime coats of flat-bodied fish like Discus. A key remark for potential owners is that they are not suitable for most standard home aquariums and often outgrow their tanks very quickly.",6.5 - 8.0,100 – 150+ gallons,"30.0-60.0 cm / 11.8-23.6""",Compatible with Oscar fish or large Barbs; ensure the tank has heavy-duty filtration for these giants.,
"Leopard sailfin pleco, clown sailfin pleco",Pterygoplichthys gibbiceps,https://upload.wikimedia.org//wikipedia/commons/3/35/Sailfin-pleco.jpg,"The Leopard Sailfin Pleco is famous for its stunning honey-comb pattern and an enormous, sail-like dorsal fin that it can raise at will. Like the Common Pleco, they require a large environment of at least 100 to 125 gallons due to their potential size of 18 inches. They are compatible with most large community fish and are excellent algae eaters when young. Important remarks include their need for large hiding spots and the fact that they are prolific waste producers, requiring high-capacity filtration systems.",23-29 degrees celsius,"The Leopard Sailfin Pleco is famous for its stunning honey-comb pattern and an enormous, sail-like dorsal fin that it can raise at will. Like the Common Pleco, they require a large environment of at least 100 to 125 gallons due to their potential size of 18 inches. They are compatible with most large community fish and are excellent algae eaters when young. Important remarks include their need for large hiding spots and the fact that they are prolific waste producers, requiring high-capacity filtration systems.",6.5 - 8.0,100 – 150 gallons,"40.0-50.0 cm / 15.7-19.7""",Compatible with large semi-aggressive fish; they are active algae eaters that need significant swimming space.,
"Zebra pleco, L-046",Hypancistrus zebra,https://upload.wikimedia.org//wikipedia/commons/9/9c/Hypancistrus_zebra4305.jpg,"The Zebra Pleco is one of the most prized fish in the hobby, featuring a stark, beautiful pattern of high-contrast black and white stripes. Their care is specialized: they need a minimum of 20 to 30 gallons with very high oxygen levels and a strong current to mimic their native Xingu River rapids. They are compatible with small, peaceful dither fish that enjoy similar high-flow conditions but should not be housed with aggressive feeders. Key remarks include their preference for warmer water (26–30°C) and a mostly carnivorous diet of high-quality sinking pellets and frozen foods.
",26-30 degrees celsius,"The Zebra Pleco is one of the most prized fish in the hobby, featuring a stark, beautiful pattern of high-contrast black and white stripes. Their care is specialized: they need a minimum of 20 to 30 gallons with very high oxygen levels and a strong current to mimic their native Xingu River rapids. They are compatible with small, peaceful dither fish that enjoy similar high-flow conditions but should not be housed with aggressive feeders. Key remarks include their preference for warmer water (26?30?C) and a mostly carnivorous diet of high-quality sinking pellets and frozen foods.
",6.0 - 7.5,20 – 30 gallons,"8.0-10.0 cm / 3.1-3.9""","Compatible with small, peaceful fish like Tetras; they prefer high-oxygen, high-flow environments.",https://en.wikipedia.org//wiki/Hypancistrus_zebra
Sailfin catfish,Pterygoplichthys multiradiatus,https://upload.wikimedia.org//wikipedia/commons/0/03/Liposarcus_multiradiatus_01_ssj_20050321.jpg,"The Sailfin Catfish is a large, predatory species distinguished by its exceptionally long barbels and a high, pointed dorsal fin. Because they can grow to over 2 feet in length, they require massive aquariums of 200 to 300 gallons or indoor ponds. They are compatible only with other very large, robust fish that cannot be swallowed. Notable remarks include their nocturnal nature and their role as opportunistic predators; they will eat any tank mate that fits into their mouth.",23-28 degrees celsius,"The Sailfin Catfish is a large, predatory species distinguished by its exceptionally long barbels and a high, pointed dorsal fin. Because they can grow to over 2 feet in length, they require massive aquariums of 200 to 300 gallons or indoor ponds. They are compatible only with other very large, robust fish that cannot be swallowed. Notable remarks include their nocturnal nature and their role as opportunistic predators; they will eat any tank mate that fits into their mouth.",6.5 - 8.0,100 – 150 gallons,"20.0-30.0 cm / 7.9-11.8""","Compatible with larger, active community fish; they are peaceful but grow much larger than dwarf plecos.",
"Golden dwarf sucker, golden oto",Macrotocinclus affinis,https://upload.wikimedia.org//wikipedia/commons/e/e4/Otocinclus_affinis.JPG,"The Golden Oto is a tiny, peaceful algae specialist known for its schooling behavior and translucent, golden hue. Their care involves a minimum of 10 to 20 gallons in a mature, well-planted aquarium with plenty of natural algae growth. They are highly compatible with other nano-fish and shrimp but are very sensitive to water quality and fluctuations. Important remarks include the need to keep them in groups of six or more and the necessity of supplementing their diet with blanched vegetables if the tank is too clean.",21-27 degrees celsius,"The Golden Oto is a tiny, peaceful algae specialist known for its schooling behavior and translucent, golden hue. Their care involves a minimum of 10 to 20 gallons in a mature, well-planted aquarium with plenty of natural algae growth. They are highly compatible with other nano-fish and shrimp but are very sensitive to water quality and fluctuations. Important remarks include the need to keep them in groups of six or more and the necessity of supplementing their diet with blanched vegetables if the tank is too clean.",6.0 - 7.5,10 – 20 gallons,"3.5-4.5 cm / 1.4-1.8""","Compatible with tiny Nano fish and shrimp; they are very peaceful and thrive in established, planted tanks.",https://en.wikipedia.org//wiki/Macrotocinclus_affinis
"Zebra dwarf sucker, zebra oto",Otocinclus cocama,https://upload.wikimedia.org//wikipedia/commons/a/ad/Otocinclus_cocama.jpg,"The Zebra Oto is a rare and beautiful variant of the common Otocinclus, featuring distinct black and white vertical banding. Proper care requires a minimum of 15 to 20 gallons and, unlike the common Oto, they are significantly more sensitive to water parameters and oxygen levels. They are compatible with other peaceful nano-fish. Key remarks include their need for a high-quality diet of specialized algae wafers and the presence of live plants, which provide both food and security.",21-25 degrees celsius,"The Zebra Oto is a rare and beautiful variant of the common Otocinclus, featuring distinct black and white vertical banding. Proper care requires a minimum of 15 to 20 gallons and, unlike the common Oto, they are significantly more sensitive to water parameters and oxygen levels. They are compatible with other peaceful nano-fish. Key remarks include their need for a high-quality diet of specialized algae wafers and the presence of live plants, which provide both food and security.",6.0 - 7.5,15 – 20 gallons,"3.5-4.5 cm / 1.4-1.8""","Compatible with small schooling fish; like their golden cousins, they are very social and non-aggressive.",https://en.wikipedia.org//wiki/Otocinclus_cocama
Bolt catfish,Aguarunichthys torosus,,"The Bolt Catfish is a sleek, predatory catfish from the Amazon, named for the lightning-like speed with which it strikes at food. They require a minimum of 75 to 100 gallons and a setup with plenty of hiding places and a strong current. They are compatible with other large, fast-moving fish but are highly predatory toward smaller tank mates. Notable remarks include their requirement for high-protein meaty foods and their tendency to be territorial as they mature.",22-27 degrees celsius,"The Bolt Catfish is a sleek, predatory catfish from the Amazon, named for the lightning-like speed with which it strikes at food. They require a minimum of 75 to 100 gallons and a setup with plenty of hiding places and a strong current. They are compatible with other large, fast-moving fish but are highly predatory toward smaller tank mates. Notable remarks include their requirement for high-protein meaty foods and their tendency to be territorial as they mature.",6.0 - 7.5,55 – 75 gallons,"30.0-50.0 cm / 11.8-19.7""",Compatible with medium-sized active fish; they are predatory towards very small fish but peaceful with larger ones.,
Gold Zebra catfish,Brachyplatystoma juruense,,"The Gold Zebra Catfish is a slender, bottom-dwelling species with a beautiful gold-and-black striped pattern and long fin filaments. For successful care, they need at least 30 to 40 gallons with a soft sand substrate, as they spend much of their time partially buried. They are peaceful and compatible with most community fish. Important remarks include their shy nature; they appreciate plenty of leaf litter and driftwood to feel secure.",22-28 degrees celsius,"The Gold Zebra Catfish is a slender, bottom-dwelling species with a beautiful gold-and-black striped pattern and long fin filaments. For successful care, they need at least 30 to 40 gallons with a soft sand substrate, as they spend much of their time partially buried. They are peaceful and compatible with most community fish. Important remarks include their shy nature; they appreciate plenty of leaf litter and driftwood to feel secure.",6.0 - 7.5,30 – 40 gallons,"15.0-25.0 cm / 5.9-9.8""",Compatible with other small L-number plecos; they are peaceful and enjoy hiding in rocky crevices.,
Zebra shovelnose,Brachyplatystoma tigrinum,,"The Zebra Shovelnose is a large, high-end predatory catfish featuring a flattened snout and striking vertical stripes. Because they can reach lengths of nearly 2 feet, they require a minimum of 180 to 250 gallons. They are compatible only with other large, non-aggressive giants like Arowanas or large Rays. Key remarks include their need for pristine water conditions and a diet of high-quality fish fillets and whole shrimp.",22-29 degrees celsius,"The Zebra Shovelnose is a large, high-end predatory catfish featuring a flattened snout and striking vertical stripes. Because they can reach lengths of nearly 2 feet, they require a minimum of 180 to 250 gallons. They are compatible only with other large, non-aggressive giants like Arowanas or large Rays. Key remarks include their need for pristine water conditions and a diet of high-quality fish fillets and whole shrimp.",6.0 - 7.5,180 – 300+ gallons,"40.0-60.0 cm / 15.7-23.6""","Predatory: Best kept with very large, robust fish; they will eat anything that fits in their mouth.",
"Vulture Catfish, zamurito",Calophysus macropterus ,https://upload.wikimedia.org//wikipedia/commons/3/3c/Pimelodidae_Callophysus_macropterus.jpg,"The Vulture Catfish is an active, silver-colored predator known for its aggressive feeding habits and ""vulture-like"" tendency to scavenge on large carcasses in the wild. They require at least 125 gallons and should be kept with caution, as they are known to nip the fins of larger tank mates. They are compatible with large, fast-moving fish that can defend themselves. Notable remarks include their extremely high activity level and the need for a tightly fitting lid, as they are powerful jumpers.",22-28 degrees celsius,"The Vulture Catfish is an active, silver-colored predator known for its aggressive feeding habits and ""vulture-like"" tendency to scavenge on large carcasses in the wild. They require at least 125 gallons and should be kept with caution, as they are known to nip the fins of larger tank mates. They are compatible with large, fast-moving fish that can defend themselves. Notable remarks include their extremely high activity level and the need for a tightly fitting lid, as they are powerful jumpers.",6.0 - 7.5,125 – 180 gallons,"40.0-50.0 cm / 15.7-19.7""","Aggressive Scavenger: Best kept with large, fast-moving fish; they are known to nip at the sides of slower tankmates.",
Redtail catfish,Phractocephalus hemioliopterus,https://upload.wikimedia.org//wikipedia/commons/d/df/Phractocephalus_hemioliopterus2.JPG,"The Redtail Catfish is a legendary ""tank buster"" known for its massive size, white belly, and vibrant red tail fin. They grow incredibly fast and can reach up to 4 or 5 feet in length, meaning they are not suitable for almost any standard home aquarium and require 1,000+ gallon ponds. They are compatible only with other massive giants. A vital remark is that they are extremely predatory and will attempt to eat anything—including decorations or equipment—that can fit in their cavernous mouths.",20-26 degrees celsius,"The Redtail Catfish is a legendary ""tank buster"" known for its massive size, white belly, and vibrant red tail fin. They grow incredibly fast and can reach up to 4 or 5 feet in length, meaning they are not suitable for almost any standard home aquarium and require 1,000+ gallon ponds. They are compatible only with other massive giants. A vital remark is that they are extremely predatory and will attempt to eat anything?including decorations or equipment?that can fit in their cavernous mouths.",6.0 - 7.5,500 - 1000 gallons,"100.0-130.0 cm / 39.4-51.2""",Monster Fish Only: Do not keep with standard community fish; they grow several feet long and are top-tier predators.,https://en.wikipedia.org//wiki/Phractocephalus_hemioliopterus
"Spotted pimelodus, pictus, pictus catfish",Pimelodus pictus,https://upload.wikimedia.org//wikipedia/commons/1/1d/Pimelodus_pictus.jpg,"The Pictus Catfish is a highly active, silver scavenger covered in distinct black spots and featuring long, white barbels. For proper care, they require a minimum of 55 gallons and a long tank to accommodate their constant swimming. They are compatible with medium-sized community fish but will eat very small fish like Neon Tetras. Important remarks include their sharp, venomous pectoral spines; you should never use a mesh net to move them, as they will get stuck and can deliver a painful sting.",22-25 degrees celsius,"The Pictus Catfish is a highly active, silver scavenger covered in distinct black spots and featuring long, white barbels. For proper care, they require a minimum of 55 gallons and a long tank to accommodate their constant swimming. They are compatible with medium-sized community fish but will eat very small fish like Neon Tetras. Important remarks include their sharp, venomous pectoral spines; you should never use a mesh net to move them, as they will get stuck and can deliver a painful sting.",6.0 - 7.5,50 – 75 gallons,"10.0-12.0 cm / 3.9-4.7""","Compatible with active, medium-sized fish like Giant Danios; they are very energetic and can stress out slow fish.",
Ornate Pimelodus,Pimelodus ornatus,,"The Ornate Pimelodus is a more premium relative of the Pictus, featuring bold horizontal black stripes and a larger adult size. They require at least 75 to 90 gallons and an environment with high oxygen and a strong current. They are compatible with medium-to-large community fish. Key remarks include their nocturnal activity; they are much more active and visible when the lights are dimmed.",22-26 degrees celsius,"The Ornate Pimelodus is a more premium relative of the Pictus, featuring bold horizontal black stripes and a larger adult size. They require at least 75 to 90 gallons and an environment with high oxygen and a strong current. They are compatible with medium-to-large community fish. Key remarks include their nocturnal activity; they are much more active and visible when the lights are dimmed.",6.0 - 7.5,55 – 75 gallons,"20.0-25.0 cm / 7.9-9.8""",Compatible with large Cichlids; they are bold scavengers that are quite hardy and active.,
Sturgeon catfish,Platystomatichthys sturio,,"The Sturgeon Catfish is a unique species with a very long, pointed snout and an elongated body that mimics the look of a sturgeon. They require a minimum of 150 to 200 gallons with a large, open sandy area and high water flow. They are compatible with other large, peaceful riverine fish. Notable remarks include their sensitivity to poor water quality and their requirement for a diet of high-quality sinking pellets and frozen meaty foods.",22-27 degrees celsius,"The Sturgeon Catfish is a unique species with a very long, pointed snout and an elongated body that mimics the look of a sturgeon. They require a minimum of 150 to 200 gallons with a large, open sandy area and high water flow. They are compatible with other large, peaceful riverine fish. Notable remarks include their sensitivity to poor water quality and their requirement for a diet of high-quality sinking pellets and frozen meaty foods.",6.5 - 7.5,150 – 250 gallons,"20.0-30.0 cm / 7.9-11.8""","Compatible with peaceful, cool-water fish; they have a unique appearance and are very non-aggressive.",https://en.wikipedia.org//wiki/Platystomatichthys_sturio
Barred sorubim,Pseudoplatystoma fasciatum,,"The Barred and Tiger Sorubims are massive ""shovelnose"" predators with flattened heads and intricate striped or barred patterns. Because they can reach 3 feet or more, they require 300+ gallon aquariums or ponds. They are compatible only with other massive species. Important remarks include their role as ambush predators; they need low-light areas and a high-protein diet to thrive.",24–28 degrees celsius,"The Barred and Tiger Sorubims are massive ""shovelnose"" predators with flattened heads and intricate striped or barred patterns. Because they can reach 3 feet or more, they require 300+ gallon aquariums or ponds. They are compatible only with other massive species. Important remarks include their role as ambush predators; they need low-light areas and a high-protein diet to thrive.",6.5 - 7.5,180 – 300 gallons,"40.0-50.0 cm / 15.7-19.7""","Compatible with other ""monster"" fish; they are predatory but generally peaceful toward fish they cannot swallow.",
Tiger sorubim,Pseudoplatystoma tigrinum,https://upload.wikimedia.org//wikipedia/commons/f/f9/Pseudoplatystoma_tigrinum1.jpg,"The Barred and Tiger Sorubims are massive ""shovelnose"" predators with flattened heads and intricate striped or barred patterns. Because they can reach 3 feet or more, they require 300+ gallon aquariums or ponds. They are compatible only with other massive species. Important remarks include their role as ambush predators; they need low-light areas and a high-protein diet to thrive.",24–28 degrees celsius,"The Barred and Tiger Sorubims are massive ""shovelnose"" predators with flattened heads and intricate striped or barred patterns. Because they can reach 3 feet or more, they require 300+ gallon aquariums or ponds. They are compatible only with other massive species. Important remarks include their role as ambush predators; they need low-light areas and a high-protein diet to thrive.",6.5 - 7.5,250 – 500+ gallons,"60.0-80.0 cm / 23.6-31.5""",Compatible with large South American fish; they are nocturnal hunters and need plenty of floor space.,
"Firewood catfish, (planiceps) shovelnose catfish",Sorubimichthys planiceps,https://upload.wikimedia.org//wikipedia/commons/e/e8/Firewood_catfish.jpg,"The Firewood Catfish is a specialized, long-bodied predator with a distinctively flattened head. For proper care, they require a minimum of 180 to 250 gallons because they reach sizes of nearly 2 feet and need ample floor space to swim. They are compatible with other massive, non-aggressive species like larger Arowanas, but they will readily consume any fish that fits in their mouth. Key remarks for their maintenance include the need for moderate water flow and high-protein meals such as fish fillets or whole shrimp to keep them healthy.",24–28 degrees celsius,"The Firewood Catfish is a specialized, long-bodied predator with a distinctively flattened head. For proper care, they require a minimum of 180 to 250 gallons because they reach sizes of nearly 2 feet and need ample floor space to swim. They are compatible with other massive, non-aggressive species like larger Arowanas, but they will readily consume any fish that fits in their mouth. Key remarks for their maintenance include the need for moderate water flow and high-protein meals such as fish fillets or whole shrimp to keep them healthy.",6.0 - 7.5,180 – 300 gallons,"50.0-70.0 cm / 19.7-27.6""",Compatible with large Oscar fish; they grow very long and require massive tanks with high filtration.,https://en.wikipedia.org//wiki/Sorubimichthys_planiceps
Lima shovelnose catfish,Sorubium lima,https://upload.wikimedia.org//wikipedia/commons/8/89/Silure_spatule.jpg,"The Lima Shovelnose is one of the more ""manageable"" large catfish, known for its sleek silver body and its habit of resting vertically against driftwood or plants. Their care involves a minimum of 75 to 125 gallons, as they are active swimmers and reach about 15 inches in length. They are compatible with medium-to-large community fish like Silver Dollars or Oscar cichlids. A notable remark for this species is their preference for low-light environments and a diet of sinking carnivore pellets and frozen silversides.",22–26 degrees celsius,"The Lima Shovelnose is one of the more ""manageable"" large catfish, known for its sleek silver body and its habit of resting vertically against driftwood or plants. Their care involves a minimum of 75 to 125 gallons, as they are active swimmers and reach about 15 inches in length. They are compatible with medium-to-large community fish like Silver Dollars or Oscar cichlids. A notable remark for this species is their preference for low-light environments and a diet of sinking carnivore pellets and frozen silversides.",6.0 - 7.5,75 – 125 gallons,"30.0-45.0 cm / 11.8-17.7""","Compatible with large, non-aggressive tankmates; they are shy predators that prefer sandy substrates.",
Cuckoo squeaker,Synodontis multipunctatus,https://upload.wikimedia.org//wikipedia/commons/d/de/Synodontis-multipunctatus.jpg,"The Cuckoo Squeaker is a famous African species known for its brood parasitism, often tricking mouth-brooding cichlids into raising its young. For proper care, they require at least 30 to 55 gallons and water with a higher pH and hardness to match their native Rift Lake environment. They are highly compatible with African Cichlids, as they can hold their own against aggressive tank mates. Key remarks include their social nature; they should be kept in groups to reduce stress and encourage natural behavior.",24–28 degrees celsius,"The Cuckoo Squeaker is a famous African species known for its brood parasitism, often tricking mouth-brooding cichlids into raising its young. For proper care, they require at least 30 to 55 gallons and water with a higher pH and hardness to match their native Rift Lake environment. They are highly compatible with African Cichlids, as they can hold their own against aggressive tank mates. Key remarks include their social nature; they should be kept in groups to reduce stress and encourage natural behavior.",7.5 - 8.5,30 – 55 gallons,"10.0-15.0 cm / 3.9-5.9""","Compatible with African Cichlids; they are ""brood parasites"" and behave best in a busy, active environment.",
Decorated squeaker,Synodontis decorus,,"The Decorated Squeaker is prized for its attractive spotted pattern and an exceptionally long filament on its dorsal fin. Their care involves a minimum of 55 gallons and plenty of rocky caves or driftwood crevices where they can hide during the day. They are compatible with a wide range of medium-sized African community fish. Important remarks include their nocturnal habits and the fact that they can reach a size of nearly 10 inches, requiring a well-filtered aquarium.",22–26 degrees celsius,"The Decorated Squeaker is prized for its attractive spotted pattern and an exceptionally long filament on its dorsal fin. Their care involves a minimum of 55 gallons and plenty of rocky caves or driftwood crevices where they can hide during the day. They are compatible with a wide range of medium-sized African community fish. Important remarks include their nocturnal habits and the fact that they can reach a size of nearly 10 inches, requiring a well-filtered aquarium.",6.0 - 7.5,30 – 55 gallons,"15.0-20.0 cm / 5.9-7.9""",Compatible with medium-sized community fish; they are peaceful but very active during feeding time.,
Even-Spotted squeaker,Synodontis petricola,https://upload.wikimedia.org//wikipedia/commons/8/8a/Synodontis_petricola.jpg,The Even-Spotted Squeaker is a hardy scavenger featuring a uniform pattern of small dark spots across its body. Proper care requires at least 30 to 50 gallons with plenty of hiding spots to satisfy their territorial nature. They are compatible with robust community fish and larger African species. A key remark for this fish is their opportunistic diet; they will readily accept everything from algae wafers to high-protein sinking pellets.,22–27 degrees celsius,The Even-Spotted Squeaker is a hardy scavenger featuring a uniform pattern of small dark spots across its body. Proper care requires at least 30 to 50 gallons with plenty of hiding spots to satisfy their territorial nature. They are compatible with robust community fish and larger African species. A key remark for this fish is their opportunistic diet; they will readily accept everything from algae wafers to high-protein sinking pellets.,6.5 - 7.5,30 – 55 gallons,"15.0-20.0 cm / 5.9-7.9""",Compatible with larger Tetra species; they are social scavengers that appreciate hiding spots.,
Featherfin squeaker,Synodontis eupterus,https://upload.wikimedia.org//wikipedia/commons/7/7c/Synodontis_Eupterus_3.JPG,"The Featherfin Squeaker is easily identified by its magnificent, fan-like dorsal fin that develops long, feathery filaments as the fish matures. For successful care, they need a minimum of 50 gallons and a setup with several caves to prevent territorial disputes. They are compatible with many community fish but can be slightly ""bossy"" toward other bottom-dwellers. Notable remarks include their durability and their tendency to spend most of the daylight hours tucked away in a favorite hiding spot.",22–26 degrees celsius,"The Featherfin Squeaker is easily identified by its magnificent, fan-like dorsal fin that develops long, feathery filaments as the fish matures. For successful care, they need a minimum of 50 gallons and a setup with several caves to prevent territorial disputes. They are compatible with many community fish but can be slightly ""bossy"" toward other bottom-dwellers. Notable remarks include their durability and their tendency to spend most of the daylight hours tucked away in a favorite hiding spot.",6.0 - 7.5,55 – 75 gallons,"15.0-22.0 cm / 5.9-8.7""","Compatible with most community fish; they are famous for their ""fin-flicking"" behavior and are very peaceful.",https://en.wikipedia.org//wiki/Synodontis_eupterus
Lake Malawi syno,Synodontis njassae,https://upload.wikimedia.org//wikipedia/commons/9/9b/Synodontis_njassae_01_ssj_20050321.jpg,"The Lake Malawi Syno is the only Synodontis species endemic to its namesake lake, featuring a variable spotted pattern. Their care involves a minimum of 55 gallons and water parameters specific to Lake Malawi (high pH and mineral content). They are excellently compatible with Malawi Cichlids. Important remarks include their shy personality; providing plenty of rockwork will help them feel secure enough to venture out during feeding.",23–28 degrees celsius,"The Lake Malawi Syno is the only Synodontis species endemic to its namesake lake, featuring a variable spotted pattern. Their care involves a minimum of 55 gallons and water parameters specific to Lake Malawi (high pH and mineral content). They are excellently compatible with Malawi Cichlids. Important remarks include their shy personality; providing plenty of rockwork will help them feel secure enough to venture out during feeding.",7.5 - 8.5,50 – 75 gallons,"12.0-18.0 cm / 4.7-7.1""",Compatible with Rift Lake Cichlids; they can handle the high pH and aggression levels of African Cichlid tanks.,https://en.wikipedia.org//wiki/Synodontis_njassae
Polka dot syno,Synodontis angelicus,https://upload.wikimedia.org//wikipedia/commons/3/37/Synodontis_angelica.jpg,"The Polka Dot Syno is one of the most visually stunning members of the genus, featuring bright white or yellow spots against a dark, velvety purple or black body. Proper care requires a minimum of 55 gallons and very stable water conditions, as they can be more sensitive than other squeakers. They are compatible with medium-sized community fish but can be quite territorial toward other Synodontis. A key remark is their slower growth rate compared to other species in the family.",22–27 degrees celsius,"The Polka Dot Syno is one of the most visually stunning members of the genus, featuring bright white or yellow spots against a dark, velvety purple or black body. Proper care requires a minimum of 55 gallons and very stable water conditions, as they can be more sensitive than other squeakers. They are compatible with medium-sized community fish but can be quite territorial toward other Synodontis. A key remark is their slower growth rate compared to other species in the family.",6.0 - 7.5,50 – 75 gallons,"15.0-20.0 cm / 5.9-7.9""","Compatible with large, active fish; they are hardy scavengers that stay relatively peaceful as they age.",
"Common syno, false upside-down catfish",Synodontis nigrita,,"The Common Syno is often confused with the true upside-down catfish when young, but it grows much larger and eventually stops swimming inverted. For proper care, they require at least 55 gallons and a varied diet of sinking foods. They are compatible with larger community fish and semi-aggressive species. Notable remarks include their hardy nature and the fact that they often become much more secretive and nocturnal as they reach their adult size of about 7-8 inches.",22–27 degrees celsius,"The Common Syno is often confused with the true upside-down catfish when young, but it grows much larger and eventually stops swimming inverted. For proper care, they require at least 55 gallons and a varied diet of sinking foods. They are compatible with larger community fish and semi-aggressive species. Notable remarks include their hardy nature and the fact that they often become much more secretive and nocturnal as they reach their adult size of about 7-8 inches.",6.0 - 7.5,55 – 75 gallons,"15.0-20.0 cm / 5.9-7.9""",Compatible with most community fish; they are very social and should be kept in small groups.,
Upside-down catfish,Synodontis nigriventris,https://upload.wikimedia.org//wikipedia/commons/8/8d/Synodontis.jpg,"The true Upside-Down Catfish is a smaller species famous for its constant inverted swimming position used to graze on the underside of surfaces. Their care involves at least 20 gallons and a school of at least 3-5 fish to encourage social behavior. They are perfectly compatible with peaceful community fish like Tetras and Rasboras. Important remarks include their need for broad-leafed plants or driftwood that provide ""ceilings"" for them to swim against.",22–26 degrees celsius,"The true Upside-Down Catfish is a smaller species famous for its constant inverted swimming position used to graze on the underside of surfaces. Their care involves at least 20 gallons and a school of at least 3-5 fish to encourage social behavior. They are perfectly compatible with peaceful community fish like Tetras and Rasboras. Important remarks include their need for broad-leafed plants or driftwood that provide ""ceilings"" for them to swim against.",6.0 - 7.5,20 – 40 gallons,"8.0-10.0 cm / 3.1-3.9""",Compatible with almost any community fish; they are famous for swimming upside down and are very docile.,
Three-striped African catfish,Pareutropius buffei,,"The Three-Striped African Catfish is a sleek, active mid-water swimmer that resembles a shark in motion. Proper care requires at least 30 gallons and a school of six or more; keeping them in smaller numbers can lead to extreme shyness. They are highly compatible with peaceful community fish and enjoy a tank with moderate water flow. A key remark is that they are much more active during the day than most other catfish.",24–28 degrees celsius,"The Three-Striped African Catfish is a sleek, active mid-water swimmer that resembles a shark in motion. Proper care requires at least 30 gallons and a school of six or more; keeping them in smaller numbers can lead to extreme shyness. They are highly compatible with peaceful community fish and enjoy a tank with moderate water flow. A key remark is that they are much more active during the day than most other catfish.",6.5 - 7.5,30 – 55 gallons,"10.0-15.0 cm / 3.9-5.9""",Compatible with medium-sized African fish; they are peaceful but can be competitive for food at the bottom.,
Giraffe catfish,Auchenoglanis occidentalis,https://upload.wikimedia.org//wikipedia/commons/2/24/Auchenoglanis_occidentalis_01_by_Line1.JPG,"The Giraffe Catfish is a massive but gentle scavenger known for the reticulated pattern on its skin and its exceptionally long snout. Because they can reach up to 3 feet in length, they require a massive aquarium of 200+ gallons or a custom pond. They are compatible with large, peaceful tank mates. A critical remark is that they are ""sand-sifters"" and must have a smooth sand substrate to forage without damaging their delicate mouthparts.",21–25 degrees celsius,"The Giraffe Catfish is a massive but gentle scavenger known for the reticulated pattern on its skin and its exceptionally long snout. Because they can reach up to 3 feet in length, they require a massive aquarium of 200+ gallons or a custom pond. They are compatible with large, peaceful tank mates. A critical remark is that they are ""sand-sifters"" and must have a smooth sand substrate to forage without damaging their delicate mouthparts.",6.5 - 7.5,180 – 250+ gallons,"60.0-90.0 cm / 23.6-35.4""","Compatible with large, calm fish; they grow quite large and are very peaceful ""gentle giants"".",https://en.wikipedia.org//wiki/Auchenoglanis_occidentalis
Electric catfish,Malapterurus electricus,https://upload.wikimedia.org//wikipedia/commons/b/b5/Malapterurus_electricus_1.jpg,"The Electric Catfish is a specialized predator capable of delivering a strong electric shock to stun prey or defend itself. For proper care, they require a minimum of 55 to 100 gallons and are best kept in a species-only aquarium. They are generally not compatible with other fish, as their electric discharges can harm or kill tank mates. Important remarks include the need for caution during tank maintenance and the use of insulated tools to avoid being shocked.",24–28 degrees celsius,"The Electric Catfish is a specialized predator capable of delivering a strong electric shock to stun prey or defend itself. For proper care, they require a minimum of 55 to 100 gallons and are best kept in a species-only aquarium. They are generally not compatible with other fish, as their electric discharges can harm or kill tank mates. Important remarks include the need for caution during tank maintenance and the use of insulated tools to avoid being shocked.",6.5 - 7.5,55 – 100+ gallons,"25.0-40.0 cm / 9.8-15.7""","Aggressive: Best kept in a species-only tank or with very large, fast fish; they can deliver a painful electric shock.",
Black lancer catfish,Bagrichthys macracanthus,,"The Black Lancer is an elegant, dark-bodied catfish with a very tall dorsal fin and long filaments. Their care involves at least 30 to 50 gallons and a setup with plenty of driftwood to provide the acidic, tannin-rich water they prefer. They are compatible with peaceful community fish but can be very shy. Notable remarks include their nocturnal nature and their preference for high-quality frozen foods like bloodworms.",24–28 degrees celsius,"The Black Lancer is an elegant, dark-bodied catfish with a very tall dorsal fin and long filaments. Their care involves at least 30 to 50 gallons and a setup with plenty of driftwood to provide the acidic, tannin-rich water they prefer. They are compatible with peaceful community fish but can be very shy. Notable remarks include their nocturnal nature and their preference for high-quality frozen foods like bloodworms.",6.0 - 7.5,55 – 75 gallons,"15.0-20.0 cm / 5.9-7.9""",Compatible with peaceful Asian community fish; they are shy and need plenty of caves and low lighting.,https://en.wikipedia.org//wiki/Bagrichthys_macracanthus
Harlequin lancer catfish,Bagroides melapterus,,"The Harlequin Lancer is a rarer relative of the black lancer, often featuring more intricate markings and a similarly striking silhouette. Proper care requires a minimum of 50 gallons and very stable water conditions. They are compatible with medium-sized community fish but should not be housed with overly aggressive species. A key remark is their sensitivity to poor water quality, requiring diligent filtration and frequent water changes.",22–26 degrees celsius,"The Harlequin Lancer is a rarer relative of the black lancer, often featuring more intricate markings and a similarly striking silhouette. Proper care requires a minimum of 50 gallons and very stable water conditions. They are compatible with medium-sized community fish but should not be housed with overly aggressive species. A key remark is their sensitivity to poor water quality, requiring diligent filtration and frequent water changes.",6.0 - 7.2,55 – 75 gallons,"10.0-15.0 cm / 3.9-5.9""",Compatible with Rosy Barbs or Danios; they are peaceful but slightly more active than the standard Black Lancer.,
Crystal-eyed catfish,Hemibagrus wyckii,,"The Crystal-Eyed Catfish is a small, semi-transparent species with large, reflective eyes. For successful care, they need a minimum of 20 gallons and a large school to feel secure. They are highly compatible with other peaceful nano-fish and thrive in heavily planted aquariums. Important remarks include their preference for gentle water flow and a diet of fine-grade sinking foods.",20–27 degrees celsius,"The Crystal-Eyed Catfish is a small, semi-transparent species with large, reflective eyes. For successful care, they need a minimum of 20 gallons and a large school to feel secure. They are highly compatible with other peaceful nano-fish and thrive in heavily planted aquariums. Important remarks include their preference for gentle water flow and a diet of fine-grade sinking foods.",6.0 - 7.5,75 – 125 gallons,"25.0-35.0 cm / 9.8-13.8""","Compatible with larger, active fish; they are nocturnal and have a reflective eye that makes them unique scavengers.",
Asian redtail catfish,Hemibagrus wyckioides,,"The Asian Redtail Catfish is a massive, powerful predator that bears a striking white-edged, bright red caudal fin as it matures. Unlike the South American Redtail, this species is known for being exceptionally aggressive and territorial, often attacking anything that enters its space. For proper care, they require a minimum of 200 to 300 gallons and heavy-duty equipment, as they can easily break glass heaters or thermometers. They are generally not compatible with any other fish and are best kept in a solitary setup. A key remark for owners is to ensure a very secure, weighted lid, as these fish are incredibly strong and capable of jumping out of the tank.",19–29 degrees celsius,"The Asian Redtail Catfish is a massive, powerful predator that bears a striking white-edged, bright red caudal fin as it matures. Unlike the South American Redtail, this species is known for being exceptionally aggressive and territorial, often attacking anything that enters its space. For proper care, they require a minimum of 200 to 300 gallons and heavy-duty equipment, as they can easily break glass heaters or thermometers. They are generally not compatible with any other fish and are best kept in a solitary setup. A key remark for owners is to ensure a very secure, weighted lid, as these fish are incredibly strong and capable of jumping out of the tank.",6.0 - 7.5,180 – 300+ gallons,"30.0-45.0 cm / 11.8-17.7""","Highly Predatory: Should only be kept with very large ""monster"" fish; they grow quickly and eat anything small.",
Shadow catfish,Hyalobagrus flavus,https://upload.wikimedia.org//wikipedia/commons/6/68/Pelteobagrus_ornatus_%284222100061%29.jpg,"The Shadow Catfish is a small, active schooling species from Southeast Asia with a yellowish, translucent body and long, delicate barbels. Their care involves a minimum of 20 gallons and a group of at least six to eight fish to prevent them from becoming stressed or overly shy. They are highly compatible with other peaceful nano-fish like Rasboras and small Gouramis. Notable remarks include their preference for ""blackwater"" conditions with tannins from leaf litter and a diet consisting of small frozen or live foods like daphnia and brine shrimp.",22–26 degrees celsius,"The Shadow Catfish is a small, active schooling species from Southeast Asia with a yellowish, translucent body and long, delicate barbels. Their care involves a minimum of 20 gallons and a group of at least six to eight fish to prevent them from becoming stressed or overly shy. They are highly compatible with other peaceful nano-fish like Rasboras and small Gouramis. Notable remarks include their preference for ""blackwater"" conditions with tannins from leaf litter and a diet consisting of small frozen or live foods like daphnia and brine shrimp.",6.0 - 7.5,55 – 75 gallons,"6.0-8.0 cm / 2.4-3.1""","Compatible with calm, medium-sized fish; they are nocturnal and stay hidden most of the day.",
Dwarf bumblebee catfish,Pseudomystus leiacanthus,,"The Dwarf Bumblebee Catfish is a stocky, attractive South American species featuring bold, alternating bands of dark chocolate brown and creamy yellow. Proper care requires a minimum of 20 gallons with plenty of small caves, driftwood, and leaf litter for them to hide in during the day. They are compatible with community fish that are too large to be swallowed, but caution should be used with tiny fry or shrimp. A key remark is that they are very secretive; you may only see their barbels poking out of a cave until the lights go out and food is introduced.",21–26 degrees celsius,"The Dwarf Bumblebee Catfish is a stocky, attractive South American species featuring bold, alternating bands of dark chocolate brown and creamy yellow. Proper care requires a minimum of 20 gallons with plenty of small caves, driftwood, and leaf litter for them to hide in during the day. They are compatible with community fish that are too large to be swallowed, but caution should be used with tiny fry or shrimp. A key remark is that they are very secretive; you may only see their barbels poking out of a cave until the lights go out and food is introduced.",6.0 - 7.5,15 – 25 gallons,"5.0-8.0 cm / 2.0-3.1""","Compatible with small community fish; they are very peaceful and stay small, making them great for 20-gallon tanks.",
Asian bumblebee catfish,Pseudomystus siamensis,,"The Asian Bumblebee Catfish is larger and more robust than the dwarf variety, with a dark body and a few thick, light-colored vertical bars. For successful care, they need at least 30 to 40 gallons and a substrate of sand or fine gravel. They are compatible with medium-sized semi-aggressive fish like larger Barbs or Cichlids but are predatory toward smaller tank mates. Essential remarks include their tendency to be territorial toward other bottom-dwellers and their requirement for high-protein sinking pellets.",20–26 degrees celsius,"The Asian Bumblebee Catfish is larger and more robust than the dwarf variety, with a dark body and a few thick, light-colored vertical bars. For successful care, they need at least 30 to 40 gallons and a substrate of sand or fine gravel. They are compatible with medium-sized semi-aggressive fish like larger Barbs or Cichlids but are predatory toward smaller tank mates. Essential remarks include their tendency to be territorial toward other bottom-dwellers and their requirement for high-protein sinking pellets.",6.0 - 7.5,20 – 30 gallons,"10.0-12.0 cm / 3.9-4.7""",Compatible with medium-sized Barbs; they are slightly more territorial than the dwarf version but generally peaceful.,
Dinema catfish,Belodontichthys dinema,https://upload.wikimedia.org//wikipedia/commons/4/4c/Belodontichthys_dinema.jpg,"The Dinema Catfish is a rare, primitive-looking species with an elongated body and a specialized snout designed for foraging in tight crevices. Their care involves a minimum of 30 to 50 gallons with very high water quality and moderate to strong oxygenation. They are compatible with peaceful, medium-sized fish but may be outcompeted for food by very fast, aggressive eaters. Notable remarks include their sensitivity to copper-based medications and their preference for live or frozen meaty foods over dry flakes.",10–27 degrees celsius,"The Dinema Catfish is a rare, primitive-looking species with an elongated body and a specialized snout designed for foraging in tight crevices. Their care involves a minimum of 30 to 50 gallons with very high water quality and moderate to strong oxygenation. They are compatible with peaceful, medium-sized fish but may be outcompeted for food by very fast, aggressive eaters. Notable remarks include their sensitivity to copper-based medications and their preference for live or frozen meaty foods over dry flakes.",6.5 - 7.5,55 – 75 gallons,"8.0-12.0 cm / 3.1-4.7""","Compatible with peaceful, mid-water schooling fish; they are delicate and prefer a quiet environment.",
Glass catfish,Kryptopterus vitreolus,https://upload.wikimedia.org//wikipedia/commons/5/54/Glaswelse.jpg,"The Glass Catfish is one of the most unique fish in the hobby, possessing a completely transparent body that reveals its skeleton and internal organs. Proper care requires a minimum of 20 to 30 gallons and a school of at least six individuals; they are highly social and will often waste away if kept alone. They are excellently compatible with peaceful, quiet tank mates and thrive in tanks with plenty of live plants. Important remarks include their sensitivity to poor water quality and their preference for low-light environments with gentle water flow.",22–26 degrees celsius,"The Glass Catfish is one of the most unique fish in the hobby, possessing a completely transparent body that reveals its skeleton and internal organs. Proper care requires a minimum of 20 to 30 gallons and a school of at least six individuals; they are highly social and will often waste away if kept alone. They are excellently compatible with peaceful, quiet tank mates and thrive in tanks with plenty of live plants. Important remarks include their sensitivity to poor water quality and their preference for low-light environments with gentle water flow.",6.0 - 7.0,30 – 40 gallons,"6.0-10.0 cm / 2.4-3.9""","Compatible with peaceful Tetras and Rasboras; they are translucent and highly social, needing a school of 6+.",
Striped glass catfish,Kryptopterus macrocephalus,,"The Striped Glass Catfish is a larger, more opaque relative of the common glass cat, featuring a faint horizontal stripe and a more ""solid"" appearance. Their care involves at least 30 gallons and a setup with moderate current to mimic their native river habitats. They are compatible with most peaceful community fish but can be slightly more territorial toward their own kind if the tank is too small. Key remarks include their preference for mid-water swimming and a diet of small frozen foods and high-quality flakes.",22–26 degrees celsius,"The Striped Glass Catfish is a larger, more opaque relative of the common glass cat, featuring a faint horizontal stripe and a more ""solid"" appearance. Their care involves at least 30 gallons and a setup with moderate current to mimic their native river habitats. They are compatible with most peaceful community fish but can be slightly more territorial toward their own kind if the tank is too small. Key remarks include their preference for mid-water swimming and a diet of small frozen foods and high-quality flakes.",6.0 - 7.0,30 – 40 gallons,"8.0-12.0 cm / 3.1-4.7""","Compatible with small, calm fish; they are very peaceful and look beautiful in heavily planted tanks.",
Borneo glass catfish,Ompok eugeneiatus,,"The Borneo Glass Catfish is a regional variant with a slightly more slender profile and a preference for soft, acidic water. Proper care requires at least 30 gallons and a heavily planted aquarium to provide the security they need. They are highly compatible with other Southeast Asian fish such as Harlequin Rasboras. Notable remarks include their shy nature; they are most comfortable and visible in tanks with significant floating plant cover to dim the lights.",20–28 degrees celsius,"The Borneo Glass Catfish is a regional variant with a slightly more slender profile and a preference for soft, acidic water. Proper care requires at least 30 gallons and a heavily planted aquarium to provide the security they need. They are highly compatible with other Southeast Asian fish such as Harlequin Rasboras. Notable remarks include their shy nature; they are most comfortable and visible in tanks with significant floating plant cover to dim the lights.",6.0 - 7.0,30 – 40 gallons,"8.0-12.0 cm / 3.1-4.7""",Compatible with other peaceful Asian fish; they are mid-water swimmers and very non-aggressive.,
Striped wallago catfish,Wallago leerii,https://upload.wikimedia.org//wikipedia/commons/7/7d/Wallagonia_leerii.jpg,"The Striped Wallago is a streamlined, predatory catfish with a massive mouth and a silvery body often marked with a dark lateral stripe. Because they are active predators that can grow quite large, they require a minimum of 150 to 200 gallons. They are compatible only with other very large, robust fish that cannot be easily swallowed. A critical remark is that they are extremely fast and can be easily spooked, requiring a quiet environment and a very secure lid to prevent jumping.",22–27 degrees celsius,"The Striped Wallago is a streamlined, predatory catfish with a massive mouth and a silvery body often marked with a dark lateral stripe. Because they are active predators that can grow quite large, they require a minimum of 150 to 200 gallons. They are compatible only with other very large, robust fish that cannot be easily swallowed. A critical remark is that they are extremely fast and can be easily spooked, requiring a quiet environment and a very secure lid to prevent jumping.",6.0 - 7.5,250 – 500+ gallons,"100.0-150.0 cm / 39.4-59.1""","Predatory: Only compatible with large, robust fish; they are fast, powerful hunters that need lots of space.",https://en.wikipedia.org//wiki/Wallago_leerii
Chocolate frogmouth catfish,Chaca bankanensis,https://upload.wikimedia.org//wikipedia/commons/1/17/Chaca_bankanensis_juveniles.png,"The Chocolate Frogmouth Catfish is a bizarre, sedentary ambush predator with a wide, flat head and a body that mimics a piece of waterlogged wood. For proper care, they require at least 30 to 40 gallons and a soft sand substrate with plenty of leaf litter for camouflage. They are compatible only with fish that are at least twice their size, as their mouths can expand to swallow surprisingly large prey. Notable remarks include their ""sit-and-wait"" hunting style; they rarely move and should be fed live or frozen meaty foods using feeding tongs.",22–26 degrees celsius,"The Chocolate Frogmouth Catfish is a bizarre, sedentary ambush predator with a wide, flat head and a body that mimics a piece of waterlogged wood. For proper care, they require at least 30 to 40 gallons and a soft sand substrate with plenty of leaf litter for camouflage. They are compatible only with fish that are at least twice their size, as their mouths can expand to swallow surprisingly large prey. Notable remarks include their ""sit-and-wait"" hunting style; they rarely move and should be fed live or frozen meaty foods using feeding tongs.",5.5 - 7.0,30 – 55 gallons,"10.0-12.0 cm / 3.9-4.7""","Compatible with very calm tankmates; they are ""sit-and-wait"" predators that look like a dead leaf.",
Asian banjo catfish,Acrochordonichthys rugosus,,"The Asian Banjo Catfish is an oddly shaped, flattened scavenger with an extremely long, whip-like tail. Their care involves a minimum of 30 gallons and a deep, soft sand substrate where they can bury themselves completely. They are exceptionally peaceful and compatible with almost any non-aggressive fish. Important remarks include their very low activity level; they are strictly nocturnal and should be fed sinking wafers or frozen foods after the aquarium lights are turned off.",22–26 degrees celsius,"The Asian Banjo Catfish is an oddly shaped, flattened scavenger with an extremely long, whip-like tail. Their care involves a minimum of 30 gallons and a deep, soft sand substrate where they can bury themselves completely. They are exceptionally peaceful and compatible with almost any non-aggressive fish. Important remarks include their very low activity level; they are strictly nocturnal and should be fed sinking wafers or frozen foods after the aquarium lights are turned off.",6.0 - 7.5,20 – 30 gallons,"8.0-12.0 cm / 3.1-4.7""",Compatible with most community fish; they spend most of their time buried in the sand and are harmless.,
Walking catfish,Clarias batrachus,https://upload.wikimedia.org//wikipedia/commons/3/34/Clarias_batrachus_Aquarium_tropical_du_Palais_de_la_Porte_Dor%C3%A9e_10_04_2016_1.jpg,"The Walking Catfish is a hardy, elongated predator capable of using its pectoral fins to ""walk"" across land in search of new water sources. For proper care, they require at least 75 to 125 gallons and a very secure, escape-proof lid. They are compatible only with larger, robust fish, as they are opportunistic and will eat anything they can fit in their mouths. A key remark is that they are considered a highly invasive species in many regions; check your local laws before attempting to keep one. The albino form is common in the aquarium trade. This fish can survive out of the water and ""walk"" as long as kept wet, for a very long time. ",10–28 degrees celsius,"The Walking Catfish is a hardy, elongated predator capable of using its pectoral fins to ""walk"" across land in search of new water sources. For proper care, they require at least 75 to 125 gallons and a very secure, escape-proof lid. They are compatible only with larger, robust fish, as they are opportunistic and will eat anything they can fit in their mouths. A key remark is that they are considered a highly invasive species in many regions; check your local laws before attempting to keep one. The albino form is common in the aquarium trade. This fish can survive out of the water and ""walk"" as long as kept wet, for a very long time.",6.0 - 8.0,100 – 200 gallons,"25.0-40.0 cm / 9.8-15.7""","Invasive/Aggressive: Generally doesn't need a tankmate; they are highly predatory, can breathe air, and can escape most tanks.",https://en.wikipedia.org//wiki/Clarias_batrachus
Stinging catfish,Heteropneustes fossilis,,"The Stinging Catfish is a long, slender species with a sharp, venomous spine located in its pectoral fins that can deliver a very painful sting. Proper care requires at least 55 to 75 gallons and extreme caution during tank maintenance. They are compatible with larger, fast-moving fish but should be handled with a thick container rather than a net to avoid stings. Notable remarks include their ability to breathe atmospheric air using a primitive lung-like organ, meaning they must have access to the water's surface.",22–27 degrees celsius,"The Stinging Catfish is a long, slender species with a sharp, venomous spine located in its pectoral fins that can deliver a very painful sting. Proper care requires at least 55 to 75 gallons and extreme caution during tank maintenance. They are compatible with larger, fast-moving fish but should be handled with a thick container rather than a net to avoid stings. Notable remarks include their ability to breathe atmospheric air using a primitive lung-like organ, meaning they must have access to the water's surface.",6.0 - 8.0,40 – 55 gallons,"25.0-30.0 cm / 9.8-11.8""",Aggressive/Venomous: Generally doesn't need a tankmate; they possess venomous spines and can be highly aggressive toward other bottom-dwellers.,
Sun catfish,Horabagrus brachysoma,https://upload.wikimedia.org//wikipedia/commons/8/84/The_Manjakoori_%28Sun_Catfish%29_from_the_Chalakudy_River%2C_Kerala.jpg,"The Sun Catfish is a striking species from India, easily identified by its golden-yellow body and the prominent large black ""sun"" spot located just behind each gill cover. For proper care, they require a minimum of 55 to 75 gallons because they reach an adult size of roughly 12 inches and are quite active. They are generally compatible with other large, robust community fish but are opportunistic predators that will consume any tank mate small enough to be swallowed. Important remarks for their maintenance include providing a well-oxygenated environment with plenty of hiding places, such as caves or driftwood, as they are naturally nocturnal and prefer to retreat during the day.",22–27 degrees celsius,"The Sun Catfish is a striking species from India, easily identified by its golden-yellow body and the prominent large black ""sun"" spot located just behind each gill cover. For proper care, they require a minimum of 55 to 75 gallons because they reach an adult size of roughly 12 inches and are quite active. They are generally compatible with other large, robust community fish but are opportunistic predators that will consume any tank mate small enough to be swallowed. Important remarks for their maintenance include providing a well-oxygenated environment with plenty of hiding places, such as caves or driftwood, as they are naturally nocturnal and prefer to retreat during the day.",6.0 - 7.5,55 – 75 gallons,"25.0-45.0 cm / 9.8-17.7""","Compatible with larger, active community fish; they are active nocturnal predators that may eat very small tankmates.",
Iridescent shark,Pangasianodon hypophthalmus,https://upload.wikimedia.org//wikipedia/commons/7/73/Aquarium_tropical_de_Pierrefitte-Nestalas_03082018_Pangasianodon_hypophthalmus_2.jpg,"The Iridescent Shark is not a shark at all but a high-bodied catfish that gets its name from its shimmering, silvery-blue juvenile coloration and shark-like profile. These fish are almost entirely unsuitable for standard home aquariums because they are extremely active open-water swimmers that can reach lengths of over 3 feet, requiring massive tanks or indoor ponds of 300 to 500+ gallons. They are compatible with other very large, non-aggressive fish, but they are notoriously nervous and prone to injuring themselves by darting into glass when startled. Key remarks include their need for vast swimming space and the fact that they eventually lose their iridescent sheen, becoming a solid, duller grey as they mature.",24–28 degrees celsius,"The Iridescent Shark is not a shark at all but a high-bodied catfish that gets its name from its shimmering, silvery-blue juvenile coloration and shark-like profile. These fish are almost entirely unsuitable for standard home aquariums because they are extremely active open-water swimmers that can reach lengths of over 3 feet, requiring massive tanks or indoor ponds of 300 to 500+ gallons. They are compatible with other very large, non-aggressive fish, but they are notoriously nervous and prone to injuring themselves by darting into glass when startled. Key remarks include their need for vast swimming space and the fact that they eventually lose their iridescent sheen, becoming a solid, duller grey as they mature.",6.5 - 7.5,"300 – 1,000+ gallons","100.0-130.0 cm / 39.4-51.2""","Monster Fish Only: Do not keep with standard community fish; they grow massive, are extremely active swimmers, and require enormous tanks.",https://en.wikipedia.org//wiki/Pangasianodon_hypophthalmus
"Chao Phraya giant shark, giant pangasius",Pangasius sanitwongsei,https://upload.wikimedia.org//wikipedia/commons/9/99/Pangasiidae_-_Pangasius_sanitwongsei.jpg,"The Chao Phraya Giant Shark is a massive predatory catfish with long, pointed fins and a wide, powerful mouth. This is a true ""tank buster"" that can reach nearly 10 feet in the wild and several feet in captivity, making it inappropriate for all but the largest public aquarium displays or massive custom ponds. They are compatible only with other giants of similar size, as their predatory nature and sheer power make them a threat to almost everything else. Notable remarks include their extreme speed and the high risk they pose to aquarium glass and equipment; they are considered a critically endangered species in their native habitat.",22–26 degrees celsius,"The Chao Phraya Giant Shark is a massive predatory catfish with long, pointed fins and a wide, powerful mouth. This is a true ""tank buster"" that can reach nearly 10 feet in the wild and several feet in captivity, making it inappropriate for all but the largest public aquarium displays or massive custom ponds. They are compatible only with other giants of similar size, as their predatory nature and sheer power make them a threat to almost everything else. Notable remarks include their extreme speed and the high risk they pose to aquarium glass and equipment; they are considered a critically endangered species in their native habitat.",6.5 - 7.5,"500 – 1,000+ gallons","200.0-300.0 cm / 78.7-118.1""","Monster Fish Only: Highly predatory and grows exceptionally large; only compatible with other massive, robust ""monster"" fish.",https://en.wikipedia.org//wiki/Pangasius_sanitwongsei
Colombian shark catfish,Ariopsis seemanni,https://upload.wikimedia.org//wikipedia/commons/f/f6/MA_Luisenpark_Sciades_seemanni.jpg,"The Colombian Shark Catfish is a sleek, silvery predator with a shark-like appearance that is often sold in freshwater, though it is actually a brackish species. For successful long-term care, they must eventually be moved from freshwater to brackish water, and finally to full marine conditions as they reach their 10-to-14-inch adult size. They are active schooling fish that require a minimum of 75 gallons and are compatible with other large, active brackish species like Monos or Archers. Important remarks include their sharp, venomous dorsal and pectoral spines, which require extreme caution during handling, and the necessity of a high-protein diet.",24–28 degrees celsius,"The Colombian Shark Catfish is a sleek, silvery predator with a shark-like appearance that is often sold in freshwater, though it is actually a brackish species. For successful long-term care, they must eventually be moved from freshwater to brackish water, and finally to full marine conditions as they reach their 10-to-14-inch adult size. They are active schooling fish that require a minimum of 75 gallons and are compatible with other large, active brackish species like Monos or Archers. Important remarks include their sharp, venomous dorsal and pectoral spines, which require extreme caution during handling, and the necessity of a high-protein diet.",7.0 - 8.5,75 – 125 gallons,"35.0-60.0 cm / 13.8-23.6""","Compatible with large, semi-aggressive fish; they require brackish water as they mature and are active predators.",https://en.wikipedia.org//wiki/Ariopsis_seemanni
Blue whale catfish,Cetopsis coecutiens,,"The Blue Whale Catfish is an unusual, highly streamlined species with a blue-grey, scaleless body and very small eyes, giving it a whale-like appearance. These are specialized, aggressive predators that use their keen sense of smell to locate food and are known for their frantic ""feeding frenzy"" behavior. They require a minimum of 55 gallons with high oxygenation and a strong current, but they are generally not compatible with other fish, as they have a tendency to nip at and burrow into the sides of tank mates. A key remark for their care is that they are best kept in a species-only setup to prevent them from harming other inhabitants.",22–26 degrees celsius,"The Blue Whale Catfish is an unusual, highly streamlined species with a blue-grey, scaleless body and very small eyes, giving it a whale-like appearance. These are specialized, aggressive predators that use their keen sense of smell to locate food and are known for their frantic ""feeding frenzy"" behavior. They require a minimum of 55 gallons with high oxygenation and a strong current, but they are generally not compatible with other fish, as they have a tendency to nip at and burrow into the sides of tank mates. A key remark for their care is that they are best kept in a species-only setup to prevent them from harming other inhabitants.",6.5 - 7.5,20 – 30 gallons,"20.0-25.0 cm / 7.9-9.8""","Highly Predatory: Best kept alone or with very large, fast fish; they are capable of swallowing prey nearly their own size.",
Banjo catfish,Bunocephalus coracoideus,,"The Banjo Catfish is a bizarre, highly flattened scavenger with a wide head and a long, thin body that resembles the musical instrument of the same name. They are masters of camouflage, typically colored in mottled browns and greys to blend in with leaf litter on the riverbed. Proper care requires a minimum of 20 to 30 gallons with a deep, soft sand substrate where they can bury themselves completely. They are excellently compatible with peaceful community fish and are remarkably sedentary, often remaining in the same spot for days at a time.",22–27 degrees celsius,"The Banjo Catfish is a bizarre, highly flattened scavenger with a wide head and a long, thin body that resembles the musical instrument of the same name. They are masters of camouflage, typically colored in mottled browns and greys to blend in with leaf litter on the riverbed. Proper care requires a minimum of 20 to 30 gallons with a deep, soft sand substrate where they can bury themselves completely. They are excellently compatible with peaceful community fish and are remarkably sedentary, often remaining in the same spot for days at a time.",6.0 - 8.0,20 – 30 gallons,"12.0-15.0 cm / 4.7-5.9""",Compatible with most peaceful community fish; they are very sedentary and harmless to anything they cannot fit in their mouth.,
Striped raphael catfish,Platydoras armatulus,https://upload.wikimedia.org//wikipedia/commons/7/78/Platydoras_costatus_5_%28Piotr_Kuczynski%29.jpg,"The Striped Raphael Catfish is a hardy, armor-plated scavenger known for the bold white-and-black horizontal stripes running the length of its body. They are also called ""talking catfish"" because they can produce a distinct croaking sound by rubbing their pectoral fins against their joints. They require a minimum of 30 to 50 gallons and are highly compatible with almost any fish too large to be eaten, from peaceful tetras to semi-aggressive cichlids. Notable remarks include their very long lifespan (often 15+ years) and the fact that they are strictly nocturnal, usually only appearing when the lights go out or food is scented.",22–26 degrees celsius,"The Striped Raphael Catfish is a hardy, armor-plated scavenger known for the bold white-and-black horizontal stripes running the length of its body. They are also called ""talking catfish"" because they can produce a distinct croaking sound by rubbing their pectoral fins against their joints. They require a minimum of 30 to 50 gallons and are highly compatible with almost any fish too large to be eaten, from peaceful tetras to semi-aggressive cichlids. Notable remarks include their very long lifespan (often 15+ years) and the fact that they are strictly nocturnal, usually only appearing when the lights go out or food is scented.",6.5 - 7.5,30 – 55 gallons,"20.0-24.0 cm / 7.9-9.4""","Compatible with medium to large community fish; they are peaceful, armored scavengers that prefer to hide during the day.",https://en.wikipedia.org//wiki/Platydoras_armatulus
Spotted raphael catfish,Agamyxis pectinifrons,https://upload.wikimedia.org//wikipedia/commons/7/7e/Dornwels.JPG,"The Spotted Raphael Catfish is a smaller, stouter relative of the striped variety, featuring a dark black body covered in brilliant white spots. Their care is very similar to the striped Raphael, requiring at least 30 gallons and plenty of tight caves or crevices where they can wedge themselves during the day. They are incredibly peaceful and armored enough to live with much larger, more aggressive tank mates without issue. A key remark for this species is that they are very slow feeders; you must ensure they receive sinking pellets or frozen foods at night so they aren't outcompeted by faster fish.",23–28 degrees celsius,"The Spotted Raphael Catfish is a smaller, stouter relative of the striped variety, featuring a dark black body covered in brilliant white spots. Their care is very similar to the striped Raphael, requiring at least 30 gallons and plenty of tight caves or crevices where they can wedge themselves during the day. They are incredibly peaceful and armored enough to live with much larger, more aggressive tank mates without issue. A key remark for this species is that they are very slow feeders; you must ensure they receive sinking pellets or frozen foods at night so they aren't outcompeted by faster fish.",6.5 - 7.5,30 – 55 gallons,"15.0-20.0 cm / 5.9-7.9""","Compatible with similar-sized community fish; like their striped cousins, they are peaceful but nocturnal and shy.",
Bottlenose catfish,Ageneiosus marmoratus,,"The Bottlenose Catfish is a sleek, specialized predator with a flattened head and a wide mouth that gives it a profile reminiscent of a dolphin or bottlenose whale. They are mid-water to surface-dwelling predators that reach roughly 8 to 12 inches and require at least 75 gallons of space. They are compatible with large, peaceful community fish but will easily swallow any tank mate that fits into their surprisingly wide gape. Important remarks include their nocturnal nature and their preference for a diet of live or frozen meaty foods, as they can be difficult to transition onto dry pellets.",22–27 degrees celsius,"The Bottlenose Catfish is a sleek, specialized predator with a flattened head and a wide mouth that gives it a profile reminiscent of a dolphin or bottlenose whale. They are mid-water to surface-dwelling predators that reach roughly 8 to 12 inches and require at least 75 gallons of space. They are compatible with large, peaceful community fish but will easily swallow any tank mate that fits into their surprisingly wide gape. Important remarks include their nocturnal nature and their preference for a diet of live or frozen meaty foods, as they can be difficult to transition onto dry pellets.",6.0 - 7.5,55 – 75 gallons,"20.0-30.0 cm / 7.9-11.8""","Compatible with large, calm tankmates; they are shy, slow-moving, and require a peaceful environment to feed.",https://en.wikipedia.org//wiki/Ageneiosus_marmoratus
Gulper catfish,Asterophysus batrachus,,"The Gulper Catfish is a legendary predator in the hobby, famous for its cavernous mouth and expandable stomach that allows it to swallow fish nearly its own size. Despite reaching only about 10 inches, they require at least 55 to 75 gallons to accommodate their heavy feeding habits and waste production. They are almost never compatible with other fish and are strictly recommended for species-only setups, as even fish slightly larger than them may be viewed as food. Key remarks include their sedentary lifestyle and their need for high-quality meaty foods like whole shrimp or fish fillets.",22–27 degrees celsius,"The Gulper Catfish is a legendary predator in the hobby, famous for its cavernous mouth and expandable stomach that allows it to swallow fish nearly its own size. Despite reaching only about 10 inches, they require at least 55 to 75 gallons to accommodate their heavy feeding habits and waste production. They are almost never compatible with other fish and are strictly recommended for species-only setups, as even fish slightly larger than them may be viewed as food. Key remarks include their sedentary lifestyle and their need for high-quality meaty foods like whole shrimp or fish fillets.",6.0 - 7.5,50 – 75 gallons,"20.0-25.0 cm / 7.9-9.8""",Highly Predatory: Best kept in a species-only tank; they have an incredible stomach capacity and will eat almost any tankmate.,
Midnight catfish,Auchenipterichthys coracoideus,,"The Midnight Catfish is a beautiful, velvet-black species covered in fine white spots, making it look like a starry night sky. For proper care, they require at least 30 to 40 gallons and a heavily decorated tank with lots of driftwood and plants to provide the dim, shaded environment they crave. They are perfectly compatible with peaceful community fish and are much more active in groups of three or more. A notable remark is that they are strictly nocturnal; you may rarely see them unless you provide ""moonlight"" LEDs or feed the tank after dark.",22–26 degrees celsius,"The Midnight Catfish is a beautiful, velvet-black species covered in fine white spots, making it look like a starry night sky. For proper care, they require at least 30 to 40 gallons and a heavily decorated tank with lots of driftwood and plants to provide the dim, shaded environment they crave. They are perfectly compatible with peaceful community fish and are much more active in groups of three or more. A notable remark is that they are strictly nocturnal; you may rarely see them unless you provide ""moonlight"" LEDs or feed the tank after dark.",6.0 - 7.2,30 – 55 gallons,"15.0-20.0 cm / 5.9-7.9""","Compatible with peaceful nocturnal fish; they stay small and are very docile, preferring to stay hidden in caves.",
Oil catfish,Centromochlus perugiae,,"The Oil Catfish, also known as the Honeycomb Woodcat, is a small, attractive species featuring a stark white body covered in a bold black honeycomb pattern. Their care is ideal for medium-sized tanks (20–30 gallons) with moderate water flow and plenty of hiding spots in driftwood or PVC pipes. They are peaceful and compatible with other small community fish but are lightning-fast swimmers that emerge only when they smell food in the water. Key remarks include their unique ""surface-feeding"" style where they zip along the top of the water to grab food before retreating instantly back to their caves.",24–28 degrees celsius,"The Oil Catfish, also known as the Honeycomb Woodcat, is a small, attractive species featuring a stark white body covered in a bold black honeycomb pattern. Their care is ideal for medium-sized tanks (20?30 gallons) with moderate water flow and plenty of hiding spots in driftwood or PVC pipes. They are peaceful and compatible with other small community fish but are lightning-fast swimmers that emerge only when they smell food in the water. Key remarks include their unique ""surface-feeding"" style where they zip along the top of the water to grab food before retreating instantly back to their caves.",6.0 - 7.5,20 – 30 gallons,"10.0-12.0 cm / 3.9-4.7""","Compatible with active, mid-water schooling fish; they are social, peaceful, and swim more actively than other catfish.",
Jaguar catfish,Liosomadoras oncinus,,"The Jaguar Catfish is a prized collector’s fish, named for its stunning gold and black marbled pattern that mimics the coat of a jaguar. For successful care, they need a minimum of 55 gallons and a mature tank with very high water quality, as they are sensitive to nitrates. They are compatible with medium-sized community fish but can be territorial toward other woodcats or bottom-dwellers. Important remarks include their extreme shyness; they must have several dark, secure caves to feel safe, or they may refuse to eat.",21–25 degrees celsius,"The Jaguar Catfish is a prized collector?s fish, named for its stunning gold and black marbled pattern that mimics the coat of a jaguar. For successful care, they need a minimum of 55 gallons and a mature tank with very high water quality, as they are sensitive to nitrates. They are compatible with medium-sized community fish but can be territorial toward other woodcats or bottom-dwellers. Important remarks include their extreme shyness; they must have several dark, secure caves to feel safe, or they may refuse to eat.",6.0 - 7.0,55 – 90 gallons,"15.0-20.0 cm / 5.9-7.9""",Compatible with medium-sized Cichlids; they are stunning predators that are peaceful toward fish too large to swallow.,
Pygmy driftwood catfish,Trachelyichthys exilis,,"The Pygmy Driftwood Catfish is an elongated, small species with horizontal stripes and a very peaceful disposition. They require at least 20 to 30 gallons and thrive in setups with lots of tangled branches and floating plants to diffuse the light. They are highly compatible with other small community fish like tetras and rasboras. A key remark for this species is their social nature; they are much more likely to venture out into the open if kept in a group, where they will often shoal together in the shadows.",24–28 degrees celsius,"The Pygmy Driftwood Catfish is an elongated, small species with horizontal stripes and a very peaceful disposition. They require at least 20 to 30 gallons and thrive in setups with lots of tangled branches and floating plants to diffuse the light. They are highly compatible with other small community fish like tetras and rasboras. A key remark for this species is their social nature; they are much more likely to venture out into the open if kept in a group, where they will often shoal together in the shadows.",6.0 - 7.2,15 – 20 gallons,"3.5-4.5 cm / 1.4-1.8""","Compatible with very small, peaceful fish; they are tiny, social driftwood cats that are perfect for planted tanks.",
Black phantom tetra,Hyphessobrycon megalopterus,https://upload.wikimedia.org//wikipedia/commons/4/40/Hyphessobrycon_megalopterus_Porte_Doree.jpg,"The Black Phantom Tetra is a popular, deep-bodied species characterized by its charcoal-grey body and a prominent, iridescent black ""phantom"" patch behind the gills. Males are distinguished by their impressively large, flowing black dorsal and anal fins, which they flare during peaceful territorial displays. For proper care, they require at least 20 gallons and should be kept in schools of six or more to promote natural behavior and reduce stress. They are highly compatible with other peaceful community fish and thrive in well-planted aquariums with dim lighting and soft, slightly acidic water.",24–28 degrees celsius,"The Black Phantom Tetra is a popular, deep-bodied species characterized by its charcoal-grey body and a prominent, iridescent black ""phantom"" patch behind the gills. Males are distinguished by their impressively large, flowing black dorsal and anal fins, which they flare during peaceful territorial displays. For proper care, they require at least 20 gallons and should be kept in schools of six or more to promote natural behavior and reduce stress. They are highly compatible with other peaceful community fish and thrive in well-planted aquariums with dim lighting and soft, slightly acidic water.",6.0 - 7.5,15 – 20 gallons,"3.5-4.5 cm / 1.4-1.8""","Compatible with most peaceful community fish; they are deep-bodied, social tetras that prefer being in schools.",https://en.wikipedia.org//wiki/Hyphessobrycon_megalopterus
Black neon tetra,Hyphessobrycon herbertaxelrodi,https://upload.wikimedia.org//wikipedia/commons/2/2d/Black_neon_tetra.jpg,"The Black Neon Tetra features a sleek, dark body highlighted by two distinct horizontal stripes: a brilliant neon-greenish white upper stripe and a deep black lower stripe. Despite the name, they are not closely related to true Neons, but they share similar care requirements, thriving in schools in at least 15 to 20 gallons. They are excellently compatible with other small, peaceful dither fish and are known for their hardy nature compared to other small tetras. A key remark for their upkeep is that their colors are most vibrant in ""blackwater"" setups with plenty of leaf litter and peat-filtered water.",22–26 degrees celsius,"The Black Neon Tetra features a sleek, dark body highlighted by two distinct horizontal stripes: a brilliant neon-greenish white upper stripe and a deep black lower stripe. Despite the name, they are not closely related to true Neons, but they share similar care requirements, thriving in schools in at least 15 to 20 gallons. They are excellently compatible with other small, peaceful dither fish and are known for their hardy nature compared to other small tetras. A key remark for their upkeep is that their colors are most vibrant in ""blackwater"" setups with plenty of leaf litter and peat-filtered water.",5.5 - 7.5,10 – 15 gallons,"3.5-4.0 cm / 1.4-1.6""","Compatible with small, calm fish like Rasboras; they are very peaceful and occupy the middle to upper water layers.",https://en.wikipedia.org//wiki/Hyphessobrycon_herbertaxelrodi
"Black tetra, skirt tetra",Gymnocorymbus ternetzi,https://upload.wikimedia.org//wikipedia/commons/c/c4/Adulter_Trauermantelsalmer-Gymnocorymbus_ternetzi.jpg,"The Black Tetra, often called the Black Skirt Tetra, is a very hardy species known for its translucent silver body and two bold vertical black bars, complemented by a large, ""skirt-like"" anal fin. As they mature, their deep black coloration often fades to a smoky grey, though long-finned and ""glo-fish"" varieties remain popular. They require a minimum of 20 gallons and are compatible with most active community fish, though they can occasionally be ""nippy"" toward tank mates with long, flowing fins. Notable remarks include their preference for moderate water flow and their resilience, making them an ideal choice for beginner aquarists.",20–27 degrees celsius,"The Black Tetra, often called the Black Skirt Tetra, is a very hardy species known for its translucent silver body and two bold vertical black bars, complemented by a large, ""skirt-like"" anal fin. As they mature, their deep black coloration often fades to a smoky grey, though long-finned and ""glo-fish"" varieties remain popular. They require a minimum of 20 gallons and are compatible with most active community fish, though they can occasionally be ""nippy"" toward tank mates with long, flowing fins. Notable remarks include their preference for moderate water flow and their resilience, making them an ideal choice for beginner aquarists.",6.0 - 8.0,20 – 30 gallons,"5.0-7.0 cm / 2.0-2.8""","Compatible with most community fish; they can be slightly nippy, so keep them in large groups to focus their energy on each other.",https://en.wikipedia.org//wiki/Gymnocorymbus_ternetzi
Bleeding heart tetra,Hyphessobrycon erythrostigma,https://upload.wikimedia.org//wikipedia/commons/9/98/Kirschflecksalmler-W.jpg,"The Bleeding Heart Tetra is an elegant, larger species named for the striking, bright red ""heart"" spot located on its silver-pink iridescent flank. Reaching about 2.5 to 3 inches, they require at least 25 to 30 gallons of swimming space to accommodate their active nature. They are peaceful and compatible with other medium-sized community dwellers like Rasboras or peaceful Cichlids. Important remarks for their care include the necessity of keeping them in groups of six or more to ensure they remain confident and the provision of high-quality flake or frozen foods to maintain their vibrant red markings.",19–29 degrees celsius,"The Bleeding Heart Tetra is an elegant, larger species named for the striking, bright red ""heart"" spot located on its silver-pink iridescent flank. Reaching about 2.5 to 3 inches, they require at least 25 to 30 gallons of swimming space to accommodate their active nature. They are peaceful and compatible with other medium-sized community dwellers like Rasboras or peaceful Cichlids. Important remarks for their care include the necessity of keeping them in groups of six or more to ensure they remain confident and the provision of high-quality flake or frozen foods to maintain their vibrant red markings.",6.0 - 7.2,20 – 30 gallons,"5.0-6.5 cm / 2.0-2.6""",Compatible with other active tetras; they are peaceful but large enough to stay with slightly more active tankmates.,https://en.wikipedia.org//wiki/Hyphessobrycon_erythrostigma
Bloodfin tetra,Aphyocharax anisitsi,https://upload.wikimedia.org//wikipedia/commons/d/dc/Aphyocharax_anisitsi_2.jpg,"The Bloodfin Tetra is a sleek, silver-bodied fish with striking, blood-red coloration on its dorsal, anal, and caudal fins. They are exceptionally hardy and active swimmers that prefer the upper and middle levels of the aquarium, requiring at least 20 gallons of space. They are highly compatible with a wide variety of community fish and are unique for their ability to thrive in cooler water temperatures, down to 18°C. A key remark for their maintenance is that they are known jumpers, so a tight-fitting lid is essential for their safety.",22–26 degrees celsius,"The Bloodfin Tetra is a sleek, silver-bodied fish with striking, blood-red coloration on its dorsal, anal, and caudal fins. They are exceptionally hardy and active swimmers that prefer the upper and middle levels of the aquarium, requiring at least 20 gallons of space. They are highly compatible with a wide variety of community fish and are unique for their ability to thrive in cooler water temperatures, down to 18?C. A key remark for their maintenance is that they are known jumpers, so a tight-fitting lid is essential for their safety.",6.0 - 8.0,20 – 30 gallons,"5.0-5.5 cm / 2.0-2.2""","Compatible with peaceful community tanks; they are hardy, active swimmers that appreciate a well-oxygenated environment.",https://en.wikipedia.org//wiki/Aphyocharax_anisitsi
Blue tetra,Knodus borki,https://upload.wikimedia.org//wikipedia/commons/6/6d/Boehlkea_fredcochui_malefemale.jpg,"The Blue Tetra is a stunning species featuring a shimmering, vibrant blue sheen across its entire body, especially under specialized aquarium lighting. They are very active and can be somewhat boisterous, requiring at least 20 to 30 gallons with plenty of open swimming room to prevent them from pestering slower tank mates. They are compatible with other fast-moving, robust community fish but may nip at the fins of slower, long-finned species. Notable remarks include their need for highly oxygenated, clean water and their preference for a school of eight or more to disperse their high energy.",21–26 degrees celsius,"The Blue Tetra is a stunning species featuring a shimmering, vibrant blue sheen across its entire body, especially under specialized aquarium lighting. They are very active and can be somewhat boisterous, requiring at least 20 to 30 gallons with plenty of open swimming room to prevent them from pestering slower tank mates. They are compatible with other fast-moving, robust community fish but may nip at the fins of slower, long-finned species. Notable remarks include their need for highly oxygenated, clean water and their preference for a school of eight or more to disperse their high energy.",6.0 - 7.5,15 – 20 gallons,"4.0-5.0 cm / 1.6-2.0""","Compatible with calm, soft-water fish; they are very peaceful but can be timid if kept in small groups.",
Bucktooth tetra,Exodon paradoxus,https://upload.wikimedia.org//wikipedia/commons/c/c9/DSCN6064_%286260740474%29.jpg,"The Bucktooth Tetra is a highly active, specialized predator known for its shimmering silver body and two distinct black spots. Unlike most tetras, they are ""lepidophages,"" meaning they primarily eat the scales of other fish in the wild. They require at least 55 gallons and are generally not compatible with other species; they are best kept in a large, single-species school of 12 or more to minimize aggression within the group. A critical remark is that they should never be housed with slow-moving or long-finned fish, as they will quickly strip them of their scales.",20–26 degrees celsius,"The Bucktooth Tetra is a highly active, specialized predator known for its shimmering silver body and two distinct black spots. Unlike most tetras, they are ""lepidophages,"" meaning they primarily eat the scales of other fish in the wild. They require at least 55 gallons and are generally not compatible with other species; they are best kept in a large, single-species school of 12 or more to minimize aggression within the group. A critical remark is that they should never be housed with slow-moving or long-finned fish, as they will quickly strip them of their scales.",5.5 - 7.5,30 – 40 gallons,"6.5-7.5 cm / 2.6-3.0""",Aggressive/Nippy: Best kept in a species-only tank or with very fast fish; they are notorious fin-nippers and very aggressive for their size.,https://en.wikipedia.org//wiki/Exodon_paradoxus
Buenos Aires tetra,Hyphessobrycon anisitsi,https://upload.wikimedia.org//wikipedia/commons/4/47/Hyphessobrycon_anisitsi.jpg,"The Buenos Aires Tetra is a large, hardy species with a silver body and vibrant red fins, often featuring a black diamond-shaped spot at the base of the tail. They reach about 3 inches in length and require a minimum of 30 gallons to accommodate their fast-paced schooling behavior. They are compatible with other robust community fish but are notorious for eating live plants, so they are best kept in tanks with plastic decorations or very tough plants like Anubias. Key remarks include their adaptability to a wide range of water parameters and their high activity level.",10–27 degrees celsius,"The Buenos Aires Tetra is a large, hardy species with a silver body and vibrant red fins, often featuring a black diamond-shaped spot at the base of the tail. They reach about 3 inches in length and require a minimum of 30 gallons to accommodate their fast-paced schooling behavior. They are compatible with other robust community fish but are notorious for eating live plants, so they are best kept in tanks with plastic decorations or very tough plants like Anubias. Key remarks include their adaptability to a wide range of water parameters and their high activity level.",6.0 - 8.0,30 – 40 gallons,"6.0-8.0 cm / 2.4-3.1""","Compatible with larger, robust community fish; they are active and can be boisterous, so they may stress out very shy species.",https://en.wikipedia.org//wiki/Hyphessobrycon_anisitsi
Cardinal tetra,Paracheirodon axelrodi,https://upload.wikimedia.org//wikipedia/commons/3/3e/Paracheirodon_cardinalis.JPG,"The Cardinal Tetra is one of the most iconic aquarium fish, featuring a brilliant neon-blue stripe above a solid, vivid red stripe that runs the entire length of the body. They require a minimum of 15 to 20 gallons and are more sensitive to water quality and fluctuations than the similar Neon Tetra. They are highly compatible with other peaceful, small community fish and thrive in acidic, soft water conditions typical of the Amazon. Important remarks include their preference for densely planted tanks and the necessity of keeping them in schools of at least 6 to 10 to reduce stress.",22–26 degrees celsius,"The Cardinal Tetra is one of the most iconic aquarium fish, featuring a brilliant neon-blue stripe above a solid, vivid red stripe that runs the entire length of the body. They require a minimum of 15 to 20 gallons and are more sensitive to water quality and fluctuations than the similar Neon Tetra. They are highly compatible with other peaceful, small community fish and thrive in acidic, soft water conditions typical of the Amazon. Important remarks include their preference for densely planted tanks and the necessity of keeping them in schools of at least 6 to 10 to reduce stress.",4.5 - 6.5,10 – 20 gallons,"3.5-5.0 cm / 1.4-2.0""","Compatible with other peaceful, small fish; they are iconic, social schooling fish that prefer soft, acidic water.",https://en.wikipedia.org//wiki/Paracheirodon_axelrodi
"Cave tetra, blind tetra",Astyanax mexicanus,https://upload.wikimedia.org//wikipedia/commons/e/e0/Astyanax_mexicanus%2C_Palmiarnia_Pozna%C5%84ska.jpg,"The Blind Cave Tetra is a unique, eyeless species that has evolved to live in total darkness, resulting in a pinkish-white translucent body and the complete absence of sight. For proper care, they require a minimum of 20 to 30 gallons and, despite their lack of eyes, they navigate the aquarium perfectly using their highly developed lateral line system to detect vibrations. They are peaceful and compatible with most community fish, but they can be slightly boisterous during feeding time. A notable remark for this species is that they do not require any specific lighting and are best kept in tanks with smooth decor to prevent injury as they ""feel"" their way around.",22–26 degrees celsius,"The Blind Cave Tetra is a unique, eyeless species that has evolved to live in total darkness, resulting in a pinkish-white translucent body and the complete absence of sight. For proper care, they require a minimum of 20 to 30 gallons and, despite their lack of eyes, they navigate the aquarium perfectly using their highly developed lateral line system to detect vibrations. They are peaceful and compatible with most community fish, but they can be slightly boisterous during feeding time. A notable remark for this species is that they do not require any specific lighting and are best kept in tanks with smooth decor to prevent injury as they ""feel"" their way around.",7.0 - 8.0,15 – 20 gallons,"7.0-9.0 cm / 2.8-3.5""",Compatible with other specialized fish; they are peaceful but have specific cave-dwelling requirements.,https://en.wikipedia.org//wiki/Astyanax_mexicanus
Diamond tetra,Moenkhausia pittieri,https://upload.wikimedia.org//wikipedia/commons/e/ee/Brillantsalmler.jpg,"The Diamond Tetra is prized for its shimmering, diamond-like scales that reflect a spectrum of colors when they catch the light. They have a deep-bodied shape and long, flowing fins that become more dramatic as the fish matures. Proper care involves at least 20 to 30 gallons and a school of six or more to ensure they feel secure and display their best colors. They are excellently compatible with other peaceful community fish and thrive in well-planted tanks with soft, slightly acidic water. Key remarks include their need for high-quality food to maintain their iridescence and their preference for slightly dimmed lighting.",20–28 degrees celsius,"The Diamond Tetra is prized for its shimmering, diamond-like scales that reflect a spectrum of colors when they catch the light. They have a deep-bodied shape and long, flowing fins that become more dramatic as the fish matures. Proper care involves at least 20 to 30 gallons and a school of six or more to ensure they feel secure and display their best colors. They are excellently compatible with other peaceful community fish and thrive in well-planted tanks with soft, slightly acidic water. Key remarks include their need for high-quality food to maintain their iridescence and their preference for slightly dimmed lighting.",6.0 - 7.5,20 – 30 gallons,"5.0-6.0 cm / 2.0-2.4""",Compatible with most community fish; they are very peaceful and their shimmering scales make them a great display school.,https://en.wikipedia.org//wiki/Moenkhausia_pittieri
Ember tetra,Hyphessobrycon amandae,https://upload.wikimedia.org//wikipedia/commons/5/55/AKT_1430bq.jpg,"The Ember Tetra is a popular nano-species known for its vibrant, fiery orange-to-red coloration and translucent body. They are very small, reaching only about 0.8 inches, making them ideal for nano-aquariums of 10 gallons or more. They are highly compatible with other tiny, peaceful tank mates like shrimp and Rasboras, and should be kept in schools of at least 8 to 10. Important remarks include their preference for densely planted tanks with dark substrate, which helps their bright colors pop, and their need for very fine-grade foods.",22–27 degrees celsius,"The Ember Tetra is a popular nano-species known for its vibrant, fiery orange-to-red coloration and translucent body. They are very small, reaching only about 0.8 inches, making them ideal for nano-aquariums of 10 gallons or more. They are highly compatible with other tiny, peaceful tank mates like shrimp and Rasboras, and should be kept in schools of at least 8 to 10. Important remarks include their preference for densely planted tanks with dark substrate, which helps their bright colors pop, and their need for very fine-grade foods.",5.5 - 7.0,5 – 10 gallons,"1.5-2.0 cm / 0.6-0.8""","Compatible with other Nano fish; they are tiny, peaceful, and look best in heavily planted aquariums.",https://en.wikipedia.org//wiki/Hyphessobrycon_amandae
Emperor tetra,Nematobrycon palmeri,https://upload.wikimedia.org//wikipedia/commons/5/5e/Emperor_tetra.jpg,"The Emperor Tetra is an elegant species featuring a purple-blue iridescent sheen and a distinct black horizontal stripe that extends into a triple-pointed ""trident"" tail in males. They require a minimum of 20 to 30 gallons and are unique among tetras because they do not school as tightly, with males often claiming small territories. They are compatible with peaceful community fish and appreciate a mature tank with plenty of vegetation. Notable remarks include the striking blue eyes of the males versus the green eyes of the females and their preference for soft, peat-filtered water.",22–26 degrees celsius,"The Emperor Tetra is an elegant species featuring a purple-blue iridescent sheen and a distinct black horizontal stripe that extends into a triple-pointed ""trident"" tail in males. They require a minimum of 20 to 30 gallons and are unique among tetras because they do not school as tightly, with males often claiming small territories. They are compatible with peaceful community fish and appreciate a mature tank with plenty of vegetation. Notable remarks include the striking blue eyes of the males versus the green eyes of the females and their preference for soft, peat-filtered water.",5.0 - 7.5,15 – 20 gallons,"4.0-5.0 cm / 1.6-2.0""","Compatible with peaceful, medium-sized fish; they are elegant swimmers that need plenty of open space.",
Flame tetra,Hyphessobrycon flammeus,https://upload.wikimedia.org//wikipedia/commons/a/ad/Roter_von_Rio_-_Hyphessobrycon_flammeus.jpg,"The Flame Tetra, also known as the Von Rio Tetra, features a silver-grey front half that transitions into a brilliant, fiery red on the back half and fins. For proper care, they need at least 15 to 20 gallons and are known for being one of the hardier tetra species for beginners. They are perfectly compatible with other small community fish and thrive in a setup with plenty of hiding places among plants. Key remarks include their sensitivity to high nitrates and the fact that their red coloration intensifies significantly when they are provided with a high-quality, varied diet.",22–26 degrees celsius,"The Flame Tetra, also known as the Von Rio Tetra, features a silver-grey front half that transitions into a brilliant, fiery red on the back half and fins. For proper care, they need at least 15 to 20 gallons and are known for being one of the hardier tetra species for beginners. They are perfectly compatible with other small community fish and thrive in a setup with plenty of hiding places among plants. Key remarks include their sensitivity to high nitrates and the fact that their red coloration intensifies significantly when they are provided with a high-quality, varied diet.",5.5 - 7.5,15 – 20 gallons,"4.0-5.0 cm / 1.6-2.0""","Compatible with other small, docile tetras; they are peaceful and adapt well to various water conditions.",https://en.wikipedia.org//wiki/Hyphessobrycon_flammeus
"Garnet tetra, pretty tetra",Hemigrammus pulcher,https://upload.wikimedia.org//wikipedia/commons/2/23/H.pulcher_IMG_3268.jpg,"The Garnet Tetra is a deep-bodied, subtle beauty with a golden-green iridescent body and a bold black wedge-shaped mark near the tail, topped with a glowing copper-red spot. They require a minimum of 20 gallons and are relatively shy, so they should be kept in a group of six or more to build confidence. They are highly compatible with other peaceful Amazonian species and prefer tanks with lots of driftwood and leaf litter. Important remarks include their preference for soft, acidic water and their tendency to look their best in low-light environments.",10–28 degrees celsius,"The Garnet Tetra is a deep-bodied, subtle beauty with a golden-green iridescent body and a bold black wedge-shaped mark near the tail, topped with a glowing copper-red spot. They require a minimum of 20 gallons and are relatively shy, so they should be kept in a group of six or more to build confidence. They are highly compatible with other peaceful Amazonian species and prefer tanks with lots of driftwood and leaf litter. Important remarks include their preference for soft, acidic water and their tendency to look their best in low-light environments.",6.0 - 7.5,15 – 20 gallons,"4.0-5.0 cm / 1.6-2.0""","Compatible with similar-sized community fish; they are very peaceful and have a unique, subtle beauty.",
Glass bloodfin tetra,Prionobrama filigera,https://upload.wikimedia.org//wikipedia/commons/9/95/Bloodfin_Glass_Tetra.jpg,"The Glass Bloodfin Tetra is a unique species with a translucent, glass-like body and a vibrant, blood-red tail fin. They are very active swimmers that occupy the upper levels of the tank, requiring a minimum of 20 gallons with plenty of open surface area. They are compatible with most peaceful community fish and are known for being exceptionally hardy and long-lived. Notable remarks include their jumping ability, which necessitates a tight lid, and their requirement for a school of at least six to prevent them from becoming nippy.",24–28 degrees celsius,"The Glass Bloodfin Tetra is a unique species with a translucent, glass-like body and a vibrant, blood-red tail fin. They are very active swimmers that occupy the upper levels of the tank, requiring a minimum of 20 gallons with plenty of open surface area. They are compatible with most peaceful community fish and are known for being exceptionally hardy and long-lived. Notable remarks include their jumping ability, which necessitates a tight lid, and their requirement for a school of at least six to prevent them from becoming nippy.",6.0 - 7.5,20 – 30 gallons,"5.0-6.0 cm / 2.0-2.4""","Compatible with most community fish; they are hardy and provide a unique ""see-through"" aesthetic.",https://en.wikipedia.org//wiki/Prionobrama_filigera
Glowlight tetra,Hemigrammus erythrozonus,https://upload.wikimedia.org//wikipedia/commons/b/b4/Tetra_Glowlight_cropped.jpg,"The Glowlight Tetra is a peaceful favorite featuring a translucent body with a bright, glowing orange-red horizontal stripe that resembles the filament of a lightbulb. Proper care requires a minimum of 15 to 20 gallons and a school of six or more to ensure they remain active and colorful. They are excellently compatible with other small, calm community fish like Neons and Corydoras. Key remarks include their preference for dim lighting and dark substrate, which makes their ""glow"" appear much more vivid.",24–28 degrees celsius,"The Glowlight Tetra is a peaceful favorite featuring a translucent body with a bright, glowing orange-red horizontal stripe that resembles the filament of a lightbulb. Proper care requires a minimum of 15 to 20 gallons and a school of six or more to ensure they remain active and colorful. They are excellently compatible with other small, calm community fish like Neons and Corydoras. Key remarks include their preference for dim lighting and dark substrate, which makes their ""glow"" appear much more vivid.",5.5 - 7.5,10 – 15 gallons,"3.5-4.5 cm / 1.4-1.8""",Compatible with other peaceful community fish; they are very social and their bright nose makes them easy to spot.,
Golden pristella tetra,Pristella maxillaris,https://upload.wikimedia.org//wikipedia/commons/c/c4/Pristella_maxillaris.jpg,"The Golden Pristella Tetra is a color morph of the hardy X-ray Tetra, featuring a translucent golden-yellow body and striking black, white, and yellow bands on its fins. They are exceptionally resilient and adaptable, making them an ideal choice for beginners in a minimum of 15 to 20 gallons. They are highly compatible with almost any peaceful community fish and thrive in a variety of water conditions. Notable remarks include their preference for a school of six or more and their reputation as one of the most long-lived small tetra species.",24–28 degrees celsius,"The Golden Pristella Tetra is a color morph of the hardy X-ray Tetra, featuring a translucent golden-yellow body and striking black, white, and yellow bands on its fins. They are exceptionally resilient and adaptable, making them an ideal choice for beginners in a minimum of 15 to 20 gallons. They are highly compatible with almost any peaceful community fish and thrive in a variety of water conditions. Notable remarks include their preference for a school of six or more and their reputation as one of the most long-lived small tetra species.",6.0 - 8.0,15 – 20 gallons,"3.5-4.5 cm / 1.4-1.8""","Compatible with most peaceful fish; they are hardy, active, and great for beginner community tanks.",
Green neon tetra,Paracheirodon simulans,https://upload.wikimedia.org//wikipedia/commons/7/78/Paracheirodon_simulans.jpg,"The Green Neon Tetra is a smaller and more subtle relative of the common Neon, featuring a brilliant turquoise-green iridescent stripe that runs the full length of its body. Unlike the standard Neon or Cardinal, they lack a prominent red stripe, giving them a sleek, uniform look. They require a minimum of 10 to 15 gallons and are strictly soft-water fish that thrive in acidic, ""blackwater"" environments. Important remarks for their care include their sensitivity to nitrates and their need for a school of at least 8 to 10 to feel secure in a well-planted tank.",22–26 degrees celsius,"The Green Neon Tetra is a smaller and more subtle relative of the common Neon, featuring a brilliant turquoise-green iridescent stripe that runs the full length of its body. Unlike the standard Neon or Cardinal, they lack a prominent red stripe, giving them a sleek, uniform look. They require a minimum of 10 to 15 gallons and are strictly soft-water fish that thrive in acidic, ""blackwater"" environments. Important remarks for their care include their sensitivity to nitrates and their need for a school of at least 8 to 10 to feel secure in a well-planted tank.",5.0 - 6.5,10 – 15 gallons,"3.0-3.5 cm / 1.2-1.4""",Compatible with other Nano fish; they are very peaceful and their bright color pops in a green planted tank.,https://en.wikipedia.org//wiki/Paracheirodon_simulans
Head and tail light tetra,Hemigrammus ocellifer,https://upload.wikimedia.org//wikipedia/commons/4/4f/Head-%26-Tail-Light-Tetra.jpg,"The Head and Tail Light Tetra is named for the two copper-colored reflective spots that glow like beacons—one just above the eye and one at the base of the tail. Their body is a shimmering silver-grey with a dark line running along the flank. Proper care involves at least 20 gallons and a group of six or more to encourage their active schooling behavior. They are perfectly compatible with most community fish and are known for being very hardy and easy to feed. Key remarks include their preference for slightly dimmed lighting, which makes their reflective ""lights"" truly stand out.",24–28 degrees celsius,"The Head and Tail Light Tetra is named for the two copper-colored reflective spots that glow like beacons?one just above the eye and one at the base of the tail. Their body is a shimmering silver-grey with a dark line running along the flank. Proper care involves at least 20 gallons and a group of six or more to encourage their active schooling behavior. They are perfectly compatible with most community fish and are known for being very hardy and easy to feed. Key remarks include their preference for slightly dimmed lighting, which makes their reflective ""lights"" truly stand out.",6.0 - 7.5,15 – 20 gallons,"4.0-5.0 cm / 1.6-2.0""",Compatible with most community fish; they are peaceful and have a distinctive spot on their tail and head.,https://en.wikipedia.org//wiki/Hemigrammus_ocellifer
January tetra,Hemigrammus hyanuary,https://upload.wikimedia.org//wikipedia/commons/4/4c/Hemigrammus_hyanuary_thomnight_001.jpg,"The January Tetra, also known as the Costello Tetra, is a peaceful species featuring a green-gold iridescent body and a prominent black-and-gold spot at the base of the tail. They require a minimum of 20 gallons and a mature aquarium with stable water parameters. They are highly compatible with other small, peaceful tetras and rasboras. A notable remark for this species is that they are relatively shy and look their best when kept in a heavily planted setup with plenty of open swimming space in the center.",22–26 degrees celsius,"The January Tetra, also known as the Costello Tetra, is a peaceful species featuring a green-gold iridescent body and a prominent black-and-gold spot at the base of the tail. They require a minimum of 20 gallons and a mature aquarium with stable water parameters. They are highly compatible with other small, peaceful tetras and rasboras. A notable remark for this species is that they are relatively shy and look their best when kept in a heavily planted setup with plenty of open swimming space in the center.",6.0 - 7.5,15 – 20 gallons,"4.0-5.0 cm / 1.6-2.0""","Compatible with other peaceful tetras; they are hardy and have a unique, elongated body shape.",https://en.wikipedia.org//wiki/Hemigrammus_hyanuary
Lemon tetra,Hyphessobrycon pulchripinnis,https://upload.wikimedia.org//wikipedia/commons/0/07/Hyphessobrycon_pulchripinnis.jpg,"The Lemon Tetra is a beautiful species with a translucent yellow body and a striking, bright red upper half of the eye. Their dorsal and anal fins are tipped with bold black and yellow highlights that become more vivid as the fish matures. They require at least 20 gallons and should be kept in a school of six or more to maintain their confidence and color. They are excellently compatible with other peaceful community fish and thrive in soft, slightly acidic water. Important remarks include the fact that their yellow coloration intensifies significantly when they are fed a high-quality diet and kept in a tank with a dark substrate.",22–27 degrees celsius,"The Lemon Tetra is a beautiful species with a translucent yellow body and a striking, bright red upper half of the eye. Their dorsal and anal fins are tipped with bold black and yellow highlights that become more vivid as the fish matures. They require at least 20 gallons and should be kept in a school of six or more to maintain their confidence and color. They are excellently compatible with other peaceful community fish and thrive in soft, slightly acidic water. Important remarks include the fact that their yellow coloration intensifies significantly when they are fed a high-quality diet and kept in a tank with a dark substrate.",6.0 - 7.5,15 – 20 gallons,"4.5-5.0 cm / 1.8-2.0""","Compatible with most community fish; they are peaceful and very active, often swimming in tight groups.",https://en.wikipedia.org//wiki/Hyphessobrycon_pulchripinnis
Neon tetra,Paracheirodon innesi,https://upload.wikimedia.org//wikipedia/commons/5/54/Neonka_obecna_paracheirodon_innesi.jpg,"The Neon Tetra is perhaps the most famous aquarium fish in the world, featuring a bright neon-blue horizontal stripe above a red stripe that covers the back half of its body. For successful care, they require a minimum of 15 to 20 gallons and very stable water conditions, as they can be sensitive to ""new tank syndrome"". They are highly compatible with other small, peaceful community fish like Otocinclus and Guppies. Key remarks include their need for a school of at least 6 to 10 and their preference for a well-planted tank with plenty of hiding spots.",22–26 degrees celsius,"The Neon Tetra is perhaps the most famous aquarium fish in the world, featuring a bright neon-blue horizontal stripe above a red stripe that covers the back half of its body. For successful care, they require a minimum of 15 to 20 gallons and very stable water conditions, as they can be sensitive to ""new tank syndrome"". They are highly compatible with other small, peaceful community fish like Otocinclus and Guppies. Key remarks include their need for a school of at least 6 to 10 and their preference for a well-planted tank with plenty of hiding spots.",5.0 - 7.0,10 – 15 gallons,"3.0-4.0 cm / 1.2-1.6""",Compatible with other peaceful schooling fish; they are iconic community fish that must be kept in groups to thrive.,https://en.wikipedia.org//wiki/Paracheirodon_innesi
Ornate tetra,Hyphessobrycon bentosi,https://upload.wikimedia.org//wikipedia/commons/1/1d/Schmucksalmler_Hyphessobrycon_bentosi.jpg,"The Ornate Tetra is a sophisticated species with a light pink-to-silver body and long, flowing fins tipped with white. They look very similar to the Rosy Tetra but are distinguished by the lack of a black patch on the dorsal fin. Proper care requires a minimum of 20 to 30 gallons and a school of six or more to encourage their natural social structure. They are compatible with peaceful community fish and appreciate a setup with plenty of driftwood and leaf litter. Notable remarks include their preference for slightly acidic water and their graceful swimming style.",23–28 degrees celsius,"The Ornate Tetra is a sophisticated species with a light pink-to-silver body and long, flowing fins tipped with white. They look very similar to the Rosy Tetra but are distinguished by the lack of a black patch on the dorsal fin. Proper care requires a minimum of 20 to 30 gallons and a school of six or more to encourage their natural social structure. They are compatible with peaceful community fish and appreciate a setup with plenty of driftwood and leaf litter. Notable remarks include their preference for slightly acidic water and their graceful swimming style.",6.0 - 7.5,15 – 20 gallons,"4.0-5.0 cm / 1.6-2.0""","Compatible with similar-sized community fish; they are peaceful and have a beautiful, intricate fin pattern.",
"Penguin tetra, blackline penguinfish",Thayeria boehlkei,https://upload.wikimedia.org//wikipedia/commons/5/5b/Thayeria_boehlkei.jpg,"The Penguin Tetra is an active and unusual species known for its habit of swimming at an upward angle. They feature a silver body with a bold black stripe that runs from the gill cover down to the lower lobe of the tail fin. They require a minimum of 20 to 30 gallons and plenty of horizontal swimming space, as they are very energetic. They are compatible with most community fish but can be slightly nippy if kept in too small a group. A critical remark is the necessity of a school of at least six and a very secure lid, as they are talented jumpers.",22–27 degrees celsius,"The Penguin Tetra is an active and unusual species known for its habit of swimming at an upward angle. They feature a silver body with a bold black stripe that runs from the gill cover down to the lower lobe of the tail fin. They require a minimum of 20 to 30 gallons and plenty of horizontal swimming space, as they are very energetic. They are compatible with most community fish but can be slightly nippy if kept in too small a group. A critical remark is the necessity of a school of at least six and a very secure lid, as they are talented jumpers.",6.0 - 7.5,15 – 20 gallons,"5.0-6.0 cm / 2.0-2.4""",Compatible with active community fish; they swim with a unique upward tilt and are very peaceful.,
Red Eye tetra,Moenkhausia sanctaefilomenae,https://upload.wikimedia.org//wikipedia/commons/c/c2/Red_eye_tetra.jpg,"The Red Eye Tetra is a hardy and popular species characterized by its shimmering silver-to-gold body and a bright, glowing red patch on the upper part of its eye. They feature a distinct black band at the base of the tail, followed by a white or yellow tip. For proper care, they require a minimum of 20 to 30 gallons and are known for being very active, occupying the middle and upper layers of the tank. They are compatible with most robust community fish, though they can be slightly nippy if kept in small numbers. A key remark is their preference for a group of six or more and their resilience to a wide range of water parameters.",22–27 degrees celsius,"The Red Eye Tetra is a hardy and popular species characterized by its shimmering silver-to-gold body and a bright, glowing red patch on the upper part of its eye. They feature a distinct black band at the base of the tail, followed by a white or yellow tip. For proper care, they require a minimum of 20 to 30 gallons and are known for being very active, occupying the middle and upper layers of the tank. They are compatible with most robust community fish, though they can be slightly nippy if kept in small numbers. A key remark is their preference for a group of six or more and their resilience to a wide range of water parameters.",6.0 - 8.0,20 – 30 gallons,"6.0-7.0 cm / 2.4-2.8""",Compatible with most community fish; they are hardy and their bright red eye provides a nice contrast.,https://en.wikipedia.org//wiki/Moenkhausia_sanctaefilomenae
Red phantom tetra,Hyphessobrycon sweglesi,https://upload.wikimedia.org//wikipedia/commons/5/52/Megalamphodussweglesi01.jpg,"The Red Phantom Tetra is an elegant, deep-bodied fish with a translucent, rich red body and a prominent black spot behind the gill cover. Males are easily distinguished by their taller, more pointed dorsal fins compared to females. They require a minimum of 20 gallons and prefer cooler water temperatures than many other tropical tetras (roughly 20–24°C). They are highly compatible with peaceful community fish and look best in a well-planted aquarium with a dark substrate. Important remarks include their preference for soft, acidic water and the necessity of keeping them in schools to reduce shyness.",22–26 degrees celsius,"The Red Phantom Tetra is an elegant, deep-bodied fish with a translucent, rich red body and a prominent black spot behind the gill cover. Males are easily distinguished by their taller, more pointed dorsal fins compared to females. They require a minimum of 20 gallons and prefer cooler water temperatures than many other tropical tetras (roughly 20?24?C). They are highly compatible with peaceful community fish and look best in a well-planted aquarium with a dark substrate. Important remarks include their preference for soft, acidic water and the necessity of keeping them in schools to reduce shyness.",6.0 - 7.2,15 – 20 gallons,"3.5-4.5 cm / 1.4-1.8""","Compatible with peaceful, social fish; they are the red version of the phantom tetra and are very docile.",
Rosy tetra,Hyphessobrycon rosaceus,https://upload.wikimedia.org//wikipedia/commons/4/4a/Male_Rosy_Tetra.JPG,"The Rosy Tetra features a delicate salmon-pink or rose-colored body with white-tipped fins and a small black patch on the dorsal fin. They are often confused with the Ornate Tetra but have more rounded fins and a deeper pink hue. Proper care requires a minimum of 20 gallons and a mature tank with stable water conditions. They are excellently compatible with other peaceful, slow-moving community fish and thrive in shaded environments created by floating plants. Key remarks include their peaceful social structure and their requirement for a varied diet to maintain their soft coloration.",24–28 degrees celsius,"The Rosy Tetra features a delicate salmon-pink or rose-colored body with white-tipped fins and a small black patch on the dorsal fin. They are often confused with the Ornate Tetra but have more rounded fins and a deeper pink hue. Proper care requires a minimum of 20 gallons and a mature tank with stable water conditions. They are excellently compatible with other peaceful, slow-moving community fish and thrive in shaded environments created by floating plants. Key remarks include their peaceful social structure and their requirement for a varied diet to maintain their soft coloration.",6.0 - 7.5,15 – 20 gallons,"3.5-4.5 cm / 1.4-1.8""","Compatible with most community fish; they are peaceful, hardy, and very active foragers.",https://en.wikipedia.org//wiki/Hyphessobrycon_rosaceus
Royal tetra,Inpaichthys kerri,https://upload.wikimedia.org//wikipedia/commons/5/58/05.Inpaichtys_kerri.JPG,"The Royal Tetra, also known as the Blue Emperor Tetra, is a striking species with a deep purple-blue iridescent sheen and a thick black horizontal stripe. Unlike the true Emperor Tetra, they lack the ""trident"" tail but possess a small adipose fin. They require a minimum of 20 gallons and are more comfortable in tanks with soft, acidic water and plenty of vegetation. They are highly compatible with other peaceful Amazonian fish and are generally less territorial than true Emperors. Notable remarks include their stunning colors under dim lighting and their need for a school of at least six to stay active.",21–25 degrees celsius,"The Royal Tetra, also known as the Blue Emperor Tetra, is a striking species with a deep purple-blue iridescent sheen and a thick black horizontal stripe. Unlike the true Emperor Tetra, they lack the ""trident"" tail but possess a small adipose fin. They require a minimum of 20 gallons and are more comfortable in tanks with soft, acidic water and plenty of vegetation. They are highly compatible with other peaceful Amazonian fish and are generally less territorial than true Emperors. Notable remarks include their stunning colors under dim lighting and their need for a school of at least six to stay active.",6.0 - 7.5,20 – 30 gallons,"4.0-5.5 cm / 1.6-2.2""","Compatible with other peaceful, large tetras; they are regal swimmers that prefer a calm environment.",https://en.wikipedia.org//wiki/Inpaichthys_kerri
Rummy-nose tetra,Hemigrammus rhodostomus,https://upload.wikimedia.org//wikipedia/commons/2/2a/Petitella_rhodostomus_%28Hemigrammus_rhodostomus%29%2C_2013.jpg,"The Rummy-nose Tetra is famous for its vibrant red ""mask"" that covers its face and a striking black-and-white striped tail fin. They are considered one of the best schooling fish, moving together in tight, synchronized groups. For successful care, they require a minimum of 20 to 30 gallons and are famously sensitive to water quality, particularly nitrates. They are highly compatible with other peaceful fish and serve as a great ""indicator fish,"" as their red mask will fade if water parameters are poor. Key remarks include their preference for warm, soft water and a large school of 10 or more.",24–28 degrees celsius,"The Rummy-nose Tetra is famous for its vibrant red ""mask"" that covers its face and a striking black-and-white striped tail fin. They are considered one of the best schooling fish, moving together in tight, synchronized groups. For successful care, they require a minimum of 20 to 30 gallons and are famously sensitive to water quality, particularly nitrates. They are highly compatible with other peaceful fish and serve as a great ""indicator fish,"" as their red mask will fade if water parameters are poor. Key remarks include their preference for warm, soft water and a large school of 10 or more.",5.5 - 7.0,20 – 30 gallons,"4.5-5.0 cm / 1.8-2.0""",Compatible with peaceful community fish; they are excellent indicators of water quality and are very social.,https://en.wikipedia.org//wiki/Hemigrammus_rhodostomus
Splash tetra,Copella arnoldi,https://upload.wikimedia.org//wikipedia/commons/3/38/Copella_arnoldi.jpg,"The Splash Tetra is a unique, slender species known for its remarkable breeding behavior of jumping out of the water to lay eggs on overhanging leaves. They have a subtle silver-brown body with long, elegant fins. They require a minimum of 20 gallons and must have a tight-fitting lid to accommodate their jumping nature. They are compatible with other peaceful community fish and are best kept in tanks with lower water levels and overhanging plants or decor. A critical remark is that they are very peaceful but need highly specific conditions if you intend to witness their ""splashing"" reproduction.",24–28 degrees celsius,"The Splash Tetra is a unique, slender species known for its remarkable breeding behavior of jumping out of the water to lay eggs on overhanging leaves. They have a subtle silver-brown body with long, elegant fins. They require a minimum of 20 gallons and must have a tight-fitting lid to accommodate their jumping nature. They are compatible with other peaceful community fish and are best kept in tanks with lower water levels and overhanging plants or decor. A critical remark is that they are very peaceful but need highly specific conditions if you intend to witness their ""splashing"" reproduction.",6.0 - 7.5,20 – 30 gallons,"6.0-8.0 cm / 2.4-3.1""",Compatible with most community fish; they are peaceful and often found jumping or hanging near the surface.,
Serpae tetra,Hyphessobrycon serpae,https://upload.wikimedia.org//wikipedia/commons/8/8c/Serpae_tetra.JPG,"The Serpae Tetra is a bold species featuring a brilliant flame-red body and a large, comma-shaped black spot behind the gills. They are very active and hardy, making them suitable for beginners in a minimum of 20 gallons. While they are compatible with many community fish, they have a reputation for being ""fin-nippers,"" so they should not be housed with slow-moving or long-finned species like Bettas. Important remarks include keeping them in a school of at least six to eight to minimize aggression and providing plenty of plants to break up sightlines.",22–26 degrees celsius,"The Serpae Tetra is a bold species featuring a brilliant flame-red body and a large, comma-shaped black spot behind the gills. They are very active and hardy, making them suitable for beginners in a minimum of 20 gallons. While they are compatible with many community fish, they have a reputation for being ""fin-nippers,"" so they should not be housed with slow-moving or long-finned species like Bettas. Important remarks include keeping them in a school of at least six to eight to minimize aggression and providing plenty of plants to break up sightlines.",5.0 - 7.5,15 – 20 gallons,"3.5-4.5 cm / 1.4-1.8""",Semi-Aggressive: Best kept in large schools to reduce nipping; they can be aggressive toward long-finned or slow tankmates.,https://en.wikipedia.org//wiki/Hyphessobrycon_serpae
Silvertip tetra,Hasemania nana,https://upload.wikimedia.org//wikipedia/commons/1/18/Kobbertetra_Hasemania_nana.jpg,"The Silvertip Tetra is unique because it lacks the small adipose fin found in most other tetras, featuring a golden-copper body and distinct white tips on its fins. They are very energetic and playful swimmers, requiring at least 20 gallons of space. They are generally compatible with active community fish, but like the Serpae, they can become nippy if their school is too small. Key remarks include their extreme hardiness and the fact that they look most impressive when kept in a school of 10 or more in a planted tank.",20–27 degrees celsius,"The Silvertip Tetra is unique because it lacks the small adipose fin found in most other tetras, featuring a golden-copper body and distinct white tips on its fins. They are very energetic and playful swimmers, requiring at least 20 gallons of space. They are generally compatible with active community fish, but like the Serpae, they can become nippy if their school is too small. Key remarks include their extreme hardiness and the fact that they look most impressive when kept in a school of 10 or more in a planted tank.",6.0 - 8.0,15 – 20 gallons,"4.0-5.0 cm / 1.6-2.0""","Semi-Aggressive: They are very active and can be nippy; best kept with other fast-moving, robust fish.",https://en.wikipedia.org//wiki/Hasemania_nana
X-ray tetra,Pristella maxillaris,https://upload.wikimedia.org//wikipedia/commons/2/2d/Pristella_tetra1.jpg,"The X-ray Tetra is a resilient species named for its translucent body that allows you to see its internal skeleton and silver stomach sac. They have very colorful dorsal and anal fins with bands of yellow, black, and white. For proper care, they need at least 15 to 20 gallons and are among the most adaptable tetras, tolerating a wide range of water hardness and pH. They are excellently compatible with almost any peaceful tank mate. Notable remarks include their long lifespan and their peaceful, easy-going nature in a school of six or more.",19–29 degrees celsius,"The X-ray Tetra is a resilient species named for its translucent body that allows you to see its internal skeleton and silver stomach sac. They have very colorful dorsal and anal fins with bands of yellow, black, and white. For proper care, they need at least 15 to 20 gallons and are among the most adaptable tetras, tolerating a wide range of water hardness and pH. They are excellently compatible with almost any peaceful tank mate. Notable remarks include their long lifespan and their peaceful, easy-going nature in a school of six or more.",6.0 - 8.0,10 – 15 gallons,"4.0-5.0 cm / 1.6-2.0""","Compatible with most peaceful community fish; they are hardy and have a cool, translucent appearance.",
Congo tetra,Phenacogrammus interruptus,https://upload.wikimedia.org//wikipedia/commons/4/45/Phenacogrammus_interruptus_%28aka%29.jpg,"The Congo Tetra is a large, stunning African species featuring iridescent scales that shimmer in shades of blue, red, and gold. Males develop long, flowing central tail filaments and elaborate fins as they mature. They require a minimum of 30 to 40 gallons to accommodate their size (up to 3.5 inches) and active swimming. They are compatible with other peaceful, medium-sized fish but can be shy, requiring a school of six or more. Important remarks include their preference for soft, acidic water and high-quality lighting to showcase their metallic colors.",22–26 degrees celsius,"The Congo Tetra is a large, stunning African species featuring iridescent scales that shimmer in shades of blue, red, and gold. Males develop long, flowing central tail filaments and elaborate fins as they mature. They require a minimum of 30 to 40 gallons to accommodate their size (up to 3.5 inches) and active swimming. They are compatible with other peaceful, medium-sized fish but can be shy, requiring a school of six or more. Important remarks include their preference for soft, acidic water and high-quality lighting to showcase their metallic colors.",6.0 - 7.5,30 – 40 gallons,"8.0-10.0 cm / 3.1-3.9""","Compatible with larger, active community fish; they are beautiful, large tetras that need plenty of swimming room.",https://en.wikipedia.org//wiki/Phenacogrammus_interruptus
Jellybean tetra,Ladigesia roloffi,https://upload.wikimedia.org//wikipedia/commons/b/b5/Ladigesia_roloffi_-_AquaPorteDoree_06.JPG,"The Jellybean Tetra is a tiny, rare African species with a translucent body highlighted by a glowing orange-to-red stripe and a bright red tail base. They are perfect for nano-tanks of 10 to 15 gallons due to their small size. They are highly compatible with other nano-fish and shrimp but are sensitive to water quality changes. A key remark is that they thrive best in soft, acidic water with plenty of live plants and floating vegetation to provide cover.",21–27 degrees celsius,"The Jellybean Tetra is a tiny, rare African species with a translucent body highlighted by a glowing orange-to-red stripe and a bright red tail base. They are perfect for nano-tanks of 10 to 15 gallons due to their small size. They are highly compatible with other nano-fish and shrimp but are sensitive to water quality changes. A key remark is that they thrive best in soft, acidic water with plenty of live plants and floating vegetation to provide cover.",6.0 - 7.5,20 – 30 gallons,"2.5-3.5 cm / 1.0-1.4""","Compatible with most peaceful community fish; they are active, schooling fish that prefer planted environments.",
Long-fin tetra,Brycinus longipinnis,https://upload.wikimedia.org//wikipedia/commons/e/e3/Langflossensalmler_Brycinus_longipinnis_Tierpark_Hellabrunn-2.jpg,"The Long-fin Tetra, also known as the African Long-finned Tetra, is a larger, active species from West Africa characterized by its silver, iridescent body and elongated dorsal and pelvic fins. In mature males, these fins can become remarkably long and flowing, often used in impressive displays of dominance. For proper care, they require a minimum of 30 to 40 gallons to accommodate their active swimming style and potential adult size of about 4 to 5 inches. They are generally compatible with other medium-sized, robust community fish but can be somewhat boisterous, so they should be kept in a school of six or more to disperse their energy. A key remark for their maintenance is that they appreciate well-oxygenated water with a moderate current to mimic their native river habitats.",22–26 degrees celsius,"The Long-fin Tetra, also known as the African Long-finned Tetra, is a larger, active species from West Africa characterized by its silver, iridescent body and elongated dorsal and pelvic fins. In mature males, these fins can become remarkably long and flowing, often used in impressive displays of dominance. For proper care, they require a minimum of 30 to 40 gallons to accommodate their active swimming style and potential adult size of about 4 to 5 inches. They are generally compatible with other medium-sized, robust community fish but can be somewhat boisterous, so they should be kept in a school of six or more to disperse their energy. A key remark for their maintenance is that they appreciate well-oxygenated water with a moderate current to mimic their native river habitats.",6.0 - 7.5,20 – 30 gallons,"4.0-5.0 cm / 1.6-2.0""","Compatible with other calm tetras; their elongated fins make them targets for nippers, so avoid aggressive tankmates.",
Niger tetra,Arnoldichthys spilopterus,https://upload.wikimedia.org//wikipedia/commons/8/87/Arnoldichthys_spilopterus.JPG,"The Niger Tetra, often called the Red-eyed Congo Tetra, is a stunning and energetic species featuring a silvery-gold body with a prominent, glowing red upper half of the eye. They are distinguished by a bold black spot on the dorsal fin and two colorful longitudinal stripes—one gold and one green—running along their flank. They require a minimum of 30 to 40 gallons and plenty of open horizontal swimming space, as they are exceptionally fast swimmers. They are highly compatible with other active, medium-sized community fish and are much less shy than the common Congo Tetra. Notable remarks include their need for a very secure lid, as they are notorious jumpers, and their preference for high-quality, protein-rich foods to maintain their metallic sheen.",24–28 degrees celsius,"The Niger Tetra, often called the Red-eyed Congo Tetra, is a stunning and energetic species featuring a silvery-gold body with a prominent, glowing red upper half of the eye. They are distinguished by a bold black spot on the dorsal fin and two colorful longitudinal stripes?one gold and one green?running along their flank. They require a minimum of 30 to 40 gallons and plenty of open horizontal swimming space, as they are exceptionally fast swimmers. They are highly compatible with other active, medium-sized community fish and are much less shy than the common Congo Tetra. Notable remarks include their need for a very secure lid, as they are notorious jumpers, and their preference for high-quality, protein-rich foods to maintain their metallic sheen.",6.0 - 7.5,55 – 75 gallons,"6.0-8.0 cm / 2.4-3.1""","Compatible with larger, active community fish; they are hardy and appreciate plenty of swimming room.",
Yellow-tailed Congo tetra,Alestopetersius caudalis,https://upload.wikimedia.org//wikipedia/commons/1/17/Alestopetersius_caudalis.jpg,"The Three-lined Pencilfish is a highly sought-after aquarium species known for its sleek, torpedo-shaped body marked by three distinct horizontal black stripes and vibrant red patches on its fins and body. These fish are peaceful and display a unique behavior where their coloration changes at night, with the horizontal stripes fading into two dark vertical bars for camouflage. They require a minimum of 20 gallons and are best kept in a school of six or more to ensure they feel secure. They thrive in well-planted aquariums with soft, acidic water and plenty of floating plants to diffuse the light",23–27 degrees celsius,"The Three-lined Pencilfish is a highly sought-after aquarium species known for its sleek, torpedo-shaped body marked by three distinct horizontal black stripes and vibrant red patches on its fins and body. These fish are peaceful and display a unique behavior where their coloration changes at night, with the horizontal stripes fading into two dark vertical bars for camouflage. They require a minimum of 20 gallons and are best kept in a school of six or more to ensure they feel secure. They thrive in well-planted aquariums with soft, acidic water and plenty of floating plants to diffuse the light",6.0 - 7.5,30 – 40 gallons,"7.0-9.0 cm / 2.8-3.5""",Compatible with peaceful medium-to-large community fish; they are active swimmers and very social.,https://en.wikipedia.org//wiki/Alestopetersius_caudalis
Common hatchetfish,Gasteropelecus sternicla,https://upload.wikimedia.org//wikipedia/commons/1/1d/Gasteropelecus_sternicla.JPG,"This species is easily distinguished from its relatives by its single, bold black stripe that runs from the snout through the eye to the lower lobe of the tail fin. They are unique among pencilfish for their habit of swimming at an upward 45-degree angle, similar to the Hockeystick Pencilfish. For proper care, they need at least 20 gallons and a very calm environment, as they can be quite shy and easily outcompeted by boisterous tank mates. They are highly compatible with other peaceful nano-fish and appreciate a diet of small frozen or live foods.",24–27 degrees celsius,"This species is easily distinguished from its relatives by its single, bold black stripe that runs from the snout through the eye to the lower lobe of the tail fin. They are unique among pencilfish for their habit of swimming at an upward 45-degree angle, similar to the Hockeystick Pencilfish. For proper care, they need at least 20 gallons and a very calm environment, as they can be quite shy and easily outcompeted by boisterous tank mates. They are highly compatible with other peaceful nano-fish and appreciate a diet of small frozen or live foods.",6.0 - 7.0,20 – 30 gallons,"3.5-4.5 cm / 1.4-1.8""",Compatible with peaceful surface dwellers; they are notorious jumpers and must have a tight-fitting lid.,https://en.wikipedia.org//wiki/Gasteropelecus_sternicla
Marbled hatchetfish,Carnegiella strigata,https://upload.wikimedia.org//wikipedia/commons/c/c0/Beilbauchsalmler.jpg,"The Marbled Hatchetfish is a distinct surface-dweller easily recognized by its deep, ""hatchet-shaped"" belly and intricate, dark-brown marbled patterns that provide camouflage against river debris. These fish possess highly developed pectoral muscles and fins, allowing them to literally leap from the water to escape predators. They require a minimum of 20 gallons and a strictly escape-proof lid, as they are among the hobby's most notorious jumpers. They are exceptionally peaceful and should be kept in schools of six or more with floating plants to provide a sense of security.",24–27 degrees celsius,"The Marbled Hatchetfish is a distinct surface-dweller easily recognized by its deep, ""hatchet-shaped"" belly and intricate, dark-brown marbled patterns that provide camouflage against river debris. These fish possess highly developed pectoral muscles and fins, allowing them to literally leap from the water to escape predators. They require a minimum of 20 gallons and a strictly escape-proof lid, as they are among the hobby's most notorious jumpers. They are exceptionally peaceful and should be kept in schools of six or more with floating plants to provide a sense of security.",5.5 - 7.0,15 – 25 gallons,"3.5-4.5 cm / 1.4-1.8""",Compatible with calm community fish; they prefer floating plants and should be kept in schools.,https://en.wikipedia.org//wiki/Carnegiella_strigata
Black-winged hatchetfish,Carnegiella marthae,https://upload.wikimedia.org//wikipedia/commons/3/37/BlackWingedHatchetfish.jpg,"This species is the diminutive cousin of the group, staying smaller and more delicate than the common hatchetfish. They are identified by their translucent bodies and a sharp black line running along the ""blade"" of their belly, often accompanied by dark markings on the pectoral fins. Their care is best suited for established nano-tanks of 10 to 15 gallons where they won't be outcompeted for food. They are strictly surface feeders and require very small, floating proteins like crushed flakes or fruit flies to thrive.",23–27 degrees celsius,"This species is the diminutive cousin of the group, staying smaller and more delicate than the common hatchetfish. They are identified by their translucent bodies and a sharp black line running along the ""blade"" of their belly, often accompanied by dark markings on the pectoral fins. Their care is best suited for established nano-tanks of 10 to 15 gallons where they won't be outcompeted for food. They are strictly surface feeders and require very small, floating proteins like crushed flakes or fruit flies to thrive.",6.0 - 7.0,15 – 25 gallons,"3.0-4.0 cm / 1.2-1.6""","Compatible with other small, peaceful tetras; they occupy the top layer of the tank and are very docile.",https://en.wikipedia.org//wiki/Carnegiella_marthae
Golden pencilfish,Nannostomus beckfordi,https://upload.wikimedia.org//wikipedia/commons/7/77/Nannostomus-beckfordi.jpg,"The Golden Pencilfish is a sleek, torpedo-shaped species featuring a bold, horizontal black stripe and a golden sheen that, in healthy males, intensifies into a vibrant crimson red during social displays. They have a very graceful, horizontal swimming style and are far more active than many of their relatives. They require at least 15 to 20 gallons and are highly compatible with other peaceful community fish. A fascinating quirk of this species is their ""night coloration,"" where their horizontal stripes virtually disappear, replaced by two dark vertical blotches to hide from nocturnal predators.",23–27 degrees celsius,"The Golden Pencilfish is a sleek, torpedo-shaped species featuring a bold, horizontal black stripe and a golden sheen that, in healthy males, intensifies into a vibrant crimson red during social displays. They have a very graceful, horizontal swimming style and are far more active than many of their relatives. They require at least 15 to 20 gallons and are highly compatible with other peaceful community fish. A fascinating quirk of this species is their ""night coloration,"" where their horizontal stripes virtually disappear, replaced by two dark vertical blotches to hide from nocturnal predators.",6.0 - 7.0,15 – 25 gallons,"4.5-5.5 cm / 1.8-2.2""","Compatible with tiny nano fish and shrimp; they are very delicate and need a peaceful, well-planted tank.",
Hockeystick pencilfish,Nannostomus eques,https://upload.wikimedia.org//wikipedia/commons/1/11/Nannostomus_eques.jpg,"Named for its unique swimming posture, this fish rests at a permanent upward 45-degree angle, making it look like a submerged twig. Its dark horizontal stripe extends all the way into the lower lobe of the tail fin, creating the ""hockeystick"" shape. They require a minimum of 20 gallons and prefer low-flow areas with plenty of driftwood and leaf litter to mimic their native blackwater habitats. They are incredibly peaceful and make excellent companions for sensitive species like Chocolate Gouramis or Dwarf Cichlids.",24–28 degrees celsius,"Named for its unique swimming posture, this fish rests at a permanent upward 45-degree angle, making it look like a submerged twig. Its dark horizontal stripe extends all the way into the lower lobe of the tail fin, creating the ""hockeystick"" shape. They require a minimum of 20 gallons and prefer low-flow areas with plenty of driftwood and leaf litter to mimic their native blackwater habitats. They are incredibly peaceful and make excellent companions for sensitive species like Chocolate Gouramis or Dwarf Cichlids.",6.0 - 8.0,15 – 25 gallons,"4.0-5.0 cm / 1.6-2.0""","Compatible with small, quiet tankmates; they have a unique ""head-up"" swimming style and are very non-aggressive.",
Barred pencilfish,Nannostomus espei,https://upload.wikimedia.org//wikipedia/commons/d/da/Nannostomus-espei.jpg,"The Barred Pencilfish is a rare ""holy grail"" for many collectors, as it is the only member of the genus to feature five bold vertical black bars instead of the typical horizontal stripes. Their golden bodies and unique patterning make them stand out in any planted aquarium. They are more sensitive than other pencilfish, requiring very stable water parameters and soft, acidic conditions. They are best kept in a dedicated species tank or with very calm nano-mates to ensure they aren't stressed.",22–28 degrees celsius,"The Barred Pencilfish is a rare ""holy grail"" for many collectors, as it is the only member of the genus to feature five bold vertical black bars instead of the typical horizontal stripes. Their golden bodies and unique patterning make them stand out in any planted aquarium. They are more sensitive than other pencilfish, requiring very stable water parameters and soft, acidic conditions. They are best kept in a dedicated species tank or with very calm nano-mates to ensure they aren't stressed.",5.5 - 7.0,15 – 25 gallons,"4.0-5.0 cm / 1.6-2.0""","Compatible with other pencilfish; they are peaceful but can be shy, requiring plenty of hiding spots.",
Dwarf pencilfish,Nannostomus marginatus,https://upload.wikimedia.org//wikipedia/commons/1/18/Nannostomus_marginatus%2C_adultes_M%C3%A4nnchen.jpg,"True to its name, this is a stocky, miniature species that reaches barely an inch in length, featuring three bold black horizontal stripes and bright red ""lipstick"" markings on its fins. Because of their tiny size, they are perfect for 10-gallon planted nano-aquariums. They are social and feel most at home in large groups of 10 or more. Despite their size, they are surprisingly hardy, provided they are fed high-quality, fine-grade foods that fit their small mouths.",24–26 degrees celsius,"True to its name, this is a stocky, miniature species that reaches barely an inch in length, featuring three bold black horizontal stripes and bright red ""lipstick"" markings on its fins. Because of their tiny size, they are perfect for 10-gallon planted nano-aquariums. They are social and feel most at home in large groups of 10 or more. Despite their size, they are surprisingly hardy, provided they are fed high-quality, fine-grade foods that fit their small mouths.",5.5 - 7.0,15 – 25 gallons,"3.5-4.0 cm / 1.4-1.6""",Compatible with peaceful community fish; they stay small and are best kept in groups of six or more.,
Coral-red pencilfish,Nannostomus mortenthaleri,https://upload.wikimedia.org//wikipedia/commons/7/77/Red_Pencilfish.jpg,"Arguably the most stunning member of the family, the Coral-red Pencilfish features an intense, solid ruby-red body color between its black stripes in males. They are more territorial and ""feisty"" than other pencilfish, with males often engaging in harmless but energetic sparring matches. They require at least 20 gallons and plenty of visual breaks like dense plants to manage their social hierarchy. They are highly sensitive to water quality, so frequent small water changes are a must to maintain their incredible coloration.",22–28 degrees celsius,"Arguably the most stunning member of the family, the Coral-red Pencilfish features an intense, solid ruby-red body color between its black stripes in males. They are more territorial and ""feisty"" than other pencilfish, with males often engaging in harmless but energetic sparring matches. They require at least 20 gallons and plenty of visual breaks like dense plants to manage their social hierarchy. They are highly sensitive to water quality, so frequent small water changes are a must to maintain their incredible coloration.",5.5 - 7.0,10 – 20 gallons,"3.0-3.5 cm / 1.2-1.4""","Compatible with small, calm fish; they are very peaceful and their bright red color is best seen in soft water.",
Three-lined pencilfish,Nannostomus trifasciatus,https://upload.wikimedia.org//wikipedia/commons/d/d0/Nannostomustrifasciatus.jpg,"The Three-lined Pencilfish is a sophisticated beauty, boasting three distinct black stripes and vibrant red patches on the gill covers, fins, and tail. They are very peaceful and tend to inhabit the middle and upper layers of the aquarium. They require a minimum of 20 gallons and look their best under subdued lighting with a dark substrate. They are the quintessential ""shoaling"" fish, moving with a synchronized, slow-motion grace that adds a sense of calm to any aquarium.",24–28 degrees celsius,"The Three-lined Pencilfish is a sophisticated beauty, boasting three distinct black stripes and vibrant red patches on the gill covers, fins, and tail. They are very peaceful and tend to inhabit the middle and upper layers of the aquarium. They require a minimum of 20 gallons and look their best under subdued lighting with a dark substrate. They are the quintessential ""shoaling"" fish, moving with a synchronized, slow-motion grace that adds a sense of calm to any aquarium.",5.5 - 7.0,15 – 20 gallons,"4.0-5.0 cm / 1.6-2.0""",Compatible with most community fish; they are active foragers and very peaceful social dwellers.,
One-lined Pencilfish,Nannostomus unifasciatus ,https://upload.wikimedia.org//wikipedia/commons/1/17/Nannostomus_unifasciatus.jpg,"This species is the minimalist of the group, featuring a single, stark black stripe that runs from the tip of the snout all the way through the eye to the very end of the tail. Like the Hockeystick variety, they swim at an oblique, upward angle, though usually less steeply. They are very shy and require a peaceful, well-planted environment of at least 20 gallons to thrive. They are particularly sensitive to bright lights, so floating plants are highly recommended to keep them comfortable and visible.",23–27 degrees celsius,"This species is the minimalist of the group, featuring a single, stark black stripe that runs from the tip of the snout all the way through the eye to the very end of the tail. Like the Hockeystick variety, they swim at an oblique, upward angle, though usually less steeply. They are very shy and require a peaceful, well-planted environment of at least 20 gallons to thrive. They are particularly sensitive to bright lights, so floating plants are highly recommended to keep them comfortable and visible.",6.0 - 8.0,15 – 25 gallons,"3.5-4.5 cm / 1.4-1.8""","Compatible with other small, peaceful fish; they are hardy and adapt well to various community setups.",
Silver dollar,Metynnis argenteus,https://upload.wikimedia.org//wikipedia/commons/a/a4/Silver_Dollar_Metynnis_argenteus.jpg,"The Silver Dollar is a popular, disc-shaped species known for its shimmering, circular silver body that resembles a large coin. Despite their piranha-like appearance, they are primarily herbivores and are notorious for consuming live aquarium plants. They require at least 55 to 75 gallons because they are active schoolers and can reach a diameter of about 6 inches. They are excellently compatible with larger community fish and semi-aggressive species, provided they are kept in a group of five or more to reduce skittishness.",22–28 degrees celsius,"The Silver Dollar is a popular, disc-shaped species known for its shimmering, circular silver body that resembles a large coin. Despite their piranha-like appearance, they are primarily herbivores and are notorious for consuming live aquarium plants. They require at least 55 to 75 gallons because they are active schoolers and can reach a diameter of about 6 inches. They are excellently compatible with larger community fish and semi-aggressive species, provided they are kept in a group of five or more to reduce skittishness.",6.0 - 7.5,75 – 100+ gallons,"15.0-20.0 cm / 5.9-7.9""","Compatible with larger, robust community fish; they are peaceful herbivores but can grow quite large and need space.",
Schreitmuller’s metynnis,Metynnis hypsauchen,https://upload.wikimedia.org//wikipedia/commons/9/93/Metynnis_hypsauchen_small.jpg,"Closely related to the common Silver Dollar, this species is often distinguished by a more pronounced iridescent sheen and subtle dark markings or spots on its flanks. Their care requirements are identical to M. argenteus, necessitating a large tank of at least 75 gallons and heavy-duty filtration due to their high metabolism. They are social fish that must be kept in schools to feel secure. A key remark for this species is their preference for high-quality vegetable-based foods, such as spirulina wafers and blanched zucchini.",22–28 degrees celsius,"Closely related to the common Silver Dollar, this species is often distinguished by a more pronounced iridescent sheen and subtle dark markings or spots on its flanks. Their care requirements are identical to M. argenteus, necessitating a large tank of at least 75 gallons and heavy-duty filtration due to their high metabolism. They are social fish that must be kept in schools to feel secure. A key remark for this species is their preference for high-quality vegetable-based foods, such as spirulina wafers and blanched zucchini.",6.0 - 7.5,75 – 100+ gallons,"15.0-20.0 cm / 5.9-7.9""","Compatible with active, medium-sized fish; they are social but can be boisterous during feeding.",
Red-bellied pacu,Colossoma bidens,https://upload.wikimedia.org//wikipedia/commons/b/b3/Red_Pacu.JPG,"The Red-bellied Pacu is a massive Characin often mistaken for a Red-bellied Piranha as a juvenile due to its similar coloration and body shape. However, they grow significantly larger—often reaching over 30 inches—and are primarily fruit and nut eaters in the wild. They are completely unsuitable for standard home aquariums, requiring massive custom tanks or indoor ponds of 500 to 1,000+ gallons. They are compatible with other giants of similar size but can be very destructive to tank equipment and decor.",24–28 degrees celsius,"The Red-bellied Pacu is a massive Characin often mistaken for a Red-bellied Piranha as a juvenile due to its similar coloration and body shape. However, they grow significantly larger?often reaching over 30 inches?and are primarily fruit and nut eaters in the wild. They are completely unsuitable for standard home aquariums, requiring massive custom tanks or indoor ponds of 500 to 1,000+ gallons. They are compatible with other giants of similar size but can be very destructive to tank equipment and decor.",6.0 - 7.5,250 – 500+ gallons,"60.0-80.0 cm / 23.6-31.5""",Monster Fish Only: Generally doesn't need a tankmate; they grow enormous and are messy eaters that require massive filtration.,https://en.wikipedia.org//wiki/Colossoma_bidens
Red piranha,Pygocentrus nattereri,https://upload.wikimedia.org//wikipedia/commons/c/cd/Gregory_Moine_-_Red_bellied_Piranha_%28by%29.jpg,"The Red-bellied Piranha is one of the most famous predatory fish in the world, featuring a deep body, a powerful jaw filled with razor-sharp teeth, and a brilliant red chest. Contrary to popular myth, they are often quite shy and skittish, preferring to live in schools for security. They require a minimum of 75 to 100 gallons for a small group and demand excellent filtration and frequent water changes due to their messy eating habits. They are generally not compatible with other species and are best kept in a species-only setup.",23–28 degrees celsius,"The Red-bellied Piranha is one of the most famous predatory fish in the world, featuring a deep body, a powerful jaw filled with razor-sharp teeth, and a brilliant red chest. Contrary to popular myth, they are often quite shy and skittish, preferring to live in schools for security. They require a minimum of 75 to 100 gallons for a small group and demand excellent filtration and frequent water changes due to their messy eating habits. They are generally not compatible with other species and are best kept in a species-only setup.",5.5 - 7.5,100 – 150+ gallons,"30.0-35.0 cm / 11.8-13.8""",Aggressive/Predatory: Best kept in a species-only tank; they are famous for their aggression and sharp teeth.,https://en.wikipedia.org//wiki/Pygocentrus_nattereri
Disk tetra,Myleus schomburgkii,https://upload.wikimedia.org//wikipedia/commons/8/82/Myleus_schomburgkii.jpg,"Also known as the Black-banded Silver Dollar, the Disk Tetra is recognized by its silver, disc-like body and a bold, vertical black bar running through its middle. They are much more specialized than common Silver Dollars and can be more sensitive to water quality. They require at least 75 to 100 gallons and thrive in setups with moderate current and plenty of open swimming space. They are compatible with other large, peaceful-to-semi-aggressive fish and should always be kept in a group to prevent stress.",22–26 degrees celsius,"Also known as the Black-banded Silver Dollar, the Disk Tetra is recognized by its silver, disc-like body and a bold, vertical black bar running through its middle. They are much more specialized than common Silver Dollars and can be more sensitive to water quality. They require at least 75 to 100 gallons and thrive in setups with moderate current and plenty of open swimming space. They are compatible with other large, peaceful-to-semi-aggressive fish and should always be kept in a group to prevent stress.",5.0 - 7.0,30 – 55 gallons,"8.0-10.0 cm / 3.1-3.9""","Compatible with larger, peaceful community fish; they are deep-bodied and need a school to feel secure.",https://en.wikipedia.org//wiki/Myleus_schomburgkii
African pike characin,Hepsetus odoe,https://upload.wikimedia.org//wikipedia/commons/c/c0/Hepsetus_odoe.jpg,"The African Pike Characin is a highly specialized, elongated predator that perfectly mimics the morphology of a North American pike, featuring a streamlined body and a snout filled with sharp, needle-like teeth. In the aquarium, they are sophisticated ambush hunters that prefer to hang motionless near the surface or among tall plants, waiting for smaller fish to pass by. They require a minimum of 75 to 100 gallons with excellent filtration and a very secure, weighted lid, as they are powerful jumpers when startled. While they can be kept with other large, robust fish that are too big to be swallowed, they are best suited for a specialist setup.",25–28 degrees celsius,"The African Pike Characin is a highly specialized, elongated predator that perfectly mimics the morphology of a North American pike, featuring a streamlined body and a snout filled with sharp, needle-like teeth. In the aquarium, they are sophisticated ambush hunters that prefer to hang motionless near the surface or among tall plants, waiting for smaller fish to pass by. They require a minimum of 75 to 100 gallons with excellent filtration and a very secure, weighted lid, as they are powerful jumpers when startled. While they can be kept with other large, robust fish that are too big to be swallowed, they are best suited for a specialist setup.",6.0 - 7.5,100 – 150 gallons,"40.0-50.0 cm / 15.7-19.7""","Highly Predatory: Should only be kept with very large, fast-moving fish that cannot be swallowed.",
Goliath tigerfish,Hydrocynus goliath,https://upload.wikimedia.org//wikipedia/commons/8/82/Hydrocynus_goliath.jpg,"The Goliath Tigerfish is a legendary predator from the Congo Basin, world-renowned for its massive size and protruding, interlocking teeth that can shear through prey with immense force. Because they are extremely active open-water predators that can grow to over 4 feet in length, they are entirely unsuitable for standard home aquaria and require massive custom-built systems or public aquarium displays. They are highly sensitive to low oxygen levels and require massive water turnover and pristine conditions. They are generally solitary as they mature and are extremely difficult to house with tank mates due to their sheer power and aggression.",23–26 degrees celsius,"The Goliath Tigerfish is a legendary predator from the Congo Basin, world-renowned for its massive size and protruding, interlocking teeth that can shear through prey with immense force. Because they are extremely active open-water predators that can grow to over 4 feet in length, they are entirely unsuitable for standard home aquaria and require massive custom-built systems or public aquarium displays. They are highly sensitive to low oxygen levels and require massive water turnover and pristine conditions. They are generally solitary as they mature and are extremely difficult to house with tank mates due to their sheer power and aggression.",6.5 - 7.5,"500 – 1,000+ gallons","120.0-150.0 cm / 47.2-59.1""","Monster Fish Only: Extremely aggressive predator; requires a very large, specialized tank, usually kept alone.",
Hujeta gar,Ctenolucius hujeta,https://upload.wikimedia.org//wikipedia/commons/0/06/Ctenolucius_hujeta_3.jpg,"The Hujeta Gar is a sleek, silver surface-dweller that resembles a miniature gar or barracuda, featuring an elongated snout and a black spot at the base of the tail. Despite their predatory appearance, they are relatively peaceful toward fish that are too large to be eaten and are much more manageable than true gars. They require at least 55 to 75 gallons with plenty of surface-level cover, such as floating plants, to feel secure. A key remark for their care is that they are schooling predators as juveniles and should be kept in groups of three or more to reduce skittishness.",24–28 degrees celsius,"The Hujeta Gar is a sleek, silver surface-dweller that resembles a miniature gar or barracuda, featuring an elongated snout and a black spot at the base of the tail. Despite their predatory appearance, they are relatively peaceful toward fish that are too large to be eaten and are much more manageable than true gars. They require at least 55 to 75 gallons with plenty of surface-level cover, such as floating plants, to feel secure. A key remark for their care is that they are schooling predators as juveniles and should be kept in groups of three or more to reduce skittishness.",6.0 - 7.5,55 – 75 gallons,"20.0-25.0 cm / 7.9-9.8""","Predatory: Compatible with other large, robust fish; they are ""lie-in-wait"" hunters that need plenty of cover.",
"Kissing prochilodus, flagtail Prochilodus",Semaprochilodus insignis,https://upload.wikimedia.org//wikipedia/commons/b/b4/Prochilodus_insignis_-_Zoo_Frankfurt_1.jpg,"The Flagtail Prochilodus is a visually stunning and active species prized for its silver-scaled body and vibrant red-and-black striped tail fin. They are highly valued in larger setups as efficient algae eaters, constantly grazing on surfaces and helping to keep the glass and decor clean. They require a minimum of 75 to 100 gallons and can be somewhat territorial toward their own kind, so they are often best kept as a single specimen in a large community. Notable remarks include their tendency to become ""skittish"" if the tank is too small and their requirement for a diet high in vegetable matter.",24–28 degrees celsius,"The Flagtail Prochilodus is a visually stunning and active species prized for its silver-scaled body and vibrant red-and-black striped tail fin. They are highly valued in larger setups as efficient algae eaters, constantly grazing on surfaces and helping to keep the glass and decor clean. They require a minimum of 75 to 100 gallons and can be somewhat territorial toward their own kind, so they are often best kept as a single specimen in a large community. Notable remarks include their tendency to become ""skittish"" if the tank is too small and their requirement for a diet high in vegetable matter.",6.0 - 7.5,75 – 125 gallons,"30.0-40.0 cm / 11.8-15.7""","Compatible with large, active tankmates; they are useful for controlling algae but can be territorial with their own kind.",
Marbled headstander,Abramites hypselonotus,https://upload.wikimedia.org//wikipedia/commons/2/28/Abramites_hypselonotus.jpg,"The Marbled Headstander is an oddly shaped Characin that gets its name from its characteristic habit of swimming and resting at a steep, head-down angle. They feature a high-backed body with a beautiful brown-and-tan marbled pattern and pointed fins. For proper care, they need at least 30 to 40 gallons and a diet that includes a significant amount of plant material, as they are known to nip at delicate live plants. They are generally compatible with semi-aggressive community fish but can be somewhat territorial toward other bottom-dwellers or similar-looking species.",24–28 degrees celsius,"The Marbled Headstander is an oddly shaped Characin that gets its name from its characteristic habit of swimming and resting at a steep, head-down angle. They feature a high-backed body with a beautiful brown-and-tan marbled pattern and pointed fins. For proper care, they need at least 30 to 40 gallons and a diet that includes a significant amount of plant material, as they are known to nip at delicate live plants. They are generally compatible with semi-aggressive community fish but can be somewhat territorial toward other bottom-dwellers or similar-looking species.",5.8 - 7.5,30 – 55 gallons,"10.0-12.0 cm / 3.9-4.7""",Compatible with other medium-sized South American fish; they swim at an angle and are peaceful but active.,
Banded leporinus,Leporinus fasciatus,https://upload.wikimedia.org//wikipedia/commons/e/ee/Banded_Leporinus_%28Leporinus_fasciatus%29_%287124562451%29.jpg,"The Banded Leporinus is a striking, elongated fish featuring bright yellow-to-gold coloration marked by several bold, vertical black bands that increase in number as the fish ages. They are active, powerful swimmers that can reach 12 inches in length, requiring a minimum of 75 to 90 gallons with a very secure lid. They are notorious for their intelligence and ""mouthy"" behavior, often nipping at plants, decor, and the fins of slower tank mates. Important remarks include their need for a varied diet consisting of both meaty foods and plenty of greens.",22–26 degrees celsius,"The Banded Leporinus is a striking, elongated fish featuring bright yellow-to-gold coloration marked by several bold, vertical black bands that increase in number as the fish ages. They are active, powerful swimmers that can reach 12 inches in length, requiring a minimum of 75 to 90 gallons with a very secure lid. They are notorious for their intelligence and ""mouthy"" behavior, often nipping at plants, decor, and the fins of slower tank mates. Important remarks include their need for a varied diet consisting of both meaty foods and plenty of greens.",5.5 - 7.5,75 – 125 gallons,"25.0-30.0 cm / 9.8-11.8""","Semi-Aggressive: Best kept with larger, fast-moving fish; they are known to be fin-nippers as they mature.",
Striped headstander,Anostomus anostomus,https://upload.wikimedia.org//wikipedia/commons/1/12/Anostomus_anostomus%2C_striped_headstander.jpg,"The Striped Headstander is an elegant, slender fish with three bold horizontal black stripes separated by glowing gold-to-red lines. Like the marbled variety, they spend much of their time tilted forward, grazing on algae and biofilm from rocks and driftwood. They require a minimum of 40 to 50 gallons and prefer a tank with a moderate current and plenty of hiding spots. They are generally peaceful but can be territorial with their own species, so it is best to keep either one specimen or a group of six or more to diffuse aggression.",20–27 degrees celsius,"The Striped Headstander is an elegant, slender fish with three bold horizontal black stripes separated by glowing gold-to-red lines. Like the marbled variety, they spend much of their time tilted forward, grazing on algae and biofilm from rocks and driftwood. They require a minimum of 40 to 50 gallons and prefer a tank with a moderate current and plenty of hiding spots. They are generally peaceful but can be territorial with their own species, so it is best to keep either one specimen or a group of six or more to diffuse aggression.",5.8 - 7.5,30 – 55 gallons,"10.0-12.0 cm / 3.9-4.7""",Compatible with robust community fish; they are active scavengers and should be kept in schools to reduce stress.,
Six-banded distichodus,Distichodus sexfasciatus,https://upload.wikimedia.org//wikipedia/commons/a/ab/Distichodontidae_-_Distichodus_sexfasciatus.JPG,"The Six-banded Distichodus (Distichodus sexfasciatus) is a large, high-backed African characin that is visually stunning as a juvenile, boasting a bright orange body with six thick, vertical black bands. However, as they mature, they can reach lengths of 15 to 30 inches and their colors often fade into a more subdued copper or grey. They require massive tanks of at least 150 to 200 gallons and are notorious for being destructive toward live plants, which they will eat entirely. They can be territorial and aggressive toward other bottom-dwellers or similar-looking fish, so they are best housed with large, robust tank mates.",22–26 degrees celsius,"The Six-banded Distichodus (Distichodus sexfasciatus) is a large, high-backed African characin that is visually stunning as a juvenile, boasting a bright orange body with six thick, vertical black bands. However, as they mature, they can reach lengths of 15 to 30 inches and their colors often fade into a more subdued copper or grey. They require massive tanks of at least 150 to 200 gallons and are notorious for being destructive toward live plants, which they will eat entirely. They can be territorial and aggressive toward other bottom-dwellers or similar-looking fish, so they are best housed with large, robust tank mates.",6.0 - 7.5,125 – 200+ gallons,"20.0-25.0 cm / 7.9-9.8""","Compatible with larger, active fish; they grow large and can be aggressive toward similar-looking species.",https://en.wikipedia.org//wiki/Distichodus_sexfasciatus
Payara,Hydrolycus scomberoides,https://upload.wikimedia.org//wikipedia/commons/a/a3/Hydrolycus_scomberoides_by_OpenCage.jpg,"The Payara is a formidable open-water predator, most famous for its two massive, needle-sharp ""vampire"" fangs that protrude from its lower jaw and fit into specialized sheaths in its upper skull. These fish are built for speed and power, requiring a minimum of 200 to 300 gallons for long-term care as they can grow quite large and are exceptionally active. They are strictly predatory and generally difficult to transition to prepared foods, often requiring a diet of live or high-quality frozen whole fish. A critical remark for owners is that they are very sensitive to water quality and low oxygen levels, requiring massive filtration and high-flow powerheads to mimic their native river environments.",24–28 degrees celsius,"The Payara is a formidable open-water predator, most famous for its two massive, needle-sharp ""vampire"" fangs that protrude from its lower jaw and fit into specialized sheaths in its upper skull. These fish are built for speed and power, requiring a minimum of 200 to 300 gallons for long-term care as they can grow quite large and are exceptionally active. They are strictly predatory and generally difficult to transition to prepared foods, often requiring a diet of live or high-quality frozen whole fish. A critical remark for owners is that they are very sensitive to water quality and low oxygen levels, requiring massive filtration and high-flow powerheads to mimic their native river environments.",6.0 - 8.0,180 – 300+ gallons,"60.0-100.0 cm / 23.6-39.4""","Highly Predatory: Only compatible with massive, fast-moving ""monster"" fish; they are powerful open-water hunters.",https://en.wikipedia.org//wiki/Hydrolycus_scomberoides
Pink-tail chalceus,Chalceus macrolepidotus,https://upload.wikimedia.org//wikipedia/commons/7/79/Chalceus_macrolepidotus.jpg,"The Pink tail chalceus is a sleek, silver surface-dwelling predator with large, metallic scales and a vibrant pink or reddish caudal fin. They are highly energetic and tend to stay in the upper third of the aquarium, requiring at least 75 to 90 gallons with plenty of horizontal swimming space. While they are peaceful toward fish too large to be swallowed, they can be quite aggressive toward their own kind unless kept in a large group or as a single specimen. A key remark for this species is their extreme jumping ability; they are powerful and skittish, making a very heavy, secure lid an absolute necessity.",24–28 degrees celsius,"The Pink tail chalceus is a sleek, silver surface-dwelling predator with large, metallic scales and a vibrant pink or reddish caudal fin. They are highly energetic and tend to stay in the upper third of the aquarium, requiring at least 75 to 90 gallons with plenty of horizontal swimming space. While they are peaceful toward fish too large to be swallowed, they can be quite aggressive toward their own kind unless kept in a large group or as a single specimen. A key remark for this species is their extreme jumping ability; they are powerful and skittish, making a very heavy, secure lid an absolute necessity.",6.0 - 7.5,55 – 75 gallons,"20.0-25.0 cm / 7.9-9.8""","Compatible with active, medium-to-large community fish; they are fast swimmers and very peaceful.",https://en.wikipedia.org//wiki/Chalceus_macrolepidotus
Red wolf fish,Erythrinus erythrinus,https://upload.wikimedia.org//wikipedia/commons/4/4c/Erythrinus_erythrinus.jpg,"The red wolf fish is a stocky, powerful ambush predator with a prehistoric appearance and a cryptic brown-to-orange mottled pattern. Unlike the larger giant wolf fish, this species stays a more manageable size of about 8 inches, but it remains highly aggressive and territorial. They require a minimum of 40 to 55 gallons with plenty of hiding spots like driftwood and caves. They are generally not compatible with tank mates, as they have been known to attack and kill fish much larger than themselves. An interesting remark is their ability to breathe atmospheric air, allowing them to survive in low-oxygen environments that would be fatal to other species.",24–28 degrees celsius,"The red wolf fish is a stocky, powerful ambush predator with a prehistoric appearance and a cryptic brown-to-orange mottled pattern. Unlike the larger giant wolf fish, this species stays a more manageable size of about 8 inches, but it remains highly aggressive and territorial. They require a minimum of 40 to 55 gallons with plenty of hiding spots like driftwood and caves. They are generally not compatible with tank mates, as they have been known to attack and kill fish much larger than themselves. An interesting remark is their ability to breathe atmospheric air, allowing them to survive in low-oxygen environments that would be fatal to other species.",6.0 - 7.5,55 – 100 gallons,"20.0-25.0 cm / 7.9-9.8""",Aggressive Predator: Generally doesn't need a tankmate; they are territorial and will hunt smaller fish.,
Red tail barracuda,Acestrorhynchus falcatus,https://upload.wikimedia.org//wikipedia/commons/3/32/Acestrorhynchus_falcatus_Aquarium_tropical_du_Palais_de_la_Porte_Dor%C3%A9e_10_04_2016.jpg,"Despite its name, the red tail barracuda is a characin that mimics the behavior and look of a true marine barracuda, with an elongated, torpedo-shaped body and a sharp, tooth-filled snout. They are highly active, schooling predators that require at least 75 to 100 gallons to accommodate their frantic swimming bursts. They are compatible with other large, fast-moving fish but will quickly make a meal of any small tank mates. Notable remarks include their fragility during transport and their preference for highly oxygenated water with moderate current.",22–28 degrees celsius,"Despite its name, the red tail barracuda is a characin that mimics the behavior and look of a true marine barracuda, with an elongated, torpedo-shaped body and a sharp, tooth-filled snout. They are highly active, schooling predators that require at least 75 to 100 gallons to accommodate their frantic swimming bursts. They are compatible with other large, fast-moving fish but will quickly make a meal of any small tank mates. Notable remarks include their fragility during transport and their preference for highly oxygenated water with moderate current.",6.0 - 7.5,55 – 75 gallons,"20.0-25.0 cm / 7.9-9.8""","Predatory: Best kept with large, robust fish; they are fast, streamlined hunters that require significant space.",
Spotted headstander,Chilodus punctatus,https://upload.wikimedia.org//wikipedia/commons/0/0f/Chilodus_punctatus.jpg,"The spotted headstander is a smaller, more delicate relative of the larger headstanders, featuring a shimmering silver body covered in rows of fine brown spots and a distinctive black line through the eye. They are most famous for their permanent head-down swimming angle, which they use to graze on algae and microscopic organisms among the substrate. They require a minimum of 20 to 30 gallons and are best kept in schools of six or more to reduce their naturally shy disposition. They are highly compatible with other peaceful community fish and thrive in well-planted aquariums with soft, acidic water.",24–28 degrees celsius,"The spotted headstander is a smaller, more delicate relative of the larger headstanders, featuring a shimmering silver body covered in rows of fine brown spots and a distinctive black line through the eye. They are most famous for their permanent head-down swimming angle, which they use to graze on algae and microscopic organisms among the substrate. They require a minimum of 20 to 30 gallons and are best kept in schools of six or more to reduce their naturally shy disposition. They are highly compatible with other peaceful community fish and thrive in well-planted aquariums with soft, acidic water.",5.5 - 7.5,30 – 55 gallons,"10.0-12.0 cm / 3.9-4.7""","Compatible with larger, semi-aggressive community fish; they swim at a unique angle and are quite hardy.",
Sunshine peacock cichlid,Aulonocara baenschi,https://upload.wikimedia.org//wikipedia/commons/0/0a/Aulonocara_hansbaenschi.jpg,"The sunshine peacock is a prized species from Lake Malawi, known for the brilliant yellow coloration that covers the majority of the male's body, contrasted by an iridescent blue face and chin. These cichlids require a minimum of 55 gallons and a sandy substrate, as they are sand-sifters that hunt for small invertebrates by hovering over the bottom. They are relatively peaceful for cichlids but should not be housed with aggressive mbuna, as they can easily be bullied into losing their vibrant colors. A notable remark for their care is that females and juveniles remain a plain silvery-brown, with males only developing their sunshine yellow as they reach maturity.",23–26 degrees celsius,"The sunshine peacock is a prized species from Lake Malawi, known for the brilliant yellow coloration that covers the majority of the male's body, contrasted by an iridescent blue face and chin. These cichlids require a minimum of 55 gallons and a sandy substrate, as they are sand-sifters that hunt for small invertebrates by hovering over the bottom. They are relatively peaceful for cichlids but should not be housed with aggressive mbuna, as they can easily be bullied into losing their vibrant colors. A notable remark for their care is that females and juveniles remain a plain silvery-brown, with males only developing their sunshine yellow as they reach maturity.",7.5 - 8.5,55 – 75 gallons,"10.0-15.0 cm / 3.9-5.9""",Compatible with other Malawi Peacock cichlids; they are relatively peaceful for cichlids but territorial during breeding.,https://en.wikipedia.org//wiki/Aulonocara_baenschi
Pale usisya aulonocara,Aulonocara steveni,https://upload.wikimedia.org//wikipedia/commons/4/4e/Aulonocara_steveni_Usisya.jpg,"This elegant peacock cichlid is native to the waters near Usisya and features a more subtle color palette, often displaying a blend of soft blues, yellows, and metallic highlights depending on the specific collection point. They thrive in a 55-gallon aquarium decorated with a mix of open sandy areas and rock piles that provide caves for retreat. Like most aulonocara, they are sensitive to poor water quality and require a high-protein diet of flakes, pellets, and frozen foods like brine shrimp to maintain their health. They are compatible with other peaceful Lake Malawi species, provided the tank is not overcrowded and sufficient territories are available.",23–26 degrees celsius,"This elegant peacock cichlid is native to the waters near Usisya and features a more subtle color palette, often displaying a blend of soft blues, yellows, and metallic highlights depending on the specific collection point. They thrive in a 55-gallon aquarium decorated with a mix of open sandy areas and rock piles that provide caves for retreat. Like most aulonocara, they are sensitive to poor water quality and require a high-protein diet of flakes, pellets, and frozen foods like brine shrimp to maintain their health. They are compatible with other peaceful Lake Malawi species, provided the tank is not overcrowded and sufficient territories are available.",7.5 - 8.5,55 – 75 gallons,"8.0-10.0 cm / 3.1-3.9""",Compatible with other calm African cichlids; they are colorful and less aggressive than Mbuna species.,https://en.wikipedia.org//wiki/Aulonocara_steveni
Red fin hap,Copadichromis borleyi,https://upload.wikimedia.org//wikipedia/commons/d/d8/Copadichromis_borleyi2.jpg,"The red fin hap is a stunning open-water cichlid characterized by its large, deep-bodied silver-blue frame and brilliant orange-to-red fins. Because they can reach up to 7 or 8 inches and are active swimmers, they require a larger tank of at least 75 to 90 gallons. Unlike the rock-dwelling mbuna, these fish prefer the water column and are generally less aggressive, though they are quite boisterous during feeding time. Important remarks include their need for high oxygen levels and the fact that they are mouthbrooders, with females carrying the eggs in their mouths for several weeks.",23–26 degrees celsius,"The red fin hap is a stunning open-water cichlid characterized by its large, deep-bodied silver-blue frame and brilliant orange-to-red fins. Because they can reach up to 7 or 8 inches and are active swimmers, they require a larger tank of at least 75 to 90 gallons. Unlike the rock-dwelling mbuna, these fish prefer the water column and are generally less aggressive, though they are quite boisterous during feeding time. Important remarks include their need for high oxygen levels and the fact that they are mouthbrooders, with females carrying the eggs in their mouths for several weeks.",7.5 - 8.5,55 – 75 gallons,"12.0-15.0 cm / 4.7-5.9""",Compatible with medium-sized African cichlids; they are active and need plenty of rockwork for territories.,
Eureka red peacock,Aulonocara jacobfreibergi,https://upload.wikimedia.org//wikipedia/commons/e/e8/Aulonocara_jacobfreigi.jpg,"The eureka red is a line-bred color variant of the jacobfreibergi peacock, specifically selected for its intense red-orange coloration along the back and fins, set against a metallic blue body. These are among the most aggressive members of the peacock family and require a 55-to-75-gallon tank with plenty of rockwork to establish boundaries. They are compatible with larger, more robust Malawi cichlids but should be monitored closely in community settings. A key remark for this species is that their red intensity is highly dependent on diet and water quality, requiring color-enhancing foods to look their best.",23–26 degrees celsius,"The eureka red is a line-bred color variant of the jacobfreibergi peacock, specifically selected for its intense red-orange coloration along the back and fins, set against a metallic blue body. These are among the most aggressive members of the peacock family and require a 55-to-75-gallon tank with plenty of rockwork to establish boundaries. They are compatible with larger, more robust Malawi cichlids but should be monitored closely in community settings. A key remark for this species is that their red intensity is highly dependent on diet and water quality, requiring color-enhancing foods to look their best.",7.5 - 8.5,55 – 75 gallons,"10.0-12.0 cm / 3.9-4.7""",Compatible with other Peacock cichlids; they are striking in color and prefer a sandy substrate with rock caves.,
Spilo,Champsochromis spilorhynchus,,"The spilo, also known as the gold piranha or speckled piranha, is a formidable predator with a shimmering gold-to-silver body and the classic sharp-toothed jaw of the serrasalmus genus. Unlike the schooling red-bellied piranha, the spilo is notoriously territorial and is best kept as a solitary specimen in a 55-to-75-gallon aquarium. They are opportunistic hunters that require a diet of meaty foods such as fish fillets and whole shrimp. Critical remarks for their care include the need for extremely powerful filtration to handle the waste from their diet and a very secure lid, as they are powerful and potentially dangerous to handle.",24–28 degrees celsius,"The spilo, also known as the gold piranha or speckled piranha, is a formidable predator with a shimmering gold-to-silver body and the classic sharp-toothed jaw of the serrasalmus genus. Unlike the schooling red-bellied piranha, the spilo is notoriously territorial and is best kept as a solitary specimen in a 55-to-75-gallon aquarium. They are opportunistic hunters that require a diet of meaty foods such as fish fillets and whole shrimp. Critical remarks for their care include the need for extremely powerful filtration to handle the waste from their diet and a very secure lid, as they are powerful and potentially dangerous to handle.",6.0 - 7.5,55 – 75 gallons,"15.0-20.0 cm / 5.9-7.9""",Aggressive: Best kept with other robust piranha species or alone; they are territorial and predatory.,
"Blue dolphin cichlid, lumphead cichlid",Cyrtocara moorii,https://upload.wikimedia.org//wikipedia/commons/2/29/Cyrtocara_moorii.jpg,"The blue dolphin is a unique and peaceful giant from Lake Malawi, named for its bright blue coloration and the prominent fatty nuchal hump that develops on the forehead of mature specimens. They are large fish, reaching up to 10 inches, and require a minimum of 75 to 100 gallons with a large open sandy area for swimming. In the wild, they follow sand-sifting fish to eat the small organisms they stir up, a behavior they may replicate in the aquarium with tank mates like fossorochromis. They are relatively slow-growing and peaceful, making them excellent candidates for a large Malawi community tank.",24–28 degrees celsius,"The blue dolphin is a unique and peaceful giant from Lake Malawi, named for its bright blue coloration and the prominent fatty nuchal hump that develops on the forehead of mature specimens. They are large fish, reaching up to 10 inches, and require a minimum of 75 to 100 gallons with a large open sandy area for swimming. In the wild, they follow sand-sifting fish to eat the small organisms they stir up, a behavior they may replicate in the aquarium with tank mates like fossorochromis. They are relatively slow-growing and peaceful, making them excellent candidates for a large Malawi community tank.",7.5 - 8.5,55 – 75 gallons,"20.0-25.0 cm / 7.9-9.8""","Compatible with other non-aggressive Malawi cichlids; they are unique ""humphead"" fish that are relatively social.",https://en.wikipedia.org//wiki/Cyrtocara_moorii
"Afra cichlid, dogtooth cichild",Cynotilapia afra,https://upload.wikimedia.org//wikipedia/commons/c/cf/Cynotilapia_afra.jpg,"The afra cichlid is a small but feisty mbuna known for its striking vertical black bars on a bright blue or yellow background, depending on the specific island variant. They are called dogtooth cichlids because of their unique unicuspid teeth, which they use to pluck plankton from the water column. They require a 40-to-55-gallon tank packed with rockwork to provide the numerous caves and crevices they need for territory. While they are planktivores rather than algae-grazers, they are still highly territorial and will aggressively defend their chosen cave against intruders.",22–28 degrees celsius,"The afra cichlid is a small but feisty mbuna known for its striking vertical black bars on a bright blue or yellow background, depending on the specific island variant. They are called dogtooth cichlids because of their unique unicuspid teeth, which they use to pluck plankton from the water column. They require a 40-to-55-gallon tank packed with rockwork to provide the numerous caves and crevices they need for territory. While they are planktivores rather than algae-grazers, they are still highly territorial and will aggressively defend their chosen cave against intruders.",7.5 - 8.5,75 – 125 gallons,"8.0-10.0 cm / 3.1-3.9""",Semi-Aggressive: Compatible with other African cichlids; they are territorial and need many hiding spots.,
"Rusty cichlid, lavender cichild",Iodotropheus sprengerae,https://upload.wikimedia.org//wikipedia/commons/c/c7/Iodotropheus_sprengerae.jpg,"The rusty cichlid is one of the most peaceful and manageable mbuna, making it a favorite for beginners. They are named for their unique rusty-orange body color that blends into a soft lavender or purple sheen along the flanks. They stay relatively small, around 4 inches, and can be kept in a 40-gallon aquarium with plenty of rocks. They are highly compatible with other Malawi cichlids and are less likely to harass tank mates than other mbuna. A notable remark is that they are hardy and less demanding regarding water chemistry than some of the more sensitive rift lake species.",23–28 degrees celsius,"The rusty cichlid is one of the most peaceful and manageable mbuna, making it a favorite for beginners. They are named for their unique rusty-orange body color that blends into a soft lavender or purple sheen along the flanks. They stay relatively small, around 4 inches, and can be kept in a 40-gallon aquarium with plenty of rocks. They are highly compatible with other Malawi cichlids and are less likely to harass tank mates than other mbuna. A notable remark is that they are hardy and less demanding regarding water chemistry than some of the more sensitive rift lake species.",7.5 - 8.5,30 – 55 gallons,"8.0-10.0 cm / 3.1-3.9""",Compatible with other Mbuna cichlids; they are relatively peaceful and help add variety to a rock-heavy tank.,
"Fuelleborn's cichlid, Blue mbuna",Labeotropheus fuelleborni,https://upload.wikimedia.org//wikipedia/commons/e/e7/Labeotropheus_fuelleborni_crop.png,"This species is a specialized rock-dweller with a heavy, overhanging snout that allows it to scrape algae from rocks at an angle. They come in several color morphs, including orange-blotched and solid blue, and require a minimum of 55 to 75 gallons. Their diet must be very high in vegetable matter, such as spirulina, to prevent digestive issues like Malawi bloat. They are quite aggressive and territorial, requiring a tank with extensive rockwork and high-quality filtration to manage their high activity levels.",24–28 degrees celsius,"This species is a specialized rock-dweller with a heavy, overhanging snout that allows it to scrape algae from rocks at an angle. They come in several color morphs, including orange-blotched and solid blue, and require a minimum of 55 to 75 gallons. Their diet must be very high in vegetable matter, such as spirulina, to prevent digestive issues like Malawi bloat. They are quite aggressive and territorial, requiring a tank with extensive rockwork and high-quality filtration to manage their high activity levels.",7.5 - 8.5,40 – 55 gallons,"12.0-15.0 cm / 4.7-5.9""",Semi-Aggressive: Compatible with other robust Mbuna; they are active algae grazers and very territorial.,https://en.wikipedia.org//wiki/Labeotropheus_fuelleborni
Electric yellow cichlid,Labidochromis caeruleus,https://upload.wikimedia.org//wikipedia/commons/b/b1/Electric_Yellow_Lab_Cichlid.jpg,"The electric yellow lab is one of the most popular African cichlids due to its brilliant, solid yellow body and contrasting black horizontal stripes on the fins. Unlike many mbuna, they are remarkably peaceful and can even be kept with some non-cichlid tank mates in a 40-to-55-gallon setup. They are insectivores by nature and do not require the same strictly high-vegetation diet as other mbuna, though they still benefit from a varied diet. A key remark is that they are easy to breed and are widely available, making them the quintessential starter cichlid for Lake Malawi enthusiasts.",23–28 degrees celsius,"The electric yellow lab is one of the most popular African cichlids due to its brilliant, solid yellow body and contrasting black horizontal stripes on the fins. Unlike many mbuna, they are remarkably peaceful and can even be kept with some non-cichlid tank mates in a 40-to-55-gallon setup. They are insectivores by nature and do not require the same strictly high-vegetation diet as other mbuna, though they still benefit from a varied diet. A key remark is that they are easy to breed and are widely available, making them the quintessential starter cichlid for Lake Malawi enthusiasts.",7.5 - 8.5,40 – 55 gallons,"8.0-10.0 cm / 3.1-3.9""",Compatible with most African cichlid communities; they are iconic for their bright color and moderate temperament.,
Electric blue cichlid,Sciaenochromis fryeri,https://upload.wikimedia.org//wikipedia/commons/1/18/Fryeri2.jpg,"The electric blue cichlid is a stunning predator from Lake Malawi, famous for the intense, metallic blue coloration of the males, which often features white or orange highlights on the dorsal fin. They are piscivores that hunt small fish in the wild, so they require a 75-gallon tank and should not be kept with tiny tank mates. They are relatively peaceful toward fish they cannot swallow but can be aggressive toward other blue-colored males. Notable remarks include the fact that females remain a plain silver-grey and that males need a high-protein diet to maintain their incredible coloration.",22–28 degrees celsius,"The electric blue cichlid is a stunning predator from Lake Malawi, famous for the intense, metallic blue coloration of the males, which often features white or orange highlights on the dorsal fin. They are piscivores that hunt small fish in the wild, so they require a 75-gallon tank and should not be kept with tiny tank mates. They are relatively peaceful toward fish they cannot swallow but can be aggressive toward other blue-colored males. Notable remarks include the fact that females remain a plain silver-grey and that males need a high-protein diet to maintain their incredible coloration.",7.5 - 8.5,40 – 55 gallons,"15.0-20.0 cm / 5.9-7.9""",Compatible with other Malawi cichlids; their vibrant blue color is best maintained with high-quality specialized food.,
Malawi eyebiter,Dimidiochromis compressiceps,https://upload.wikimedia.org//wikipedia/commons/6/68/Cichlidae_-_Dimidiochromis_compressiceps.JPG,"The malawi eyebiter is a highly specialized predator with a laterally compressed, knife-like body that allows it to hide among reeds and ambush prey. Despite their intimidating name, they do not specifically target eyes, but they are efficient hunters of small fish. They grow quite large, up to 10 or 12 inches, and require at least a 100-to-125-gallon tank with plenty of open swimming space and some tall plants or decor for cover. They are generally peaceful toward fish they cannot swallow but should be kept with other large, robust Malawi cichlids.",24–28 degrees celsius,"The malawi eyebiter is a highly specialized predator with a laterally compressed, knife-like body that allows it to hide among reeds and ambush prey. Despite their intimidating name, they do not specifically target eyes, but they are efficient hunters of small fish. They grow quite large, up to 10 or 12 inches, and require at least a 100-to-125-gallon tank with plenty of open swimming space and some tall plants or decor for cover. They are generally peaceful toward fish they cannot swallow but should be kept with other large, robust Malawi cichlids.",7.5 - 8.5,40 – 55 gallons,"15.0-20.0 cm / 5.9-7.9""","Highly Predatory: Best kept with larger, fast African cichlids; they are ""eye-biters"" that hunt smaller fish.",https://en.wikipedia.org//wiki/Dimidiochromis_compressiceps
"Hongi, Red-top kimpumpa","Labidochromis sp. ""Hongi""",https://upload.wikimedia.org//wikipedia/commons/7/7a/Labidochromis_sp_hongi.jpg,"The Hongi / Red-top Kimpumpa (Labidochromis sp. ""Hongi"") is a striking Mbuna where dominant males display a pale blue-to-white body contrasted by a brilliant orange-red blaze running across the forehead and dorsal fin. They are quite territorial and aggressive, requiring a 55-gallon tank with a complex rock structure to provide hiding spots for females and sub-dominant males. Like other Mbuna, they are primarily algae-grazers and need a diet rich in vegetable matter. A notable remark is that their colors can flash intensely during social interactions, turning from dull to vivid in a matter of seconds.



The Hongi / Red-top Kimpumpa (Labidochromis sp. ""Hongi"") is a striking Mbuna where dominant males display a pale blue-to-white body contrasted by a brilliant orange-red blaze running across the forehead and dorsal fin. They are quite territorial and aggressive, requiring a 55-gallon tank with a complex rock structure to provide hiding spots for females and sub-dominant males. Like other Mbuna, they are primarily algae-grazers and need a diet rich in vegetable matter. A notable remark is that their colors can flash intensely during social interactions, turning from dull to vivid in a matter of seconds.",24–28 degrees celsius,"The Hongi / Red-top Kimpumpa (Labidochromis sp. ""Hongi"") is a striking Mbuna where dominant males display a pale blue-to-white body contrasted by a brilliant orange-red blaze running across the forehead and dorsal fin. They are quite territorial and aggressive, requiring a 55-gallon tank with a complex rock structure to provide hiding spots for females and sub-dominant males. Like other Mbuna, they are primarily algae-grazers and need a diet rich in vegetable matter. A notable remark is that their colors can flash intensely during social interactions, turning from dull to vivid in a matter of seconds.



The Hongi / Red-top Kimpumpa (Labidochromis sp. ""Hongi"") is a striking Mbuna where dominant males display a pale blue-to-white body contrasted by a brilliant orange-red blaze running across the forehead and dorsal fin. They are quite territorial and aggressive, requiring a 55-gallon tank with a complex rock structure to provide hiding spots for females and sub-dominant males. Like other Mbuna, they are primarily algae-grazers and need a diet rich in vegetable matter. A notable remark is that their colors can flash intensely during social interactions, turning from dull to vivid in a matter of seconds.",7.5 - 8.5,40 – 55 gallons,"30.0-40.0 cm / 11.8-15.7""",Aggressive: Compatible with other Mbuna; they are very territorial and will defend their rock caves vigorously.,https://en.wikipedia.org//wiki/Labidochromis_sp._Hongi
Yellow Top Mbamba,"Labidochromis sp. ""Mbamba Bay""",,"This species features a dark, almost black body with vibrant blue vertical bars and a glowing yellow-to-orange dorsal fin. They are similar in care to the Electric Yellow Lab but are significantly more territorial and aggressive. They require a 40-to-55-gallon tank with plenty of rocks to allow them to establish territories. They are hardy and adaptable but should be housed with other assertive Mbuna to ensure they are not bullied or become overly dominant.",24–28 degrees celsius,"This species features a dark, almost black body with vibrant blue vertical bars and a glowing yellow-to-orange dorsal fin. They are similar in care to the Electric Yellow Lab but are significantly more territorial and aggressive. They require a 40-to-55-gallon tank with plenty of rocks to allow them to establish territories. They are hardy and adaptable but should be housed with other assertive Mbuna to ensure they are not bullied or become overly dominant.",7.5 - 8.5,100 – 150 gallons,"8.0-10.0 cm / 3.1-3.9""",Semi-Aggressive: Compatible with other active African cichlids; they are social but competitive for territory.,https://en.wikipedia.org//wiki/Labidochromis_sp._%22Mbamba_Bay%22
"Auratus cichlid, Malawi golden cichlid",Melanochromis auratus,https://upload.wikimedia.org//wikipedia/commons/4/40/Melanochromis_auratus_%28female%29.jpg,"The Auratus is a beautiful but notoriously aggressive cichlid, featuring horizontal stripes of gold, black, and white. Interestingly, the color patterns of males and females are opposites: females are yellow with black and white stripes, while mature males turn black with blue and gold stripes. They require a minimum of 55 gallons and a very high number of hiding places to manage their extreme aggression. They are generally recommended for experienced keepers who can manage a high-energy, potentially volatile community.",23–28 degrees celsius,"The Auratus is a beautiful but notoriously aggressive cichlid, featuring horizontal stripes of gold, black, and white. Interestingly, the color patterns of males and females are opposites: females are yellow with black and white stripes, while mature males turn black with blue and gold stripes. They require a minimum of 55 gallons and a very high number of hiding places to manage their extreme aggression. They are generally recommended for experienced keepers who can manage a high-energy, potentially volatile community.",7.5 - 8.5,40 – 55 gallons,"8.0-10.0 cm / 3.1-3.9""",Highly Aggressive: Best kept with other very robust Mbuna; they are notorious for high levels of territorial aggression.,
Chipokee cichlid,Melanochromis chipokae,,"The Chipokee is a large and powerful Mbuna that resembles the Auratus but grows larger and is even more predatory. Males are a dark, shimmering blue with horizontal bands, while females and juveniles are a bright yellow with black stripes. They require a 75-gallon tank and should only be kept with other very aggressive, robust cichlids. A key remark is that they are known to eat small fish in the wild, so their diet should be slightly higher in protein than typical algae-eating Mbuna, though they still need vegetable matter.",24–28 degrees celsius,"The Chipokee is a large and powerful Mbuna that resembles the Auratus but grows larger and is even more predatory. Males are a dark, shimmering blue with horizontal bands, while females and juveniles are a bright yellow with black stripes. They require a 75-gallon tank and should only be kept with other very aggressive, robust cichlids. A key remark is that they are known to eat small fish in the wild, so their diet should be slightly higher in protein than typical algae-eating Mbuna, though they still need vegetable matter.",7.5 - 8.5,40 – 55 gallons,"10.0-12.0 cm / 3.9-4.7""",Semi-Aggressive: Compatible with other Malawi cichlids; they are active and need a large tank to manage aggression.,
"Blue johanni cichlid, Maingano",Melanochromis cyaneorhabdos,https://upload.wikimedia.org//wikipedia/commons/1/11/Melanochromis_cyaneorhabdos.jpg,"The Maingano is a stunning Mbuna featuring electric blue horizontal stripes on a deep navy-blue-to-black body. Unlike the standard Johanni, where females are orange, both males and females of the Maingano look nearly identical with the same blue-and-black pattern. They require a 55-gallon tank with plenty of rockwork to allow for natural grazing and territorial behavior. They are moderately aggressive and should be kept in a group to disperse tension among themselves.",24–28 degrees celsius,"The Maingano is a stunning Mbuna featuring electric blue horizontal stripes on a deep navy-blue-to-black body. Unlike the standard Johanni, where females are orange, both males and females of the Maingano look nearly identical with the same blue-and-black pattern. They require a 55-gallon tank with plenty of rockwork to allow for natural grazing and territorial behavior. They are moderately aggressive and should be kept in a group to disperse tension among themselves.",7.5 - 8.5,40 – 55 gallons,"10.0-12.0 cm / 3.9-4.7""",Aggressive: Compatible with other Mbuna; they are very territorial and have striking horizontal stripes.,https://en.wikipedia.org//wiki/Melanochromis_cyaneorhabdos
Pearl of Likoma,Melanochromis joanjohnsonae,https://upload.wikimedia.org//wikipedia/commons/f/f4/Melanochromis_joanjohnsonae.jpg,"The Pearl of Likoma is a subtle and beautiful cichlid with a white-to-pearly-blue body that often shows faint vertical bars. They are among the smaller and more peaceful Mbuna, thriving in a 40-to-55-gallon tank with plenty of rocks and caves. They are compatible with other peaceful Malawi species and are less demanding than many of their more colorful, aggressive cousins. A notable remark is that they look best under lighting that highlights their iridescent, pearly sheen, which can sometimes be lost in overly bright setups.",24–28 degrees celsius,"The Pearl of Likoma is a subtle and beautiful cichlid with a white-to-pearly-blue body that often shows faint vertical bars. They are among the smaller and more peaceful Mbuna, thriving in a 40-to-55-gallon tank with plenty of rocks and caves. They are compatible with other peaceful Malawi species and are less demanding than many of their more colorful, aggressive cousins. A notable remark is that they look best under lighting that highlights their iridescent, pearly sheen, which can sometimes be lost in overly bright setups.",7.5 - 8.5,40 – 55 gallons,"8.0-10.0 cm / 3.1-3.9""",Compatible with other Malawi cichlids; they are relatively peaceful and prized for their unique coloration.,https://en.wikipedia.org//wiki/Melanochromis_joanjohnsonae
Aurora,Melanochromis aurora,,"The Aurora Cichlid is a vibrant Mbuna from Lake Malawi, known for its yellow-orange throat and belly that contrasts sharply with a bright blue body. They are typical rock-dwellers that require a minimum of 55 gallons with a complex hardscape of rocks and caves to mimic their natural habitat. While they are moderately aggressive, they are relatively manageable compared to other Melanochromis species and should be kept in a harem of one male to several females. A key remark is their herbivorous nature; they require a diet rich in vegetable matter and spirulina to prevent digestive distress.",22–27 degrees celsius,"The Aurora Cichlid is a vibrant Mbuna from Lake Malawi, known for its yellow-orange throat and belly that contrasts sharply with a bright blue body. They are typical rock-dwellers that require a minimum of 55 gallons with a complex hardscape of rocks and caves to mimic their natural habitat. While they are moderately aggressive, they are relatively manageable compared to other Melanochromis species and should be kept in a harem of one male to several females. A key remark is their herbivorous nature; they require a diet rich in vegetable matter and spirulina to prevent digestive distress.",7.5 - 8.5,40 – 55 gallons,"8.0-10.0 cm / 3.1-3.9""",Semi-Aggressive: Best kept in a specialized Malawi setup with other Mbuna; they are territorial but manageable in large tanks.,
Red zebra cichlid,Metriaclima estherae,https://upload.wikimedia.org//wikipedia/commons/7/73/Pyszczak.jpg,"The Red Zebra is a classic Mbuna favorite, prized for its solid, brilliant orange-to-red coloration in both males and females. They are very hardy but famously territorial, requiring at least 55 gallons and plenty of rockwork to break up sightlines and provide refuge for tank mates. They are compatible with other assertive Malawi Cichlids but can easily become the dominant fish in a tank. An important remark for their care is that they are strictly herbivorous ""aufwuchs"" grazers, so high-protein meaty foods must be avoided to prevent health issues.",22–27 degrees celsius,"The Red Zebra is a classic Mbuna favorite, prized for its solid, brilliant orange-to-red coloration in both males and females. They are very hardy but famously territorial, requiring at least 55 gallons and plenty of rockwork to break up sightlines and provide refuge for tank mates. They are compatible with other assertive Malawi Cichlids but can easily become the dominant fish in a tank. An important remark for their care is that they are strictly herbivorous ""aufwuchs"" grazers, so high-protein meaty foods must be avoided to prevent health issues.",7.5 - 8.5,40 – 55 gallons,"10.0-13.0 cm / 3.9-5.1""","Highly Aggressive: Known for extreme territoriality; keep only with other robust, fast-moving African cichlids.",https://en.wikipedia.org//wiki/Metriaclima_estherae
"Cobalt blue cichlid, cobalt zebra cichlid",Maylandia callainos,https://upload.wikimedia.org//wikipedia/commons/e/e0/Cobaltblue1.jpg,"This species is a stunning, solid-colored Mbuna featuring a uniform electric blue hue across the entire body and fins. They require a minimum of 55 gallons and a mature tank with high-quality filtration to manage the bioload of a typical Cichlid community. They are moderately aggressive and thrive best when kept with other Mbuna of similar temperament. A notable remark is that they are prolific breeders and are excellent for hobbyists interested in witnessing maternal mouthbrooding behavior.",22–27 degrees celsius,"This species is a stunning, solid-colored Mbuna featuring a uniform electric blue hue across the entire body and fins. They require a minimum of 55 gallons and a mature tank with high-quality filtration to manage the bioload of a typical Cichlid community. They are moderately aggressive and thrive best when kept with other Mbuna of similar temperament. A notable remark is that they are prolific breeders and are excellent for hobbyists interested in witnessing maternal mouthbrooding behavior.",7.5 - 8.5,50 – 60 gallons,"12.0-15.0 cm / 4.7-5.9""","Aggressive: Territorial like most Mbuna; best kept in a ""crowded"" African cichlid tank to disperse aggression.",
Kenyi cichlid,Maylandia lombardoi,https://upload.wikimedia.org//wikipedia/commons/f/f1/Maylandia_lombardoi.jpg,"The Kenyi Cichlid is a fascinating species due to its dramatic sexual dimorphism: females and juveniles are bright blue with black vertical bars, while mature males turn a solid, vibrant yellow. They are among the most aggressive Mbuna and require at least 55 to 75 gallons with numerous hiding places to protect females from over-eager males. They are highly territorial and should only be housed with other very robust, assertive Lake Malawi species. Key remarks include their need for a vegetable-based diet and the potential for a single male to dominate an entire aquarium.",22–27 degrees celsius,"The Kenyi Cichlid is a fascinating species due to its dramatic sexual dimorphism: females and juveniles are bright blue with black vertical bars, while mature males turn a solid, vibrant yellow. They are among the most aggressive Mbuna and require at least 55 to 75 gallons with numerous hiding places to protect females from over-eager males. They are highly territorial and should only be housed with other very robust, assertive Lake Malawi species. Key remarks include their need for a vegetable-based diet and the potential for a single male to dominate an entire aquarium.",7.5 - 8.5,50 – 60 gallons,"12.0-15.0 cm / 4.7-5.9""","Highly Aggressive: One of the most aggressive Mbuna; usually doesn't need a tankmate unless it is a very large, specialized setup.",
Fusco,Nimbochromis fuscotaeniatus,https://upload.wikimedia.org//wikipedia/commons/9/9a/Nimbochromis_Fuscotaeniatus_male.jpg,"The Fusco is a large, powerful predator featuring a complex pattern of brown blotches on a shimmering blue background. Because they can grow to 10 or 12 inches and are active hunters, they require a minimum of 125 gallons with plenty of open swimming space. They are piscivores that will eat any tank mate small enough to fit in their mouths, but they are generally peaceful toward other large Haps and Peacocks. A critical remark is that they are extremely fast and require a very secure lid, as they can easily jump out of the tank when excited.",24–28 degrees celsius,"The Fusco is a large, powerful predator featuring a complex pattern of brown blotches on a shimmering blue background. Because they can grow to 10 or 12 inches and are active hunters, they require a minimum of 125 gallons with plenty of open swimming space. They are piscivores that will eat any tank mate small enough to fit in their mouths, but they are generally peaceful toward other large Haps and Peacocks. A critical remark is that they are extremely fast and require a very secure lid, as they can easily jump out of the tank when excited.",7.5 - 8.5,125 – 150 gallons,"20.0-25.0 cm / 7.9-9.8""","Highly Predatory: A large, aggressive open-water hunter; compatible only with other large, robust Malawi cichlids.",
Livingston's cichlid,Nimbochromis livingstonii,https://upload.wikimedia.org//wikipedia/commons/b/b2/Adult_male_livingstonii.png,"The Livingston’s Cichlid is a highly intelligent predator known for its ""playing dead"" hunting strategy, where it lies on the sand to lure small fish before striking. They feature a silver-white body with large, irregular brown blotches that resemble camouflaging patterns. They reach about 10 inches and require at least 100 to 125 gallons with a sandy substrate and a few large rocks. They are compatible with other large Malawi species but are strictly solitary hunters that should not be kept with small fish.",23–27 degrees celsius,"The Livingston?s Cichlid is a highly intelligent predator known for its ""playing dead"" hunting strategy, where it lies on the sand to lure small fish before striking. They feature a silver-white body with large, irregular brown blotches that resemble camouflaging patterns. They reach about 10 inches and require at least 100 to 125 gallons with a sandy substrate and a few large rocks. They are compatible with other large Malawi species but are strictly solitary hunters that should not be kept with small fish.",7.5 - 8.5,125 – 150 gallons,"20.0-25.0 cm / 7.9-9.8""","Predatory: Uses ""playing dead"" as a hunting strategy; keep with larger fish that cannot be swallowed.",
Kaligono,Nimbochromis polystigma,https://upload.wikimedia.org//wikipedia/commons/8/8d/Polystigma.jpg,"Often associated with the Blue Dolphin, the Kaligono is a large, blue Cichlid that develops a prominent nuchal hump as it matures. They are peaceful sand-dwellers that require at least 75 to 100 gallons and thrive in a colony of their own kind. Unlike aggressive Mbuna, they are slow-moving and sociable, following sand-sifters to catch small organisms disturbed by the digging. Notable remarks include their sensitivity to water quality and their requirement for a diet of high-quality pellets and frozen meaty foods.",22–28 degrees celsius,"Often associated with the Blue Dolphin, the Kaligono is a large, blue Cichlid that develops a prominent nuchal hump as it matures. They are peaceful sand-dwellers that require at least 75 to 100 gallons and thrive in a colony of their own kind. Unlike aggressive Mbuna, they are slow-moving and sociable, following sand-sifters to catch small organisms disturbed by the digging. Notable remarks include their sensitivity to water quality and their requirement for a diet of high-quality pellets and frozen meaty foods.",7.5 - 8.5,125 – 150 gallons,"20.0-25.0 cm / 7.9-9.8""","Highly Predatory: A specialized hunter; compatible only with other large, active cichlids in a spacious environment.",
"Venustus cichlid, giraffe cichild",Nimbochromis venustus,https://upload.wikimedia.org//wikipedia/commons/a/a2/Nimbochromis_venustus.JPG,"The Venustus is a popular Malawi Hap characterized by its ""giraffe-like"" yellow-and-brown camouflaging pattern and a brilliant blue face in dominant males. They are large predators that reach 10 inches and require a minimum of 100 to 125 gallons. While they are peaceful toward fish they cannot swallow, they are highly efficient ambush hunters. A key remark is their longevity and personality; they often recognize their owners and can become quite tame in a large, well-maintained system.",22–28 degrees celsius,"The Venustus is a popular Malawi Hap characterized by its ""giraffe-like"" yellow-and-brown camouflaging pattern and a brilliant blue face in dominant males. They are large predators that reach 10 inches and require a minimum of 100 to 125 gallons. While they are peaceful toward fish they cannot swallow, they are highly efficient ambush hunters. A key remark is their longevity and personality; they often recognize their owners and can become quite tame in a large, well-maintained system.",7.5 - 8.5,70 – 100 gallons,"20.0-25.0 cm / 7.9-9.8""","Predatory: Large and territorial; best kept with other robust ""Haps"" or Mbuna in a large Malawi tank.",
Red empress cichlid,Protomelas taeniolatus,https://upload.wikimedia.org//wikipedia/commons/0/02/Protomelas_taeniolatus_by_Derek_Ramsey.jpg,"The Red Empress is one of the most colorful Haps, with males displaying a stunning iridescent blue head and a deep red-to-orange body. They are mid-water dwellers that require at least 75 gallons and plenty of room to swim. They are relatively peaceful for their size and are excellently compatible with Peacock Cichlids and other non-aggressive Haps. Notable remarks include their diet; unlike most Haps, they primarily graze on algae in the wild and should be fed a mix of spirulina and high-quality protein.",23–28 degrees celsius,"The Red Empress is one of the most colorful Haps, with males displaying a stunning iridescent blue head and a deep red-to-orange body. They are mid-water dwellers that require at least 75 gallons and plenty of room to swim. They are relatively peaceful for their size and are excellently compatible with Peacock Cichlids and other non-aggressive Haps. Notable remarks include their diet; unlike most Haps, they primarily graze on algae in the wild and should be fed a mix of spirulina and high-quality protein.",7.5 - 8.5,55 – 75 gallons,"15.0-20.0 cm / 5.9-7.9""","Semi-Aggressive: One of the more peaceful ""Haps""; compatible with other non-aggressive Malawi peacocks and cichlids.",
"Bumblebee cichlid, hornet cichlid",Pseudotropheus crabro,https://upload.wikimedia.org//wikipedia/commons/2/29/Pseudotropheus_Crabo_Male.JPG,"The Bumblebee Cichlid is a large Mbuna featuring bold yellow and black vertical bands, which can turn solid black when the fish is stressed or spawning. In the wild, they act as ""cleaners"" for large catfish, but in the aquarium, they are highly territorial and aggressive. They require at least 75 gallons due to their larger adult size and boisterous nature. They are opportunistic eaters that will consume almost anything, making them easy to feed but challenging to house with smaller, timid species.",23–28 degrees celsius,"The Bumblebee Cichlid is a large Mbuna featuring bold yellow and black vertical bands, which can turn solid black when the fish is stressed or spawning. In the wild, they act as ""cleaners"" for large catfish, but in the aquarium, they are highly territorial and aggressive. They require at least 75 gallons due to their larger adult size and boisterous nature. They are opportunistic eaters that will consume almost anything, making them easy to feed but challenging to house with smaller, timid species.",7.5 - 8.5,50 – 75 gallons,"15.0-20.0 cm / 5.9-7.9""",Semi-Aggressive: Highly active and can be territorial; keep with other boisterous African cichlids.,
Yellow-tail acei,Pseudotropheus acei,https://upload.wikimedia.org//wikipedia/commons/0/0b/Yellow_tailed_acei.jpg,"The Yellow-tail Acei is a unique Mbuna that prefers open water and driftwood over tight rock crevices. They feature a beautiful dark blue or purple body with contrasting bright yellow fins. They are among the most peaceful Mbuna and thrive in large schools, requiring a minimum of 55 to 75 gallons. Because they are less territorial, they are an excellent ""utility"" fish for Lake Malawi tanks, helping to calm more aggressive species.",22–28 degrees celsius,"The Yellow-tail Acei is a unique Mbuna that prefers open water and driftwood over tight rock crevices. They feature a beautiful dark blue or purple body with contrasting bright yellow fins. They are among the most peaceful Mbuna and thrive in large schools, requiring a minimum of 55 to 75 gallons. Because they are less territorial, they are an excellent ""utility"" fish for Lake Malawi tanks, helping to calm more aggressive species.",7.5 - 8.5,50 – 60 gallons,"12.0-15.0 cm / 4.7-5.9""",Peaceful (for Mbuna): One of the more docile African cichlids; compatible with a wide range of other peaceful Malawi species.,https://en.wikipedia.org//wiki/Pseudotropheus_acei
Johanni cichlid,Pseudotropheus johannii,https://upload.wikimedia.org//wikipedia/commons/a/a4/Melanochromis_johanni_Male.jpg,"The Johanni is a stunning species where males are electric blue with dark horizontal stripes, and females are a vibrant, solid orange-yellow. They are highly territorial and aggressive, requiring at least 55 gallons and a very complex rock hardscape. They are compatible with other assertive Mbuna but can be very hard on their own kind if not kept in a proper harem. A notable remark is the risk of hybridization with similar-looking species like the Maingano, so they should be housed carefully in mixed-species tanks.",23–27 degrees celsius,"The Johanni is a stunning species where males are electric blue with dark horizontal stripes, and females are a vibrant, solid orange-yellow. They are highly territorial and aggressive, requiring at least 55 gallons and a very complex rock hardscape. They are compatible with other assertive Mbuna but can be very hard on their own kind if not kept in a proper harem. A notable remark is the risk of hybridization with similar-looking species like the Maingano, so they should be housed carefully in mixed-species tanks.",7.5 - 8.5,50 – 60 gallons,"10.0-12.0 cm / 3.9-4.7""",Aggressive: Territorial and active; best kept with other Mbuna where there is plenty of rockwork for cover.,
Dwarf Mbuna,Pseudotropheus demasoni,https://upload.wikimedia.org//wikipedia/commons/4/48/Pseudotropheus_demasoni.jpg,"Dwarf Mbuna refers to smaller species like Chindongo saulosi that stay under 3 to 4 inches, making them ideal for smaller Malawi setups. They require at least 30 to 40 gallons and still demand the same rock-heavy environments as their larger cousins. They are generally less aggressive than large Mbuna but still very territorial. A key remark is their suitability for ""nano"" Cichlid setups, provided the filtration and water change schedule is rigorous.",22–28 degrees celsius,"Dwarf Mbuna refers to smaller species like Chindongo saulosi that stay under 3 to 4 inches, making them ideal for smaller Malawi setups. They require at least 30 to 40 gallons and still demand the same rock-heavy environments as their larger cousins. They are generally less aggressive than large Mbuna but still very territorial. A key remark is their suitability for ""nano"" Cichlid setups, provided the filtration and water change schedule is rigorous.",7.5 - 8.5,30 – 45 gallons,"6.0-9.0 cm / 2.4-3.5""",Semi-Aggressive: Small but spunky; compatible with other dwarf Mbuna and peaceful African cichlids.,
Saulosi,Pseudotropheus saulosi,https://upload.wikimedia.org//wikipedia/commons/e/ee/Pseudotropheus_saulosi.jpg,"The Saulosi is a prized dwarf Mbuna where both sexes start out yellow, but dominant males eventually transform into a brilliant blue with black vertical bars. They reach only 3.5 inches and can be successfully kept in a 40-gallon tank. They are highly social and look best when kept in a large group of 10 or more to diffuse aggression. An important remark is that they are listed as vulnerable in the wild, so purchasing tank-bred specimens is highly recommended for conservation.",22–28 degrees celsius,"The Saulosi is a prized dwarf Mbuna where both sexes start out yellow, but dominant males eventually transform into a brilliant blue with black vertical bars. They reach only 3.5 inches and can be successfully kept in a 40-gallon tank. They are highly social and look best when kept in a large group of 10 or more to diffuse aggression. An important remark is that they are listed as vulnerable in the wild, so purchasing tank-bred specimens is highly recommended for conservation.",7.5 - 8.5,30 – 55 gallons,"8.0-10.0 cm / 3.1-3.9""",Semi-Aggressive: A social Mbuna that should be kept in groups; compatible with other moderately aggressive Malawi species.,
Malawi barracuda,Rhampsochromis cf. macrophthalmus,,"The Malawi Barracuda is a large, specialized predator with a distinct downward-curving snout and a powerful, elongated body. They are ambush hunters that require a massive tank of 150+ gallons to accommodate their adult size of nearly 12 inches. They are generally peaceful toward other large Cichlids but will eat anything they can catch. Notable remarks include their slow, methodical swimming style and their preference for a high-protein diet of whole frozen foods.",23–27 degrees celsius,"The Malawi Barracuda is a large, specialized predator with a distinct downward-curving snout and a powerful, elongated body. They are ambush hunters that require a massive tank of 150+ gallons to accommodate their adult size of nearly 12 inches. They are generally peaceful toward other large Cichlids but will eat anything they can catch. Notable remarks include their slow, methodical swimming style and their preference for a high-protein diet of whole frozen foods.",7.5 - 8.5,125 – 150 gallons,"25.0-30.0 cm / 9.8-11.8""","Highly Predatory: A fast, powerful hunter; compatible only with very large, robust tankmates that it cannot swallow.",
Frontosa cichild,Cyphotilapia frontosa,https://upload.wikimedia.org//wikipedia/commons/8/86/Cyphotilapia_frontosa_by_Ark.jpg,"The Frontosa is a majestic, deep-water Cichlid from Lake Tanganyika, famous for its bold black and white vertical stripes and the massive nuchal hump that develops on old males. They are slow-growing and very long-lived, requiring a minimum of 125 to 150 gallons for a colony. They are generally peaceful but predatory toward small fish, preferring a calm, dimly lit environment with large rock caves. A key remark is their preference for higher pH and harder water than Malawi species, as well as their need for stable, low-nitrate conditions.",23–27 degrees celsius,"The Frontosa is a majestic, deep-water Cichlid from Lake Tanganyika, famous for its bold black and white vertical stripes and the massive nuchal hump that develops on old males. They are slow-growing and very long-lived, requiring a minimum of 125 to 150 gallons for a colony. They are generally peaceful but predatory toward small fish, preferring a calm, dimly lit environment with large rock caves. A key remark is their preference for higher pH and harder water than Malawi species, as well as their need for stable, low-nitrate conditions.",8.0 - 9.0,150 – 200+ gallons,"30.0-35.0 cm / 11.8-13.8""","Semi-Aggressive: Grows quite large and is very social; compatible with other large, peaceful Malawi cichlids.",
Frontosa cichild,Cyphotilapia gibberosa,https://upload.wikimedia.org//wikipedia/commons/f/f1/Cyphotilapia_gibberosa_-_GRB.jpg,"The Cyphotilapia gibberosa, often closely associated with or categorized as a variant of the Frontosa Cichlid, is a majestic, deep-water species from Lake Tanganyika. It is most famous for its bold black and white vertical stripes and the massive nuchal hump that develops on the foreheads of mature males. These fish are slow-growing and very long-lived, requiring a substantial aquarium of at least 125 to 150 gallons to house a colony comfortably. While they are generally peaceful and move with a deliberate grace, they are predatory toward small fish and should be kept with appropriately sized tank mates. They prefer a calm, dimly lit environment with large rock caves to mimic the depths of their natural habitat. A key remark for their care is their strict requirement for high pH, hard water, and stable, low-nitrate conditions.",23–28 degrees celsius,"The Cyphotilapia gibberosa, often closely associated with or categorized as a variant of the Frontosa Cichlid, is a majestic, deep-water species from Lake Tanganyika. It is most famous for its bold black and white vertical stripes and the massive nuchal hump that develops on the foreheads of mature males. These fish are slow-growing and very long-lived, requiring a substantial aquarium of at least 125 to 150 gallons to house a colony comfortably. While they are generally peaceful and move with a deliberate grace, they are predatory toward small fish and should be kept with appropriately sized tank mates. They prefer a calm, dimly lit environment with large rock caves to mimic the depths of their natural habitat. A key remark for their care is their strict requirement for high pH, hard water, and stable, low-nitrate conditions.",8.0 - 9.0,30 – 40 gallons,"30.0-35.0 cm / 11.8-13.8""",Semi-Aggressive: Requires a tall tank and stable water; best kept with other Frontosa in a species-specific or peaceful colony.,
Julie cichlid,Julidochromis dickfeldi,https://upload.wikimedia.org//wikipedia/commons/a/a9/Julidochromis_dickfeldi.jpg,"Julidochromis are small, slender rock-dwellers from Lake Tanganyika known for their intricate horizontal or vertical patterns and yellow-to-black coloration. They stay small (3–5 inches) and can be kept in tanks as small as 20 to 30 gallons. They are highly territorial and will fiercely defend a single rock or cave, often staying within inches of their chosen home. Notable remarks include their ""reputable"" monogamous pairing behavior and their extreme sensitivity to being moved once they have established a territory.",23–28 degrees celsius,"Julidochromis are small, slender rock-dwellers from Lake Tanganyika known for their intricate horizontal or vertical patterns and yellow-to-black coloration. They stay small (3?5 inches) and can be kept in tanks as small as 20 to 30 gallons. They are highly territorial and will fiercely defend a single rock or cave, often staying within inches of their chosen home. Notable remarks include their ""reputable"" monogamous pairing behavior and their extreme sensitivity to being moved once they have established a territory.",8.5 - 9.2,20 – 30 gallons,"10.0-12.0 cm / 3.9-4.7""","Peaceful (Cichlid): A small, rock-dwelling cichlid; compatible with other Tanganyika species like Shell Dwellers.",https://en.wikipedia.org//wiki/Julie_cichlid
Masked Julie,Julidochromis marlieri,https://upload.wikimedia.org//wikipedia/commons/f/f8/Schachbrett-Schlankcichlide.jpg,"The Julidochromis marlieri, often called the Marlier’s Julie, is one of the larger and most robust members of the genus, featuring a distinctive ""checkerboard"" pattern of black and white or cream-colored squares. They are rock-dwelling cichlids from Lake Tanganyika that require a minimum of 30 to 40 gallons with an abundance of rockwork and caves to establish their territories. They are highly territorial toward their own kind and similar-looking species but can be kept with other Tanganyikan cichlids like shell-dwellers in a community setting. A notable remark for this species is that they are monogamous cave-spawners, and once a pair has bonded, they will fiercely defend their chosen crevice from all intruders.",23–28 degrees celsius,"The Julidochromis marlieri, often called the Marlier?s Julie, is one of the larger and most robust members of the genus, featuring a distinctive ""checkerboard"" pattern of black and white or cream-colored squares. They are rock-dwelling cichlids from Lake Tanganyika that require a minimum of 30 to 40 gallons with an abundance of rockwork and caves to establish their territories. They are highly territorial toward their own kind and similar-looking species but can be kept with other Tanganyikan cichlids like shell-dwellers in a community setting. A notable remark for this species is that they are monogamous cave-spawners, and once a pair has bonded, they will fiercely defend their chosen crevice from all intruders.",8.5 - 9.2,20 – 30 gallons,"7.0-10.0 cm / 2.8-3.9""","Peaceful (Cichlid): Shy and cave-loving; compatible with other small, peaceful Tanganyikan cichlids.",
Golden Julie,Julidochromis ornatus,https://upload.wikimedia.org//wikipedia/commons/2/27/Julidochromis_ornatus.jpg,"The Julidochromis ornatus, commonly known as the Golden Julie, is prized for its bright yellow body marked by three prominent horizontal black stripes. They are among the smaller Julies, reaching about 3 inches, making them suitable for smaller setups of 20 to 30 gallons. Like their relatives, they demand hard, alkaline water and a tank filled with intricate rock formations to mimic their natural habitat. They are highly compatible with other peaceful Tanganyikan species but can be quite assertive when protecting a nest. Important remarks include their preference for staying very close to rock surfaces, often swimming upside down or sideways to follow the contours of a cave.",22–27 degrees celsius,"The Julidochromis ornatus, commonly known as the Golden Julie, is prized for its bright yellow body marked by three prominent horizontal black stripes. They are among the smaller Julies, reaching about 3 inches, making them suitable for smaller setups of 20 to 30 gallons. Like their relatives, they demand hard, alkaline water and a tank filled with intricate rock formations to mimic their natural habitat. They are highly compatible with other peaceful Tanganyikan species but can be quite assertive when protecting a nest. Important remarks include their preference for staying very close to rock surfaces, often swimming upside down or sideways to follow the contours of a cave.",8.5 - 9.2,55 – 75 gallons,"10.0-13.0 cm / 3.9-5.1""","Peaceful (Cichlid): Beautiful but shy; best kept with other small, docile fish that won't outcompete them for food.",https://en.wikipedia.org//wiki/Julie_cichlid
Julie cichlid,Julidochromis regani,https://upload.wikimedia.org//wikipedia/commons/1/12/Julidochromis_regani_adult.jpg,"The Julidochromis regani, or Convict Julie, is a slender and elegant species featuring numerous fine, horizontal black lines against a pale yellow or tan background. They can grow up to 5 inches in length, requiring at least a 40-gallon tank to provide enough space for their territorial boundaries. They are relatively peaceful for cichlids but remain very protective of their rock piles. A key remark for their care is that they are sensitive to sudden changes in water parameters, so consistent water maintenance is essential to keep them healthy and vibrant.",23–27 degrees celsius,"The Julidochromis regani, or Convict Julie, is a slender and elegant species featuring numerous fine, horizontal black lines against a pale yellow or tan background. They can grow up to 5 inches in length, requiring at least a 40-gallon tank to provide enough space for their territorial boundaries. They are relatively peaceful for cichlids but remain very protective of their rock piles. A key remark for their care is that they are sensitive to sudden changes in water parameters, so consistent water maintenance is essential to keep them healthy and vibrant.",8.5 - 9.2,55 – 75 gallons,"10.0-12.0 cm / 3.9-4.7""","Peaceful (Cichlid): Another variant of the peaceful rock-dweller; thrives in colonies with other small, non-aggressive species.",https://en.wikipedia.org//wiki/Julie_cichlid
Julie cichlid,Julidochromis transcriptus,https://upload.wikimedia.org//wikipedia/commons/a/ac/J_gombe1.jpg,"The Julidochromis transcriptus, often referred to as the Masked Julie, is the smallest member of the genus, making it a perfect candidate for nano-cichlid tanks of 15 to 20 gallons. They display a striking black-and-white pattern that is more vertical and blotchy than the horizontal stripes of the Regani or Ornatus. Despite their small size, they are very brave and will defend a small territory with great intensity. Notable remarks include their fascinating ""secretive"" breeding behavior and the fact that they are best kept as a single pair or in a large tank with plenty of visual barriers to prevent constant sparring.",23–27 degrees celsius,"The Julidochromis transcriptus, often referred to as the Masked Julie, is the smallest member of the genus, making it a perfect candidate for nano-cichlid tanks of 15 to 20 gallons. They display a striking black-and-white pattern that is more vertical and blotchy than the horizontal stripes of the Regani or Ornatus. Despite their small size, they are very brave and will defend a small territory with great intensity. Notable remarks include their fascinating ""secretive"" breeding behavior and the fact that they are best kept as a single pair or in a large tank with plenty of visual barriers to prevent constant sparring.",8.5 - 9.2,30 – 50 gallons,"10.0-12.0 cm / 3.9-4.7""",Peaceful (Cichlid): Very docile for a cichlid; compatible with other calm Tanganyikan species in a rock-heavy setup.,https://en.wikipedia.org//wiki/Julie_cichlid
"Herring cichlid, sardine cichlid",Cyprichromis leptosoma,https://upload.wikimedia.org//wikipedia/commons/0/07/Cyprichromis_leptosoma.jpg,"The Sardine Cichlid is a unique Tanganyika species that lives in huge open-water schools, featuring sleek bodies and metallic blue or yellow tails. They require at least 55 to 75 gallons and should be kept in a group of 12 or more to replicate their natural schooling behavior. They occupy the top half of the tank and are excellently compatible with bottom-dwelling shell-dwellers or Julidochromis. A key remark is that they are mouthbrooders that spawn in mid-water, a rare and fascinating sight in the aquarium.",22–27 degrees celsius,"The Sardine Cichlid is a unique Tanganyika species that lives in huge open-water schools, featuring sleek bodies and metallic blue or yellow tails. They require at least 55 to 75 gallons and should be kept in a group of 12 or more to replicate their natural schooling behavior. They occupy the top half of the tank and are excellently compatible with bottom-dwelling shell-dwellers or Julidochromis. A key remark is that they are mouthbrooders that spawn in mid-water, a rare and fascinating sight in the aquarium.",8.0 - 9.0,55 – 75 gallons,"15.0-20.0 cm / 5.9-7.9""",Peaceful (Schooling): An open-water schooling cichlid; compatible with other peaceful Tanganyika species.,
"Lyretail cichlid, fairy cichlid",Neolamprologus brichardi,https://upload.wikimedia.org//wikipedia/commons/3/3b/Neolamprologus_brichardi.jpg,"The Fairy Cichlid is an elegant species with long, flowing lyre-shaped fins and iridescent blue markings on the face. They are famous for their ""extended family"" social structure, where older siblings help the parents raise the new fry. They can be kept in a 30-gallon tank but are very aggressive when guarding a nest. Notable remarks include their prolific breeding and their ability to quickly overpopulate a small aquarium if not managed.",22–27 degrees celsius,"The Fairy Cichlid is an elegant species with long, flowing lyre-shaped fins and iridescent blue markings on the face. They are famous for their ""extended family"" social structure, where older siblings help the parents raise the new fry. They can be kept in a 30-gallon tank but are very aggressive when guarding a nest. Notable remarks include their prolific breeding and their ability to quickly overpopulate a small aquarium if not managed.",8.0 - 9.0,55 – 75 gallons,"7.0-10.0 cm / 2.8-3.9""","Semi-Aggressive: A social, beautiful species; compatible with other peaceful cichlids from the same lake.",
Lemon cichlid,Neolamprologus leleupi,https://upload.wikimedia.org//wikipedia/commons/3/33/Neolamprologus_leleupi_2.jpg,"The Lemon Cichlid is a vibrant, solid yellow species that adds a bright pop of color to Tanganyika setups. They stay around 4 inches and require at least 30 gallons with plenty of rock crevices. They are moderately aggressive and can be territorial toward their own kind unless the tank is large. An important remark is that their yellow color can fade if they are not provided with a diet rich in carotenoids and kept on a light-colored substrate.",22–27 degrees celsius,"The Lemon Cichlid is a vibrant, solid yellow species that adds a bright pop of color to Tanganyika setups. They stay around 4 inches and require at least 30 gallons with plenty of rock crevices. They are moderately aggressive and can be territorial toward their own kind unless the tank is large. An important remark is that their yellow color can fade if they are not provided with a diet rich in carotenoids and kept on a light-colored substrate.",8.0 - 9.0,55 – 75 gallons,"8.0-10.0 cm / 3.1-3.9""",Peaceful (Cichlid): Small and docile; compatible with other Tanganyikan community fish and Shell Dwellers.,
Featherfin,Ophthalmotilapia ventralis,,"The Featherfin is a stunning sand-dweller where males develop incredibly long, thread-like pelvic fins tipped with bright yellow spots. They require at least 75 gallons and a large sandy area for the males to build their elaborate ""bowers"" to attract females. They are relatively peaceful but males are highly competitive during spawning. Notable remarks include their unique ""egg-mimic"" breeding behavior and their need for a calm, well-oxygenated environment.",22–27 degrees celsius,"The Featherfin is a stunning sand-dweller where males develop incredibly long, thread-like pelvic fins tipped with bright yellow spots. They require at least 75 gallons and a large sandy area for the males to build their elaborate ""bowers"" to attract females. They are relatively peaceful but males are highly competitive during spawning. Notable remarks include their unique ""egg-mimic"" breeding behavior and their need for a calm, well-oxygenated environment.",8.0 - 9.0,66 – 90 gallons,"15.0-20.0 cm / 5.9-7.9""","Semi-Aggressive: Known for its long, flowing fins; compatible with other moderately active African cichlids.",
Zebra obliquidens,Astatotilapia latifasciata,,"The Zebra Obliquidens is a colorful species from the Lake Victoria basin, featuring bold vertical black bars and a brilliant red-and-yellow belly in males. They are very hardy and active, requiring a minimum of 40 to 55 gallons. They are moderately aggressive and do best in a harem-style group to disperse male attention. A key remark is that they are critically endangered in the wild, making aquarium populations vital for the species' survival.",22–27 degrees celsius,"The Zebra Obliquidens is a colorful species from the Lake Victoria basin, featuring bold vertical black bars and a brilliant red-and-yellow belly in males. They are very hardy and active, requiring a minimum of 40 to 55 gallons. They are moderately aggressive and do best in a harem-style group to disperse male attention. A key remark is that they are critically endangered in the wild, making aquarium populations vital for the species' survival.",7.2 - 8.5,40 – 55 gallons,"10.0-12.0 cm / 3.9-4.7""",Semi-Aggressive: Active and colorful; compatible with other Victorian cichlids or robust Malawi species.,https://en.wikipedia.org//wiki/Astatotilapia_latifasciata
Allauad's haplo,Astatoreochromis alluaudi,https://upload.wikimedia.org//wikipedia/commons/5/58/Astatoreochromis-alluaudi-LakeRweru-GB.jpg,"This hardy Victorian Cichlid is known for its metallic green and yellow coloration and its specialized teeth designed for crushing snail shells. They require at least 55 gallons and are relatively peaceful compared to many other Lake Victoria species. They are highly adaptable to water conditions and are an excellent choice for a Victorian community tank. Notable remarks include their role as natural ""snail control"" in the aquarium.",22–27 degrees celsius,"This hardy Victorian Cichlid is known for its metallic green and yellow coloration and its specialized teeth designed for crushing snail shells. They require at least 55 gallons and are relatively peaceful compared to many other Lake Victoria species. They are highly adaptable to water conditions and are an excellent choice for a Victorian community tank. Notable remarks include their role as natural ""snail control"" in the aquarium.",7.2 - 8.5,40 – 55 gallons,"15.0-18.0 cm / 5.9-7.1""","Semi-Aggressive: A large, active cichlid; keep with other robust species that can handle its energetic nature.",https://en.wikipedia.org//wiki/Astatoreochromis_alluaudi
Hippo Point Salmon,"Ptyochromis sp. ""Hippo Point Salmon""",,"The Hippo Point Salmon is a visually explosive species where males display a vibrant red back and a brilliant yellow-green belly with black bars. They are very aggressive for their size (4 inches) and require a 55-gallon tank with many hiding spots. They are highly territorial and should be the dominant species in a tank to ensure they maintain their bright colors. A key remark is their sensitivity to water quality, requiring frequent water changes to prevent stress-related diseases.",22–27 degrees celsius,"The Hippo Point Salmon is a visually explosive species where males display a vibrant red back and a brilliant yellow-green belly with black bars. They are very aggressive for their size (4 inches) and require a 55-gallon tank with many hiding spots. They are highly territorial and should be the dominant species in a tank to ensure they maintain their bright colors. A key remark is their sensitivity to water quality, requiring frequent water changes to prevent stress-related diseases.",7.2 - 8.5,30 – 50 gallons,"10.0-12.0 cm / 3.9-4.7""",Semi-Aggressive: Best kept with other Victorian or Malawi species; territorial but colorful and active.,
Flameback,Pundamilia nyererei,https://upload.wikimedia.org//wikipedia/commons/7/7f/Pundamilia_%28Haplochromis%29_nyererei_male.jpg,"Similar to the Salmon, the Flameback is a stunning Victorian Cichlid featuring a solid, fiery red dorsal area and head. They require the same care as other Pundamilia species, with at least 55 gallons and a high-protein diet to support their active lifestyle. They are best kept with other assertive Victorian or Malawi species that can stand up to their territorial nature. Notable remarks include the dramatic color difference between the vibrant males and the plain, silver-grey females.",22–27 degrees celsius,"Similar to the Salmon, the Flameback is a stunning Victorian Cichlid featuring a solid, fiery red dorsal area and head. They require the same care as other Pundamilia species, with at least 55 gallons and a high-protein diet to support their active lifestyle. They are best kept with other assertive Victorian or Malawi species that can stand up to their territorial nature. Notable remarks include the dramatic color difference between the vibrant males and the plain, silver-grey females.",7.2 - 8.5,30 – 50 gallons,"10.0-12.0 cm / 3.9-4.7""",Semi-Aggressive: Vibrant and territorial; compatible with other boisterous cichlids in a spacious tank.,https://en.wikipedia.org//wiki/Pundamilia_nyererei
African butterfly cichlid,Anomalochromis thomasi,https://upload.wikimedia.org//wikipedia/commons/c/c7/Anomalochromis_thomasi_2.jpg,"This small, peaceful cichlid is native to the forested streams of West Africa and is characterized by its silvery-tan body adorned with six dark vertical bars and iridescent blue-green spots. Unlike many cichlids, they are remarkably docile and thrive in a 20-to-30-gallon environment rich with leaf litter, driftwood, and live plants. Their temperament makes them an ideal choice for community tanks, as they are only territorial during spawning. They are highly compatible with small tetras and rasboras, preferring soft, slightly acidic water to mirror their natural jungle stream habitat.",23–28 degrees celsius,"This small, peaceful cichlid is native to the forested streams of West Africa and is characterized by its silvery-tan body adorned with six dark vertical bars and iridescent blue-green spots. Unlike many cichlids, they are remarkably docile and thrive in a 20-to-30-gallon environment rich with leaf litter, driftwood, and live plants. Their temperament makes them an ideal choice for community tanks, as they are only territorial during spawning. They are highly compatible with small tetras and rasboras, preferring soft, slightly acidic water to mirror their natural jungle stream habitat.",6.0 - 7.5,30 – 50 gallons,"10.0-12.0 cm / 3.9-4.7""",Semi-Aggressive: Relatively peaceful; compatible with smaller West African cichlids or larger tetras.,https://en.wikipedia.org//wiki/Anomalochromis_thomasi
"Jewel cichlid, two-spotted jewel cichlid",Hemichromis bimaculatus,https://upload.wikimedia.org//wikipedia/commons/3/30/Hemichromis_bimaculatus1.jpg,"Famous for its explosive crimson-red color when breeding, the jewel cichlid is a stunning but aggressive species from the river systems of Africa. It features two primary black spots—one on the mid-body and one on the gill cover—set against a backdrop of metallic blue speckles. They require at least 30 to 40 gallons and a setup with sturdy rocks and hardy plants. Their temperament is highly territorial and fierce, especially when guarding eggs, making them poorly suited for general community tanks. They are best kept in a species-only setup or with other large, robust cichlids that can defend themselves.",23–28 degrees celsius,"Famous for its explosive crimson-red color when breeding, the jewel cichlid is a stunning but aggressive species from the river systems of Africa. It features two primary black spots?one on the mid-body and one on the gill cover?set against a backdrop of metallic blue speckles. They require at least 30 to 40 gallons and a setup with sturdy rocks and hardy plants. Their temperament is highly territorial and fierce, especially when guarding eggs, making them poorly suited for general community tanks. They are best kept in a species-only setup or with other large, robust cichlids that can defend themselves.",6.5 - 7.5,20 – 30 gallons,"10.0-12.0 cm / 3.9-4.7""",Highly Aggressive: Especially during breeding; keep with very robust tankmates or in a specialized setup.,https://en.wikipedia.org//wiki/Hemichromis_bimaculatus
Lionhead cichlid,Steatocranus casuarius,https://upload.wikimedia.org//wikipedia/commons/d/df/Steatocranus_casuarius.jpg,"The lionhead cichlid is a unique, bottom-dwelling species from the fast-flowing Congo River, easily identified by the large fatty lump (nuchal hump) on the male's forehead. They have a distinct ""jerky"" swimming motion because they lack a fully developed swim bladder, an adaptation to living in heavy currents. They require at least 30 gallons with high-flow filtration and plenty of smooth river rocks and caves. Their temperament is generally peaceful toward other species but territorial toward other bottom-dwellers. They are compatible with upper-water schooling fish like tetras that won't compete for their cave space.",24–28 degrees celsius,"The lionhead cichlid is a unique, bottom-dwelling species from the fast-flowing Congo River, easily identified by the large fatty lump (nuchal hump) on the male's forehead. They have a distinct ""jerky"" swimming motion because they lack a fully developed swim bladder, an adaptation to living in heavy currents. They require at least 30 gallons with high-flow filtration and plenty of smooth river rocks and caves. Their temperament is generally peaceful toward other species but territorial toward other bottom-dwellers. They are compatible with upper-water schooling fish like tetras that won't compete for their cave space.",6.5 - 7.5,30 – 65 gallons,"10.0-12.0 cm / 3.9-4.7""",Peaceful (Bottom-dweller): Moves with a unique hopping motion; compatible with peaceful community fish or other African cichlids.,https://en.wikipedia.org//wiki/Steatocranus_casuarius
"Lifalili jewel cichlid, blood-red jewel cichlid",Hemichromis lifalili,https://upload.wikimedia.org//wikipedia/commons/b/bc/Cichlidae_-_Hemichromis_lifalili.JPG,"Often confused with the common jewel cichlid, the lifalili is typically smaller and displays an even more intense, solid blood-red coloration with fewer black spots. It originates from the slower-moving waters of the Congo Basin and needs an environment of 30 gallons with plenty of hiding spots. Its temperament is aggressive and territorial, though slightly less frantic than its bimaculatus cousin. Compatibility is limited; they are most successful when kept as a bonded pair in a dedicated tank where they can safely display their brilliant colors without harassing tank mates.",22–28 degrees celsius,"Often confused with the common jewel cichlid, the lifalili is typically smaller and displays an even more intense, solid blood-red coloration with fewer black spots. It originates from the slower-moving waters of the Congo Basin and needs an environment of 30 gallons with plenty of hiding spots. Its temperament is aggressive and territorial, though slightly less frantic than its bimaculatus cousin. Compatibility is limited; they are most successful when kept as a bonded pair in a dedicated tank where they can safely display their brilliant colors without harassing tank mates.",6.5 - 7.5,20 – 30 gallons,"8.0-10.0 cm / 3.1-3.9""","Aggressive: Very territorial; keep with other robust cichlids that can defend themselves, especially when breeding.",
"Kribensis, krib",Pelvicachromis pulcher,https://upload.wikimedia.org//wikipedia/commons/6/64/Pelvicachromis_pulcher_%28male%29.jpg,"The kribensis is one of the most popular dwarf cichlids due to its manageable size and the beautiful purple-to-pink flush that appears on the female's belly. Native to the soft-water rivers of Nigeria, they thrive in a 20-to-30-gallon aquarium with plenty of caves made from coconut shells or flowerpots. Their temperament is generally peaceful and shy, though they become protective parents when breeding. They are excellently compatible with most community fish, provided they have a private cave to call home, making them a staple for hobbyists transitioning into cichlid keeping.",22–28 degrees celsius,"The kribensis is one of the most popular dwarf cichlids due to its manageable size and the beautiful purple-to-pink flush that appears on the female's belly. Native to the soft-water rivers of Nigeria, they thrive in a 20-to-30-gallon aquarium with plenty of caves made from coconut shells or flowerpots. Their temperament is generally peaceful and shy, though they become protective parents when breeding. They are excellently compatible with most community fish, provided they have a private cave to call home, making them a staple for hobbyists transitioning into cichlid keeping.",5.0 - 7.5,30 – 45 gallons,"8.0-10.0 cm / 3.1-3.9""","Semi-Aggressive: A popular community cichlid; compatible with larger tetras, rasboras, and other peaceful dwarf species.",
"Kribensis, krib, many common names because of many subspecies
","Pelvicachromis taeniatus
",https://upload.wikimedia.org//wikipedia/commons/c/c5/Pelvicachromis_taeniatus.JPG,"Pelvicachromis taeniatus, a sophisticated dwarf cichlid from the soft, acidic rainforest streams of Nigeria and Cameroon, is a stunning addition to a 20-gallon or larger aquarium that features plenty of caves and dense vegetation. Reaching between 2.5 and 3.5 inches, these fish exhibit a sleek, torpedo-like shape with males displaying elongated, spotted fins while females boast vibrant magenta bellies and golden dorsal highlights during courtship. Though generally peaceful and shy, they are monogamous cave-spawners that become spirited defenders of their territory once they have a brood to protect. They thrive in community settings alongside mid-to-top-dwelling species like African tetras or pencilfish, provided they have a sandy substrate and stable water temperatures between 24°C and 27°C to mimic their shaded, slow-moving natural habitat.",23–28 degrees celsius,"Pelvicachromis taeniatus, a sophisticated dwarf cichlid from the soft, acidic rainforest streams of Nigeria and Cameroon, is a stunning addition to a 20-gallon or larger aquarium that features plenty of caves and dense vegetation. Reaching between 2.5 and 3.5 inches, these fish exhibit a sleek, torpedo-like shape with males displaying elongated, spotted fins while females boast vibrant magenta bellies and golden dorsal highlights during courtship. Though generally peaceful and shy, they are monogamous cave-spawners that become spirited defenders of their territory once they have a brood to protect. They thrive in community settings alongside mid-to-top-dwelling species like African tetras or pencilfish, provided they have a sandy substrate and stable water temperatures between 24?C and 27?C to mimic their shaded, slow-moving natural habitat.",5.0 - 7.5,20 – 30 gallons,"8.0-10.0 cm / 3.1-3.9""","Semi-Aggressive: Like the standard krib, they are peaceful until they breed; provide plenty of caves.",
Guenther's Mouthbrooder,Chromidotilapia guentheri,https://upload.wikimedia.org//wikipedia/commons/6/63/Chromidotilapia_guntheri_Bama_BF_cpl_fry2.jpg,"This unique West African species is known for its subtle beauty, featuring a yellowish-brown body with a metallic sheen and a distinct dark spot on the dorsal fin. They inhabit various river habitats and require a 40-gallon tank with a sandy substrate, as they are mouthbrooders that need soft surfaces for their fry. Their temperament is relatively peaceful for a cichlid, and they show an interesting social structure. They are compatible with other mid-sized African river fish and appreciate a well-planted environment with moderate light.",22–28 degrees celsius,"This unique West African species is known for its subtle beauty, featuring a yellowish-brown body with a metallic sheen and a distinct dark spot on the dorsal fin. They inhabit various river habitats and require a 40-gallon tank with a sandy substrate, as they are mouthbrooders that need soft surfaces for their fry. Their temperament is relatively peaceful for a cichlid, and they show an interesting social structure. They are compatible with other mid-sized African river fish and appreciate a well-planted environment with moderate light.",6.0 - 8.0,30 – 40 gallons,"6.0-9.0 cm / 2.4-3.5""","Semi-Aggressive: A colorful West African cichlid; compatible with other peaceful, mid-sized community fish.",https://en.wikipedia.org//wiki/Chromidotilapia_guentheri
Agassiz's dwarf cichlid,Apistogramma agassizii,https://upload.wikimedia.org//wikipedia/commons/d/d9/Apistogramma_Agassizii.jpg,"This stunning South American species features a slender, colorful body and a distinctive spade-shaped tail fin. They are native to the Amazon's blackwater streams and require a 20-gallon environment with soft, acidic water and plenty of leaf litter. Their temperament is peaceful but shy, requiring quiet tank mates and dense vegetation to feel secure. They are highly compatible with nano-fish like pencilfish and small tetras, though they are sensitive to nitrates and require consistent water maintenance to thrive.",23–28 degrees celsius,"This stunning South American species features a slender, colorful body and a distinctive spade-shaped tail fin. They are native to the Amazon's blackwater streams and require a 20-gallon environment with soft, acidic water and plenty of leaf litter. Their temperament is peaceful but shy, requiring quiet tank mates and dense vegetation to feel secure. They are highly compatible with nano-fish like pencilfish and small tetras, though they are sensitive to nitrates and require consistent water maintenance to thrive.",6.0 - 7.5,20 – 30 gallons,"10.0-15.0 cm / 3.9-5.9""","Peaceful (Dwarf): Shyer than most; compatible with very peaceful nano fish, tetras, and other dwarf cichlids.",
Zebra acara,Nannacara adoketa,https://upload.wikimedia.org//wikipedia/commons/8/84/Ivanacara_adoketa5265.jpg,"The zebra acara is a rare and highly sought-after dwarf cichlid known for the bold, intricate black-and-white striping on its face and body. It originates from the Rio Negro basin and requires a 20-to-30-gallon setup with very soft water and dim lighting. Their temperament is surprisingly assertive for a dwarf species, especially during spawning. They are best compatible with other peaceful Amazonian fish but should be provided with plenty of visual barriers to manage their territorial instincts.",22–28 degrees celsius,"The zebra acara is a rare and highly sought-after dwarf cichlid known for the bold, intricate black-and-white striping on its face and body. It originates from the Rio Negro basin and requires a 20-to-30-gallon setup with very soft water and dim lighting. Their temperament is surprisingly assertive for a dwarf species, especially during spawning. They are best compatible with other peaceful Amazonian fish but should be provided with plenty of visual barriers to manage their territorial instincts.",5.0 - 7.0,20 – 30 gallons,"6.0-8.0 cm / 2.4-3.1""",Semi-Aggressive: Hardy and active; compatible with other South American community fish like large tetras.,https://en.wikipedia.org//wiki/Nannacara_adoketa
Yellow dwarf cichlid,Apistogramma borellii,https://upload.wikimedia.org//wikipedia/commons/1/1b/Apistogramma_borellii.jpg,"This is one of the hardier dwarf cichlids, known for the brilliant steel-blue and lemon-yellow coloration found on mature males. They originate from the cooler floodplains of the Paraguay and Paraná River basins, making them more tolerant of lower temperatures than many of their cousins. They require at least 15 to 20 gallons and an environment with soft substrate and plenty of hiding spots. Their temperament is very peaceful, and they are highly compatible with small, calm tank mates like tetras or rasboras.",22–28 degrees celsius,"This is one of the hardier dwarf cichlids, known for the brilliant steel-blue and lemon-yellow coloration found on mature males. They originate from the cooler floodplains of the Paraguay and Paran? River basins, making them more tolerant of lower temperatures than many of their cousins. They require at least 15 to 20 gallons and an environment with soft substrate and plenty of hiding spots. Their temperament is very peaceful, and they are highly compatible with small, calm tank mates like tetras or rasboras.",6.0 - 7.5,20 – 30 gallons,"8.0-10.0 cm / 3.1-3.9""",Peaceful (Dwarf): Small and docile; compatible with other peaceful South American species and dwarf cichlids.,
Cockatoo dwarf cichlid,Apistogramma cacatuoides,https://upload.wikimedia.org//wikipedia/commons/f/ff/Cacatuoides.JPG,"This popular species is named for the male's spectacular, elongated dorsal fin rays that resemble a cockatoo’s crest. They are found in the shallow rainforest streams of the Amazon and require a 20-gallon environment with plenty of caves and leaf litter. Their temperament is generally peaceful, though males are territorial regarding their chosen harem. They are excellently compatible with most community fish and are known for being more adaptable to different water parameters than other Apistogramma.",23–28 degrees celsius,"This popular species is named for the male's spectacular, elongated dorsal fin rays that resemble a cockatoo?s crest. They are found in the shallow rainforest streams of the Amazon and require a 20-gallon environment with plenty of caves and leaf litter. Their temperament is generally peaceful, though males are territorial regarding their chosen harem. They are excellently compatible with most community fish and are known for being more adaptable to different water parameters than other Apistogramma.",5.0 - 7.0,20 – 30 gallons,"6.0-9.0 cm / 2.4-3.5""","Peaceful (Dwarf): Very popular; compatible with Corydoras, tetras, and other non-aggressive community fish.",
Panda dwarf cichlid,Apistogramma nijsseni,https://upload.wikimedia.org//wikipedia/commons/2/2e/Apistogramma_nijsseni_%28f%29.jpg,"The panda dwarf cichlid features a unique look, with females displaying bold black blotches on a bright yellow body, while males are iridescent blue with a red-edged tail. They inhabit the blackwater streams of Peru and require a 20-gallon tank with soft, acidic water and low lighting. Their temperament is shy and somewhat sensitive, making them best suited for experienced keepers. They are compatible with other very peaceful nano-fish that thrive in similar blackwater conditions.",22–28 degrees celsius,"The panda dwarf cichlid features a unique look, with females displaying bold black blotches on a bright yellow body, while males are iridescent blue with a red-edged tail. They inhabit the blackwater streams of Peru and require a 20-gallon tank with soft, acidic water and low lighting. Their temperament is shy and somewhat sensitive, making them best suited for experienced keepers. They are compatible with other very peaceful nano-fish that thrive in similar blackwater conditions.",5.0 - 7.0,20 – 30 gallons,"6.0-9.0 cm / 2.4-3.5""",Peaceful (Dwarf): Shy and requires soft water; best kept with very peaceful tankmates like pencilfish.,
Three-Stripe Dwarf Cichlid,Apistogramma trifasciata,https://upload.wikimedia.org//wikipedia/commons/8/86/Apistogramma_trifasciata.jpg,"This small, slender species is easily identified by three distinct horizontal black lines running along its blue-tinted body. They are native to the slow-moving waters of South America and require a 15-to-20-gallon setup with dense vegetation. Their temperament is peaceful and they are less aggressive than many other cichlids, even when breeding. They are highly compatible with other dwarf species and small schooling fish in a well-maintained planted tank.",22–28 degrees celsius,"This small, slender species is easily identified by three distinct horizontal black lines running along its blue-tinted body. They are native to the slow-moving waters of South America and require a 15-to-20-gallon setup with dense vegetation. Their temperament is peaceful and they are less aggressive than many other cichlids, even when breeding. They are highly compatible with other dwarf species and small schooling fish in a well-maintained planted tank.",5.0 - 6.5,20 – 30 gallons,"6.0-8.0 cm / 2.4-3.1""",Peaceful (Dwarf): Small and non-aggressive; compatible with other Apistogramma species or peaceful tetras.,
Two-Stripe Dwarf Cichlid,Apistogramma bitaeniata,https://upload.wikimedia.org//wikipedia/commons/2/2d/Apistogramma_bitaeniata.jpg,"This species looks similar to the three-stripe but typically features two bold horizontal bands and highly elongated, lyre-shaped fins in mature males. They require a 20-gallon environment with stable, soft water and plenty of driftwood. Their temperament is shy and they prefer a quiet environment without boisterous tank mates. They are compatible with other calm Amazonian species and appreciate floating plants to provide extra security.",23–28 degrees celsius,"This species looks similar to the three-stripe but typically features two bold horizontal bands and highly elongated, lyre-shaped fins in mature males. They require a 20-gallon environment with stable, soft water and plenty of driftwood. Their temperament is shy and they prefer a quiet environment without boisterous tank mates. They are compatible with other calm Amazonian species and appreciate floating plants to provide extra security.",5.0 - 7.0,20 – 30 gallons,"6.0-8.0 cm / 2.4-3.1""","Peaceful (Dwarf): Docile and colorful; thrives with other small, peaceful South American community fish.",https://en.wikipedia.org//wiki/Apistogramma_bitaeniata
Checkerboard Cichlid,Dicrossus filamentosus,https://upload.wikimedia.org//wikipedia/commons/0/0b/Dicrossus_filamentosus_male.png,"This elegant, slender cichlid is named for the striking checkerboard pattern of square black spots along its sides. They live in the blackwater rivers of Brazil and Colombia and require at least 20 gallons with very soft, acidic water. Their temperament is extremely peaceful and social, and they are far less territorial than most other cichlids. They are highly compatible with other sensitive nano-fish like rummynose tetras and pencilfish.",24–28 degrees celsius,"This elegant, slender cichlid is named for the striking checkerboard pattern of square black spots along its sides. They live in the blackwater rivers of Brazil and Colombia and require at least 20 gallons with very soft, acidic water. Their temperament is extremely peaceful and social, and they are far less territorial than most other cichlids. They are highly compatible with other sensitive nano-fish like rummynose tetras and pencilfish.",5.0 - 7.0,75 – 125 gallons,"6.0-8.0 cm / 2.4-3.1""","Peaceful (Dwarf): Delicate and shy; compatible with very peaceful tankmates in a heavily planted, calm tank.",
"Blue ram, German ram",Mikrogeophagus ramirezi,https://upload.wikimedia.org//wikipedia/commons/0/06/Antennebaarsje.jpg,"The Blue ram is a jewel of the aquarium world, featuring a multi-colored body of yellow, blue, and orange with shimmering iridescent spots. They are native to the Orinoco River basin and require a 20-gallon environment with very warm, clean water. Their temperament is peaceful and social, though they are notoriously sensitive to water chemistry. They are highly compatible with other warm-water species like cardinal tetras and discus.",24–28 degrees celsius,"The Blue ram is a jewel of the aquarium world, featuring a multi-colored body of yellow, blue, and orange with shimmering iridescent spots. They are native to the Orinoco River basin and require a 20-gallon environment with very warm, clean water. Their temperament is peaceful and social, though they are notoriously sensitive to water chemistry. They are highly compatible with other warm-water species like cardinal tetras and discus.",4.5 - 6.5,30 – 45 gallons,"5.0-7.0 cm / 2.0-2.8""",Peaceful (Dwarf): Very colorful but temperature sensitive; compatible with other warm-water peaceful fish like Discus.,https://en.wikipedia.org//wiki/Mikrogeophagus_ramirezi
Bolivian ram,Mikrogeophagus altispinosa,https://upload.wikimedia.org//wikipedia/commons/a/a3/Male_altispinosa_dwarf_cichlid_%283229597033%29.jpg,"The Bolivian ram is a hardier, slightly larger relative of the German ram, featuring a more subtle silver-gold body with red-tipped fins. They originate from the river basins of Bolivia and Brazil and require at least 30 gallons. Their temperament is very peaceful and they spend much of their time sifting through the sand for food. They are excellently compatible with a wide range of community fish and are much more adaptable to various water conditions than Blue rams.",22–28 degrees celsius,"The Bolivian ram is a hardier, slightly larger relative of the German ram, featuring a more subtle silver-gold body with red-tipped fins. They originate from the river basins of Bolivia and Brazil and require at least 30 gallons. Their temperament is very peaceful and they spend much of their time sifting through the sand for food. They are excellently compatible with a wide range of community fish and are much more adaptable to various water conditions than Blue rams.",5.0 - 7.0,100 – 150 gallons,"5.0-7.0 cm / 2.0-2.8""",Peaceful (Dwarf): Hardier and cooler-tempered than German rams; compatible with most peaceful community fish.,https://en.wikipedia.org//wiki/Mikrogeophagus_altispinosa
Dwarf flag cichlid,Laetacara curviceps,https://upload.wikimedia.org//wikipedia/commons/1/13/Laetacara_curviceps.jpg,"This stocky, colorful dwarf cichlid features a metallic blue and green body with a ""flag"" like pattern on its fins. They are found in the tributaries of the Amazon and require a 20-to-30-gallon tank with plenty of flat rocks for spawning. Their temperament is generally peaceful and they are less skittish than Apistogramma. They are compatible with most mid-sized community fish and make a great choice for those looking for a hardy dwarf species.",23–28 degrees celsius,"This stocky, colorful dwarf cichlid features a metallic blue and green body with a ""flag"" like pattern on its fins. They are found in the tributaries of the Amazon and require a 20-to-30-gallon tank with plenty of flat rocks for spawning. Their temperament is generally peaceful and they are less skittish than Apistogramma. They are compatible with most mid-sized community fish and make a great choice for those looking for a hardy dwarf species.",6.0 - 7.5,55 – 75 gallons,"6.0-8.0 cm / 2.4-3.1""","Peaceful (Dwarf): Very docile; compatible with other small, peaceful South American species in planted tanks.",
"Midas cichild, red devil cichlid",Amphilophus citrinellus,https://upload.wikimedia.org//wikipedia/commons/d/d9/D%C3%A4hlh%C3%B6lzli_-_Zitronen_Buntbarsch_3.jpg,"These are large, powerful Central American cichlids known for their bright orange, yellow, or white coloration and massive nuchal humps. They inhabit rocky lake environments and require a minimum of 75 to 100 gallons for a single specimen. Their temperament is notoriously aggressive and highly territorial, often attacking anything that enters their space. Compatibility is very low; they are usually best kept as solitary pets or in massive tanks with other equally aggressive giants.",22–28 degrees celsius,"These are large, powerful Central American cichlids known for their bright orange, yellow, or white coloration and massive nuchal humps. They inhabit rocky lake environments and require a minimum of 75 to 100 gallons for a single specimen. Their temperament is notoriously aggressive and highly territorial, often attacking anything that enters their space. Compatibility is very low; they are usually best kept as solitary pets or in massive tanks with other equally aggressive giants.",5.5 - 7.0,75 – 100 gallons,"25.0-35.0 cm / 9.8-13.8""",Highly Aggressive: One of the most aggressive cichlids; usually doesn't need a tankmate as it will attack almost anything.,
Poor man's tropheus,Hypsophrys nematopus,https://upload.wikimedia.org//wikipedia/commons/5/51/Neetroplus_nematopus.png,"Despite the name, this is a Central American species that mimics the look and behavior of African Tropheus, featuring a dark body with a vertical cream-colored bar. They live in fast-moving rivers and require a 40-to-55-gallon tank with plenty of rockwork. Their temperament is very aggressive and territorial, especially when guarding their caves. They are compatible with other assertive Central American species but will often bully smaller or more peaceful tank mates.",22–28 degrees celsius,"Despite the name, this is a Central American species that mimics the look and behavior of African Tropheus, featuring a dark body with a vertical cream-colored bar. They live in fast-moving rivers and require a 40-to-55-gallon tank with plenty of rockwork. Their temperament is very aggressive and territorial, especially when guarding their caves. They are compatible with other assertive Central American species but will often bully smaller or more peaceful tank mates.",6.5 - 7.5,55 – 75 gallons,"8.0-10.0 cm / 3.1-3.9""","Semi-Aggressive: A hardy, active cichlid; compatible with other robust species that can handle its active personality.",https://en.wikipedia.org//wiki/Hypsophrys_nematopus
Red devil cichlid,Amphilophus labiatus,https://upload.wikimedia.org//wikipedia/commons/9/96/Amphilophus_labiatum%2C_weiblich.jpg,"The red devil cichlid is a large, thick-bodied powerhouse known for its intense orange-to-red coloration and the prominent nuchal hump that develops on the foreheads of mature males. This fish originates from the rocky volcanic lakes of Central America, specifically Lake Nicaragua and Lake Managua, where it inhabits crevices and caves. To house one successfully, you must provide a minimum of 75 to 100 gallons for a single specimen, as their extreme size and massive waste production require heavy-duty filtration and space. Their temperament is notoriously aggressive and highly territorial; they are known to attack siphon hoses and even their owners' hands during tank maintenance. Because of this, they have very low compatibility and are typically best kept as a solitary ""wet pet,"" though they can sometimes cohabitate in massive systems with other equally aggressive giants like jaguars or large Oscars.",22–28 degrees celsius,"The red devil cichlid is a large, thick-bodied powerhouse known for its intense orange-to-red coloration and the prominent nuchal hump that develops on the foreheads of mature males. This fish originates from the rocky volcanic lakes of Central America, specifically Lake Nicaragua and Lake Managua, where it inhabits crevices and caves. To house one successfully, you must provide a minimum of 75 to 100 gallons for a single specimen, as their extreme size and massive waste production require heavy-duty filtration and space. Their temperament is notoriously aggressive and highly territorial; they are known to attack siphon hoses and even their owners' hands during tank maintenance. Because of this, they have very low compatibility and are typically best kept as a solitary ""wet pet,"" though they can sometimes cohabitate in massive systems with other equally aggressive giants like jaguars or large Oscars.",6.5 - 7.5,55 – 75 gallons,"25.0-35.0 cm / 9.8-13.8""",Highly Aggressive: Best kept alone; they are extremely territorial and will likely kill most tankmates.,
Firemouth cichlid,Cichlasoma meeki,https://upload.wikimedia.org//wikipedia/commons/f/f4/Feuermaulbuntbarsch.jpg,"The firemouth cichlid is a medium-sized species famous for the brilliant, fiery red coloration on its throat and chest, which it flares outward along with its gill covers to intimidate rivals. They are native to the shallow, slow-moving rivers and cenotes of the Yucatan Peninsula in Mexico, where they sift through sandy substrates for food. They require at least 30 gallons for a single pair and thrive in an environment with sandy bottoms, driftwood, and smooth rocks. Their temperament is moderately aggressive but often involves more ""bluffing"" than actual physical fighting, making them much more manageable than their larger cousins. They are highly compatible with robust community fish such as larger tetras, swordtails, or even other peaceful cichlids like convicts, provided there is enough space for everyone to establish a distinct territory.",24–28 degrees celsius,"The firemouth cichlid is a medium-sized species famous for the brilliant, fiery red coloration on its throat and chest, which it flares outward along with its gill covers to intimidate rivals. They are native to the shallow, slow-moving rivers and cenotes of the Yucatan Peninsula in Mexico, where they sift through sandy substrates for food. They require at least 30 gallons for a single pair and thrive in an environment with sandy bottoms, driftwood, and smooth rocks. Their temperament is moderately aggressive but often involves more ""bluffing"" than actual physical fighting, making them much more manageable than their larger cousins. They are highly compatible with robust community fish such as larger tetras, swordtails, or even other peaceful cichlids like convicts, provided there is enough space for everyone to establish a distinct territory.",6.5 - 8.0,30 – 40 gallons,"12.0-17.0 cm / 4.7-6.7""",Semi-Aggressive: Compatible with other robust Central American cichlids of similar size in a large tank.,https://en.wikipedia.org//wiki/Cichlasoma_meeki
Jack Dempsey cichlid,Rocio octofasciata,https://upload.wikimedia.org//wikipedia/commons/7/74/Cichlasoma_octofasciata.jpg,"Named after the legendary heavyweight boxer due to its strong facial features and aggressive disposition, the Jack Dempsey is a stunning fish covered in shimmering gold, blue, and green iridescent flecks over a dark grey or purple body. They are native to the warm, sluggish waters of Central and North America, ranging from Mexico to Honduras. A minimum of 55 gallons is required for a single adult, though a larger tank is recommended for a breeding pair. Their temperament is aggressive and territorial, particularly when they reach maturity or begin spawning. While they are not compatible with peaceful community fish, they do well with other medium-to-large Central American cichlids or fast-moving silver dollars that can stay out of their path.",22–26 degrees celsius,"Named after the legendary heavyweight boxer due to its strong facial features and aggressive disposition, the Jack Dempsey is a stunning fish covered in shimmering gold, blue, and green iridescent flecks over a dark grey or purple body. They are native to the warm, sluggish waters of Central and North America, ranging from Mexico to Honduras. A minimum of 55 gallons is required for a single adult, though a larger tank is recommended for a breeding pair. Their temperament is aggressive and territorial, particularly when they reach maturity or begin spawning. While they are not compatible with peaceful community fish, they do well with other medium-to-large Central American cichlids or fast-moving silver dollars that can stay out of their path.",6.5 - 7.5,55 – 75 gallons,"20.0-25.0 cm / 7.9-9.8""","Aggressive: Best kept with other large, boisterous cichlids that can defend their own territory.",https://en.wikipedia.org//wiki/Rocio_octofasciata
"Jaguar cichlid, managuense cichlid",Parachromis managuensis,https://upload.wikimedia.org//wikipedia/commons/c/c4/Parachromis_managuensis_2012_G1.jpg,"The jaguar cichlid is a massive, highly predatory species that displays a beautiful, camouflage-like pattern of dark black blotches over a shimmering gold or silver background, resembling the coat of its namesake feline. Originating from the freshwater lakes and rivers of Central America, they are built for power and can grow up to 15 or 16 inches in length. They require a massive aquarium of at least 125 to 150 gallons with heavy-duty rockwork and very secure lids. Their temperament is highly predatory and extremely aggressive, as they are apex predators that view smaller fish simply as food. Compatibility is limited to only the largest and most robust cichlids, but they are most often kept alone to ensure the safety of other fish and to allow the jaguar to grow into its full, impressive potential.",21–28 degrees celsius,"The jaguar cichlid is a massive, highly predatory species that displays a beautiful, camouflage-like pattern of dark black blotches over a shimmering gold or silver background, resembling the coat of its namesake feline. Originating from the freshwater lakes and rivers of Central America, they are built for power and can grow up to 15 or 16 inches in length. They require a massive aquarium of at least 125 to 150 gallons with heavy-duty rockwork and very secure lids. Their temperament is highly predatory and extremely aggressive, as they are apex predators that view smaller fish simply as food. Compatibility is limited to only the largest and most robust cichlids, but they are most often kept alone to ensure the safety of other fish and to allow the jaguar to grow into its full, impressive potential.",7.0 - 8.5,100 – 125 gallons,"35.0-40.0 cm / 13.8-15.7""","Highly Predatory: Only compatible with other very large, aggressive fish; they are powerful predators.",
Mayan cichlid,Mayaheros urophthalmus,https://upload.wikimedia.org//wikipedia/commons/8/8f/Mayan10a.jpg,"Also known as the Mexican Mojarra or the false Oscar, the Mayan cichlid features a series of bold vertical black bars over a copper-to-red body and a distinctive black ""eye spot"" on the base of its tail. They are incredibly hardy fish found in a wide variety of environments in Central America, including freshwater rivers, brackish coastal lagoons, and even saltwater. They require at least 55 to 75 gallons and are not picky about decor, though they appreciate some large rocks and open swimming areas. Their temperament is aggressive and highly territorial, especially during the breeding season when their red colors intensify dramatically. They are compatible with other assertive Central American cichlids or large catfish, but their adaptable nature means they can easily outcompete more sensitive species.",24–28 degrees celsius,"Also known as the Mexican Mojarra or the false Oscar, the Mayan cichlid features a series of bold vertical black bars over a copper-to-red body and a distinctive black ""eye spot"" on the base of its tail. They are incredibly hardy fish found in a wide variety of environments in Central America, including freshwater rivers, brackish coastal lagoons, and even saltwater. They require at least 55 to 75 gallons and are not picky about decor, though they appreciate some large rocks and open swimming areas. Their temperament is aggressive and highly territorial, especially during the breeding season when their red colors intensify dramatically. They are compatible with other assertive Central American cichlids or large catfish, but their adaptable nature means they can easily outcompete more sensitive species.",7.0 - 8.5,55 – 75 gallons,"25.0-30.0 cm / 9.8-11.8""",Aggressive: Territorial and hardy; best kept with other medium-to-large cichlids.,
Convict cichlid,Archocentrus nigrofasciatus,https://upload.wikimedia.org//wikipedia/commons/6/6c/Archocentrus_nigrofasciatus_female.jpg,"The convict cichlid is one of the most famous fish in the hobby, named for the bold black vertical stripes that run across its grey or bluish-silver body. These fish are native to the lakes and streams of Central America and are legendary for their hardiness and ease of breeding. They can be kept in tanks as small as 20 to 30 gallons for a single pair, making them a popular entry point into cichlid keeping. Their temperament is very aggressive for their size, particularly when they are guarding a brood of fry—a task they perform with incredible ferocity. They are compatible with other robust, fast-moving fish like giant danios or larger barbs, but their relentless protective instincts mean they will drive away almost any fish that approaches their chosen cave.",23–28 degrees celsius,"The convict cichlid is one of the most famous fish in the hobby, named for the bold black vertical stripes that run across its grey or bluish-silver body. These fish are native to the lakes and streams of Central America and are legendary for their hardiness and ease of breeding. They can be kept in tanks as small as 20 to 30 gallons for a single pair, making them a popular entry point into cichlid keeping. Their temperament is very aggressive for their size, particularly when they are guarding a brood of fry?a task they perform with incredible ferocity. They are compatible with other robust, fast-moving fish like giant danios or larger barbs, but their relentless protective instincts mean they will drive away almost any fish that approaches their chosen cave.",6.5 - 8.0,30 – 40 gallons,"10.0-15.0 cm / 3.9-5.9""",Semi-Aggressive: Highly prolific and territorial; compatible with other robust cichlids in spacious setups.,https://en.wikipedia.org//wiki/Archocentrus_nigrofasciatus
T-bar cichlid,Amatitlania sajica,,"The T-bar cichlid is a smaller, more refined relative of the convict cichlid, distinguished by its unique ""T-shaped"" black marking on its side and vibrant blue-to-gold spangles on its fins. They inhabit the rocky rivers of Costa Rica and require a 30-to-40-gallon tank with plenty of caves and hiding spots created from rocks or driftwood. Their temperament is moderately aggressive but generally more peaceful than the standard convict, making them a great choice for a medium-sized community setup. They are highly compatible with other peaceful Central American cichlids, such as firemouths or rainbows, and appreciate a well-maintained environment with moderate water flow.",23–28 degrees celsius,"The T-bar cichlid is a smaller, more refined relative of the convict cichlid, distinguished by its unique ""T-shaped"" black marking on its side and vibrant blue-to-gold spangles on its fins. They inhabit the rocky rivers of Costa Rica and require a 30-to-40-gallon tank with plenty of caves and hiding spots created from rocks or driftwood. Their temperament is moderately aggressive but generally more peaceful than the standard convict, making them a great choice for a medium-sized community setup. They are highly compatible with other peaceful Central American cichlids, such as firemouths or rainbows, and appreciate a well-maintained environment with moderate water flow.",6.5 - 8.0,30 – 40 gallons,"8.0-10.0 cm / 3.1-3.9""",Semi-Aggressive: Relatively peaceful for a cichlid; compatible with other moderately sized community fish or cichlids.,
Wolf cichlid,Parachromis dovii,https://upload.wikimedia.org//wikipedia/commons/3/30/Parachromis_dovii_guapote.JPG,"The wolf cichlid is arguably the most aggressive and powerful cichlid in the entire aquarium hobby, featuring a long, muscular body and a massive jaw filled with sharp teeth. Mature males develop a stunning metallic blue or gold sheen with intricate dark markings. They are the apex predators of Central American lakes and can grow to nearly two feet in length, necessitating a massive aquarium of at least 180 to 240 gallons for a single adult. Their temperament is hyper-aggressive and highly predatory; they have been known to break heaters and shatter glass in their attempts to attack perceived threats. Because of their extreme behavior and size, they have zero compatibility with other fish and must be kept in a solitary, species-only environment.",23–28 degrees celsius,"The wolf cichlid is arguably the most aggressive and powerful cichlid in the entire aquarium hobby, featuring a long, muscular body and a massive jaw filled with sharp teeth. Mature males develop a stunning metallic blue or gold sheen with intricate dark markings. They are the apex predators of Central American lakes and can grow to nearly two feet in length, necessitating a massive aquarium of at least 180 to 240 gallons for a single adult. Their temperament is hyper-aggressive and highly predatory; they have been known to break heaters and shatter glass in their attempts to attack perceived threats. Because of their extreme behavior and size, they have zero compatibility with other fish and must be kept in a solitary, species-only environment.",7.0 - 8.0,100 – 150 gallons,"40.0-50.0 cm / 15.7-19.7""","Highly Aggressive: Should be kept alone or with very large, fast-moving fish that can avoid its attacks.",
"Texas cichlid, Rio Grande cichlid",Herichthys cyanoguttatus,https://upload.wikimedia.org//wikipedia/commons/2/25/Herichthys_cyanoguttatum_%28Rio_Grande_Cichlid%29.jpg,"The Texas cichlid is the only cichlid native to the United States, specifically the Rio Grande drainage, and is a visual standout with its body covered in thousands of tiny, shimmering turquoise dots. They are thick-bodied fish that can reach up to 12 inches, requiring at least 75 gallons of space with plenty of room to dig and move substrate. Their temperament is aggressive and territorial, and they are well-known for their intelligence and ""owner-recognition"" capabilities. They are compatible with other large, assertive cichlids like Oscars or Jack Dempseys, provided the aquarium is large enough to allow each fish to maintain its own distinct territory without constant conflict.",23–27 degrees celsius,"The Texas cichlid is the only cichlid native to the United States, specifically the Rio Grande drainage, and is a visual standout with its body covered in thousands of tiny, shimmering turquoise dots. They are thick-bodied fish that can reach up to 12 inches, requiring at least 75 gallons of space with plenty of room to dig and move substrate. Their temperament is aggressive and territorial, and they are well-known for their intelligence and ""owner-recognition"" capabilities. They are compatible with other large, assertive cichlids like Oscars or Jack Dempseys, provided the aquarium is large enough to allow each fish to maintain its own distinct territory without constant conflict.",6.5 - 8.0,55 – 75 gallons,"25.0-30.0 cm / 9.8-11.8""",Aggressive: Territorial but generally stays at the bottom; compatible with other large Central American cichlids.,https://en.wikipedia.org//wiki/Herichthys_cyanoguttatus
Severum,Heros efasciatus,https://upload.wikimedia.org//wikipedia/commons/8/8a/Heros_severus.JPG,"The Severum is often referred to as the poor man’s Discus due to its laterally compressed, oval-shaped body and its relatively peaceful nature compared to other large cichlids. Native to the calm, slow-moving waters of the Amazon River basin, they are frequently found among submerged roots and fallen branches. They require an aquarium of at least 55 to 75 gallons, though a larger tank is preferred if keeping them with tank mates. Their look varies by strain, with the wild-type displaying a greenish-gold body and dark vertical bars, while the popular gold variety is a brilliant, solid yellow. Their temperament is generally docile and thoughtful, making them highly compatible with other medium-sized South American cichlids, such as Angelfish or Blue Acara, as well as larger schooling fish like Silver Dollars. An important remark for their care is that they are omnivorous and have a significant appetite for aquatic plants, so they are best kept in tanks with driftwood and hardy, unpalatable plants like Anubias.",23–27 degrees celsius,"The Severum is often referred to as the poor man?s Discus due to its laterally compressed, oval-shaped body and its relatively peaceful nature compared to other large cichlids. Native to the calm, slow-moving waters of the Amazon River basin, they are frequently found among submerged roots and fallen branches. They require an aquarium of at least 55 to 75 gallons, though a larger tank is preferred if keeping them with tank mates. Their look varies by strain, with the wild-type displaying a greenish-gold body and dark vertical bars, while the popular gold variety is a brilliant, solid yellow. Their temperament is generally docile and thoughtful, making them highly compatible with other medium-sized South American cichlids, such as Angelfish or Blue Acara, as well as larger schooling fish like Silver Dollars. An important remark for their care is that they are omnivorous and have a significant appetite for aquatic plants, so they are best kept in tanks with driftwood and hardy, unpalatable plants like Anubias.",6.0 - 7.5,40 – 55 gallons,"20.0-25.0 cm / 7.9-9.8""",Semi-Aggressive: More peaceful than most cichlids; compatible with larger tetras and other non-aggressive cichlids.,
Green terror,Andinoacara rivulatus,https://upload.wikimedia.org//wikipedia/commons/7/7c/Andinoacara_rivulatus_-_20061112.jpg,"The Green Terror is a visually spectacular fish known for the vibrant, iridescent green and blue scales that cover its body, contrasted by bold orange or white edging on the dorsal and tail fins. Originating from the river basins of Ecuador and Peru, these fish live in a variety of water conditions, from clear streams to turbid rivers. They reach a substantial size of up to 10 inches and require a minimum of 55 to 75 gallons to accommodate their active swimming and waste production. Their temperament is aggressive and highly territorial, especially in mature males, which often develop a prominent nuchal hump on their foreheads. Despite their fierce name, they can be compatible with other robust South American species like Oscars or Jack Dempseys, provided the aquarium is large enough to allow for established boundaries. A key remark for their health is their sensitivity to poor water quality, which can lead to skin issues and a loss of their brilliant coloration.",24–28 degrees celsius,"The Green Terror is a visually spectacular fish known for the vibrant, iridescent green and blue scales that cover its body, contrasted by bold orange or white edging on the dorsal and tail fins. Originating from the river basins of Ecuador and Peru, these fish live in a variety of water conditions, from clear streams to turbid rivers. They reach a substantial size of up to 10 inches and require a minimum of 55 to 75 gallons to accommodate their active swimming and waste production. Their temperament is aggressive and highly territorial, especially in mature males, which often develop a prominent nuchal hump on their foreheads. Despite their fierce name, they can be compatible with other robust South American species like Oscars or Jack Dempseys, provided the aquarium is large enough to allow for established boundaries. A key remark for their health is their sensitivity to poor water quality, which can lead to skin issues and a loss of their brilliant coloration.",6.5 - 8.0,55 – 75 gallons,"15.0-20.0 cm / 5.9-7.9""","Aggressive: Known for its unpredictable temperament; best kept with other robust, large fish.",https://en.wikipedia.org//wiki/Andinoacara_rivulatus
Blue acara,Andinoacara pulcher,https://upload.wikimedia.org//wikipedia/commons/7/7d/Aequidens_pulcher.jpg,"The Blue Acara is a classic hobbyist favorite, prized for its shimmering steel-blue scales and the intricate turquoise patterns that adorn its face and gill covers. They are native to the standing waters and slow-flowing rivers of Central and South America, particularly in Trinidad and Venezuela. They stay at a manageable size of about 6 to 7 inches and thrive in an environment of 30 to 40 gallons with a mix of open swimming space and hiding spots made of rocks or driftwood. Their temperament is remarkably peaceful for a cichlid, and they are far less likely to harass tank mates than their more aggressive relatives. They are highly compatible with a wide range of community fish, including larger tetras, corydoras, and even other docile cichlids. Their look has been further enhanced in the hobby by the Electric Blue Acara strain, which features an even more intense, solid neon-blue coloration.",24–28 degrees celsius,"The Blue Acara is a classic hobbyist favorite, prized for its shimmering steel-blue scales and the intricate turquoise patterns that adorn its face and gill covers. They are native to the standing waters and slow-flowing rivers of Central and South America, particularly in Trinidad and Venezuela. They stay at a manageable size of about 6 to 7 inches and thrive in an environment of 30 to 40 gallons with a mix of open swimming space and hiding spots made of rocks or driftwood. Their temperament is remarkably peaceful for a cichlid, and they are far less likely to harass tank mates than their more aggressive relatives. They are highly compatible with a wide range of community fish, including larger tetras, corydoras, and even other docile cichlids. Their look has been further enhanced in the hobby by the Electric Blue Acara strain, which features an even more intense, solid neon-blue coloration.",6.0 - 7.5,30 – 40 gallons,"15.0-20.0 cm / 5.9-7.9""",Semi-Aggressive: Relatively peaceful; compatible with other calm South American cichlids or larger schooling fish.,https://en.wikipedia.org//wiki/Andinoacara_pulcher
Thread-finned acara,Acarichthys heckelii,https://upload.wikimedia.org//wikipedia/commons/7/7b/Acarichthys_heckeli.JPG,"This elegant and unique species is easily identified by the long, trailing filaments that grow from the back of its dorsal fin, giving it a delicate, feathered appearance. Found throughout the Amazon and Orinoco River basins, they are often seen in areas with sandy bottoms where they can sift for food. They require a large environment of at least 75 to 90 gallons with a sandy substrate and plenty of driftwood to mimic their riverine homes. Their temperament is relatively peaceful and social, though they can become territorial during the breeding season when they dig elaborate tunnels in the sand. They are highly compatible with other peaceful South American cichlids like Eartheaters and Severums, as well as schooling fish that occupy the upper water column. An interesting remark about their look is the subtle gold and blue spotting that covers their silver-tan body, which sparkles under proper aquarium lighting.",22–28 degrees celsius,"This elegant and unique species is easily identified by the long, trailing filaments that grow from the back of its dorsal fin, giving it a delicate, feathered appearance. Found throughout the Amazon and Orinoco River basins, they are often seen in areas with sandy bottoms where they can sift for food. They require a large environment of at least 75 to 90 gallons with a sandy substrate and plenty of driftwood to mimic their riverine homes. Their temperament is relatively peaceful and social, though they can become territorial during the breeding season when they dig elaborate tunnels in the sand. They are highly compatible with other peaceful South American cichlids like Eartheaters and Severums, as well as schooling fish that occupy the upper water column. An interesting remark about their look is the subtle gold and blue spotting that covers their silver-tan body, which sparkles under proper aquarium lighting.",6.0 - 7.5,30 – 40 gallons,"15.0-20.0 cm / 5.9-7.9""",Semi-Aggressive: Compatible with other peaceful cichlids or medium-sized community fish; they appreciate sand.,https://en.wikipedia.org//wiki/Acarichthys_heckelii
Eartheater cichlid,Geophagus altifrons,https://upload.wikimedia.org//wikipedia/commons/6/62/Cichlidae_-_Geophagus_altifrons.JPG,"The term Eartheater covers a group of highly specialized fish known for their fascinating behavior of taking mouthfuls of substrate, sifting out organic matter, and expelling the sand through their gills. They are native to the various river systems of South America and are defined by their elongated snouts and often brilliant, iridescent spangling along their bodies and fins. They require a large tank of 75 to 100 gallons with a strictly sandy substrate to prevent injury to their sensitive mouths. Their temperament is very peaceful and social, and they thrive best when kept in groups of five or more. They are highly compatible with other non-aggressive South American species, such as Angelfish or Severums. A notable remark for their care is their need for pristine water conditions and a varied diet of high-quality sinking pellets and frozen foods to maintain their health and color.",22–26 degrees celsius,"The term Eartheater covers a group of highly specialized fish known for their fascinating behavior of taking mouthfuls of substrate, sifting out organic matter, and expelling the sand through their gills. They are native to the various river systems of South America and are defined by their elongated snouts and often brilliant, iridescent spangling along their bodies and fins. They require a large tank of 75 to 100 gallons with a strictly sandy substrate to prevent injury to their sensitive mouths. Their temperament is very peaceful and social, and they thrive best when kept in groups of five or more. They are highly compatible with other non-aggressive South American species, such as Angelfish or Severums. A notable remark for their care is their need for pristine water conditions and a varied diet of high-quality sinking pellets and frozen foods to maintain their health and color.",6.0 - 7.5,55 – 75 gallons,"20.0-25.0 cm / 7.9-9.8""",Peaceful (Cichlid): Sifts sand for food; compatible with Corydoras and other peaceful South American species.,
"Greenstreaked Eartheater, cupid cichlid",Biotodoma cupido,https://upload.wikimedia.org//wikipedia/commons/7/7e/Biotodoma_cupido.png,"The Cupid Cichlid is a smaller and more delicate member of the eartheater group, featuring a soft silver-to-gold body with a prominent black spot near the tail and iridescent green streaks below the eyes. They inhabit the blackwater and clearwater rivers of the Amazon basin, requiring an environment of 30 to 40 gallons with soft, acidic water and very fine sand. Their temperament is peaceful and quite shy, and they can easily be outcompeted for food by more aggressive tank mates. They are highly compatible with other peaceful nano-fish and dwarf cichlids that share their preference for calm, well-maintained water. A key look for this fish is the subtle red or orange highlights that can develop on the fins of mature, healthy specimens.",22–30 degrees celsius,"The Cupid Cichlid is a smaller and more delicate member of the eartheater group, featuring a soft silver-to-gold body with a prominent black spot near the tail and iridescent green streaks below the eyes. They inhabit the blackwater and clearwater rivers of the Amazon basin, requiring an environment of 30 to 40 gallons with soft, acidic water and very fine sand. Their temperament is peaceful and quite shy, and they can easily be outcompeted for food by more aggressive tank mates. They are highly compatible with other peaceful nano-fish and dwarf cichlids that share their preference for calm, well-maintained water. A key look for this fish is the subtle red or orange highlights that can develop on the fins of mature, healthy specimens.",6.0 - 7.0,40 – 55 gallons,"8.0-10.0 cm / 3.1-3.9""",Peaceful (Cichlid): Very docile for a cichlid; compatible with small tetras and other calm community fish.,
Keyhole cichlid,Cleithracara maronii,https://upload.wikimedia.org//wikipedia/commons/c/c6/Akara_z_Maroni.jpg,"The Keyhole Cichlid is a charming and unassuming species named for the distinct black ""keyhole"" or bolt-shaped marking on its side. They are native to the coastal rivers of Guyana and Suriname and are one of the most docile cichlids in the hobby. They stay small, reaching about 4 to 5 inches, and thrive in a 30-gallon tank decorated with live plants, driftwood, and leaf litter. Their temperament is shy and peaceful, and they are known to change their color to a mottled brown when they feel threatened or stressed. They are excellently compatible with small community fish like tetras and rasboras, making them a perfect choice for a peaceful planted aquarium.",22–28 degrees celsius,"The Keyhole Cichlid is a charming and unassuming species named for the distinct black ""keyhole"" or bolt-shaped marking on its side. They are native to the coastal rivers of Guyana and Suriname and are one of the most docile cichlids in the hobby. They stay small, reaching about 4 to 5 inches, and thrive in a 30-gallon tank decorated with live plants, driftwood, and leaf litter. Their temperament is shy and peaceful, and they are known to change their color to a mottled brown when they feel threatened or stressed. They are excellently compatible with small community fish like tetras and rasboras, making them a perfect choice for a peaceful planted aquarium.",6.0 - 7.5,30 – 40 gallons,"8.0-10.0 cm / 3.1-3.9""","Peaceful (Cichlid): Shy and peaceful; best kept with other calm, non-aggressive tankmates.",https://en.wikipedia.org//wiki/Cleithracara_maronii
Flag cichlid,Mesonauta festivus,https://upload.wikimedia.org//wikipedia/commons/9/9d/Mesonauta_festivus.jpg,"The Flag Cichlid is a stocky, colorful dwarf cichlid featuring a metallic blue and green body with a ""flag"" like pattern on its fins. They are found in the tributaries of the Amazon and require a 20-to-30-gallon tank with plenty of flat rocks for spawning. Their temperament is generally peaceful and they are less skittish than Apistogramma. They are compatible with most mid-sized community fish and make a great choice for those looking for a hardy dwarf species.",24–28 degrees celsius,"The Flag Cichlid is a stocky, colorful dwarf cichlid featuring a metallic blue and green body with a ""flag"" like pattern on its fins. They are found in the tributaries of the Amazon and require a 20-to-30-gallon tank with plenty of flat rocks for spawning. Their temperament is generally peaceful and they are less skittish than Apistogramma. They are compatible with most mid-sized community fish and make a great choice for those looking for a hardy dwarf species.",6.0 - 7.5,20 – 30 gallons,"8.0-10.0 cm / 3.1-3.9""","Peaceful (Cichlid): Shy and docile; compatible with smaller, peaceful community fish like rasboras.",
Angelfish,Pterophyllum scalare,https://upload.wikimedia.org//wikipedia/commons/6/6e/Freshwater_angelfish_biodome.jpg,"The Angelfish is one of the most recognizable freshwater species, distinguished by its laterally compressed, disc-shaped body and long, elegant trailing fins that give it a majestic appearance. Native to the Amazon River basin, they are typically found in slow-moving water among submerged roots and dense vegetation where their vertical shape allows them to hide effectively. They require a minimum of 30 to 55 gallons, with tank height being more critical than length to accommodate their tall finnage. While they are generally peaceful for cichlids, their temperament can become territorial during spawning, and they are opportunistic predators. They are compatible with larger tetras, corydoras, and rams, but small, slender fish like neon tetras may eventually become a snack as the Angelfish matures.",24–28 degrees celsius,"The Angelfish is one of the most recognizable freshwater species, distinguished by its laterally compressed, disc-shaped body and long, elegant trailing fins that give it a majestic appearance. Native to the Amazon River basin, they are typically found in slow-moving water among submerged roots and dense vegetation where their vertical shape allows them to hide effectively. They require a minimum of 30 to 55 gallons, with tank height being more critical than length to accommodate their tall finnage. While they are generally peaceful for cichlids, their temperament can become territorial during spawning, and they are opportunistic predators. They are compatible with larger tetras, corydoras, and rams, but small, slender fish like neon tetras may eventually become a snack as the Angelfish matures.",6.0 - 7.5,30 – 40 gallons,"12.0-15.0 cm / 4.7-5.9""",Peaceful (Cichlid): Compatible with almost any peaceful community fish; they occupy mid-water levels.,
Altum angelfish,Pterophyllum altum,https://upload.wikimedia.org//wikipedia/commons/8/85/Pterophyllum_altum.jpg,"The Altum Angelfish is the larger, more specialized cousin of the common Angelfish, featuring an even taller profile, a distinct ""notch"" on the snout, and a more silver-green iridescent body with bold brown-black vertical bars. Originating from the Orinoco and Rio Negro basins, they inhabit deep, slow-moving blackwater rivers with extremely soft and acidic conditions. Because they can reach a vertical height of over 12 inches, they require a very large, deep aquarium of at least 75 to 90 gallons. Their temperament is generally shy and peaceful, but they are significantly more sensitive to water quality and fluctuations than standard angelfish. They are best compatible with other peaceful, warm-water Amazonian species like Discus or large schools of Rummynose Tetras.",24–28 degrees celsius,"The Altum Angelfish is the larger, more specialized cousin of the common Angelfish, featuring an even taller profile, a distinct ""notch"" on the snout, and a more silver-green iridescent body with bold brown-black vertical bars. Originating from the Orinoco and Rio Negro basins, they inhabit deep, slow-moving blackwater rivers with extremely soft and acidic conditions. Because they can reach a vertical height of over 12 inches, they require a very large, deep aquarium of at least 75 to 90 gallons. Their temperament is generally shy and peaceful, but they are significantly more sensitive to water quality and fluctuations than standard angelfish. They are best compatible with other peaceful, warm-water Amazonian species like Discus or large schools of Rummynose Tetras.",4.5 - 6.2,55 – 75 gallons,"15.0-18.0 cm / 5.9-7.1""",Peaceful (Cichlid): Compatible with larger tetras and other peaceful South American fish; they grow tall.,
Philippine Blue Angelfish ,Pterophyllum scalare variant,,"The Philippine Blue Angelfish is a modern and breathtaking variant of the common angelfish, prized for a unique genetic mutation that produces a shimmering, metallic blue sheen that covers the body and fins, appearing most intense under high-quality lighting. While they do not exist in the wild, they are bred from Amazonian lineages and require a similar environment with vertical driftwood, tall plants, and moderate water flow. They need a tall aquarium of at least 30 to 55 gallons to accommodate their long, trailing fins and high-backed profile. Their temperament is generally peaceful, though they can be territorial as they mature, especially if they form a breeding pair. They are highly compatible with other medium-sized community fish and look especially striking when housed with silver or gold fish that contrast with their cool blue color. A notable remark for this variety is that their blue coloration can take time to fully develop, with young juveniles often appearing silver before the vibrant metallic blue ""washes"" over them as they grow.",22–30 degrees celsius,"The Philippine Blue Angelfish is a modern and breathtaking variant of the common angelfish, prized for a unique genetic mutation that produces a shimmering, metallic blue sheen that covers the body and fins, appearing most intense under high-quality lighting. While they do not exist in the wild, they are bred from Amazonian lineages and require a similar environment with vertical driftwood, tall plants, and moderate water flow. They need a tall aquarium of at least 30 to 55 gallons to accommodate their long, trailing fins and high-backed profile. Their temperament is generally peaceful, though they can be territorial as they mature, especially if they form a breeding pair. They are highly compatible with other medium-sized community fish and look especially striking when housed with silver or gold fish that contrast with their cool blue color. A notable remark for this variety is that their blue coloration can take time to fully develop, with young juveniles often appearing silver before the vibrant metallic blue ""washes"" over them as they grow.",6.0 - 7.5,30 – 40 gallons,"12.0-15.0 cm / 4.7-5.9""","Peaceful (Cichlid): More delicate than common angelfish; compatible with very calm, soft-water species.",
Spotted angelfish,Pterophyllum leopoldi,https://upload.wikimedia.org//wikipedia/commons/9/94/Pterophyllum_leopoldi.jpg,"The Spotted Angelfish (Pterophyllum scalare variant) is a visually striking variety of the common angelfish, characterized by its silver-white body adorned with numerous dark, irregular black spots and splotches rather than the traditional vertical bars. These fish originate from the river basins of the Amazon, where they navigate slow-moving, tannin-stained waters filled with submerged roots and dense aquatic vegetation. They require an environment of at least 30 to 55 gallons, but because of their tall, laterally compressed body shape, the height of the aquarium is much more important than its length to ensure their long fins do not drag or become stunted. Their temperament is generally peaceful for a cichlid, but they are still territorial and can become quite assertive when they reach maturity or begin to form breeding pairs. They are highly compatible with other medium-sized, calm community fish such as larger tetras, corydoras, and rams. However, a key remark regarding their compatibility is that they are opportunistic predators; very small or slender fish like neon tetras may be eaten as the angelfish grows large enough to swallow them.",22–28 degrees celsius,"The Spotted Angelfish (Pterophyllum scalare variant) is a visually striking variety of the common angelfish, characterized by its silver-white body adorned with numerous dark, irregular black spots and splotches rather than the traditional vertical bars. These fish originate from the river basins of the Amazon, where they navigate slow-moving, tannin-stained waters filled with submerged roots and dense aquatic vegetation. They require an environment of at least 30 to 55 gallons, but because of their tall, laterally compressed body shape, the height of the aquarium is much more important than its length to ensure their long fins do not drag or become stunted. Their temperament is generally peaceful for a cichlid, but they are still territorial and can become quite assertive when they reach maturity or begin to form breeding pairs. They are highly compatible with other medium-sized, calm community fish such as larger tetras, corydoras, and rams. However, a key remark regarding their compatibility is that they are opportunistic predators; very small or slender fish like neon tetras may be eaten as the angelfish grows large enough to swallow them.",6.0 - 7.5,30 – 40 gallons,"12.0-15.0 cm / 4.7-5.9""",Peaceful (Cichlid): Compatible with other peaceful community fish; avoid fin-nipping tankmates.,
"Common discus, red discus",Symphysodon discus,https://upload.wikimedia.org//wikipedia/commons/b/b6/Discus_heckel.jpg,"The Discus is widely considered the ""King of the Aquarium"" due to its stunning, perfectly circular body and the breathtaking array of colors and patterns that range from deep reds to intricate turquoise striations. Native to the floodplains and tributaries of the Amazon, they thrive in very warm, soft, and acidic water. They require a minimum of 55 to 75 gallons and should be kept in groups of five or more to reduce stress and establish a natural social hierarchy. Their temperament is shy and peaceful, making them easily intimidated by boisterous or aggressive tank mates. They are highly compatible with other calm species such as Cardinal Tetras, Sterbai Corydoras, and German Blue Rams, provided the water temperature is kept consistently high.",21–28 degrees celsius,"The Discus is widely considered the ""King of the Aquarium"" due to its stunning, perfectly circular body and the breathtaking array of colors and patterns that range from deep reds to intricate turquoise striations. Native to the floodplains and tributaries of the Amazon, they thrive in very warm, soft, and acidic water. They require a minimum of 55 to 75 gallons and should be kept in groups of five or more to reduce stress and establish a natural social hierarchy. Their temperament is shy and peaceful, making them easily intimidated by boisterous or aggressive tank mates. They are highly compatible with other calm species such as Cardinal Tetras, Sterbai Corydoras, and German Blue Rams, provided the water temperature is kept consistently high.",5.0 - 7.0,55 – 75 gallons,"12.0-15.0 cm / 4.7-5.9""",Peaceful (Cichlid): Social and docile; compatible with other angelfish and mid-water schooling species.,
"Blue discus, green discus",Symphysodon aequifasciatus,https://upload.wikimedia.org//wikipedia/commons/7/76/Blue_Discus.jpg,"The Discus is widely considered the ""King of the Aquarium"" due to its stunning, perfectly circular body and the breathtaking array of colors and patterns that range from deep reds to intricate turquoise striations. Native to the floodplains and tributaries of the Amazon, they thrive in very warm, soft, and acidic water. They require a minimum of 55 to 75 gallons and should be kept in groups of five or more to reduce stress and establish a natural social hierarchy. Their temperament is shy and peaceful, making them easily intimidated by boisterous or aggressive tank mates. They are highly compatible with other calm species such as Cardinal Tetras, Sterbai Corydoras, and German Blue Rams, provided the water temperature is kept consistently high.",23–28 degrees celsius,"The Discus is widely considered the ""King of the Aquarium"" due to its stunning, perfectly circular body and the breathtaking array of colors and patterns that range from deep reds to intricate turquoise striations. Native to the floodplains and tributaries of the Amazon, they thrive in very warm, soft, and acidic water. They require a minimum of 55 to 75 gallons and should be kept in groups of five or more to reduce stress and establish a natural social hierarchy. Their temperament is shy and peaceful, making them easily intimidated by boisterous or aggressive tank mates. They are highly compatible with other calm species such as Cardinal Tetras, Sterbai Corydoras, and German Blue Rams, provided the water temperature is kept consistently high.",5.0 - 7.0,55 – 75 gallons,"12.0-15.0 cm / 4.7-5.9""",Peaceful (Cichlid): High temperature requirement; compatible with other warm-water species like Rummy-nose tetras.,
Chocolate cichlid,Hypselecara temporalis,https://upload.wikimedia.org//wikipedia/commons/7/76/Hypselecara_temporalis.jpg,"The Chocolate Cichlid is a large, bulky species named for its deep, rich brown coloration that can shift into shades of maroon, gold, and even green depending on its mood and health. Found in the blackwater rivers of the Amazon and Orinoco basins, they are often seen among submerged wood and leaf litter. They reach a size of about 8 to 10 inches and require an aquarium of 55 to 75 gallons with plenty of driftwood to provide a sense of security. Their temperament is surprisingly docile for a cichlid of their size, often described as ""gentle giants"" that rarely harass tank mates. They are highly compatible with other medium-to-large peaceful South American species like Severums, Angelfish, and Eartheaters.",23–28 degrees celsius,"The Chocolate Cichlid is a large, bulky species named for its deep, rich brown coloration that can shift into shades of maroon, gold, and even green depending on its mood and health. Found in the blackwater rivers of the Amazon and Orinoco basins, they are often seen among submerged wood and leaf litter. They reach a size of about 8 to 10 inches and require an aquarium of 55 to 75 gallons with plenty of driftwood to provide a sense of security. Their temperament is surprisingly docile for a cichlid of their size, often described as ""gentle giants"" that rarely harass tank mates. They are highly compatible with other medium-to-large peaceful South American species like Severums, Angelfish, and Eartheaters.",5.0 - 7.0,40 – 55 gallons,"15.0-20.0 cm / 5.9-7.9""","Peaceful (Cichlid): Same requirements as red discus; best kept in a specialized, very clean environment.",https://en.wikipedia.org//wiki/Hypselecara_temporalis
Oscar,Astronotus ocellatus,https://upload.wikimedia.org//wikipedia/commons/1/1b/Astronotus_ocellatus_-_side_%28aka%29.jpg,"The Oscar is a massive, highly intelligent cichlid famous for its ""dog-like"" personality and its ability to recognize and interact with its owner. Their look is characterized by a thick, powerful body covered in mottled patterns of orange, red, and black, with a distinctive ""eye spot"" (ocellus) on the base of the tail to confuse predators. Native to the Amazon basin, they are opportunistic feeders that require a minimum of 75 to 90 gallons for a single adult due to their large size and high waste production. Their temperament is boisterous and territorial, and they are notorious for ""redecorating"" their tanks by moving rocks and uprooting plants. While they are not overly aggressive toward fish they cannot swallow, they are compatible with other large, robust species like Jack Dempseys, Severums, or large Silver Dollars.",22–30 degrees celsius,"The Oscar is a massive, highly intelligent cichlid famous for its ""dog-like"" personality and its ability to recognize and interact with its owner. Their look is characterized by a thick, powerful body covered in mottled patterns of orange, red, and black, with a distinctive ""eye spot"" (ocellus) on the base of the tail to confuse predators. Native to the Amazon basin, they are opportunistic feeders that require a minimum of 75 to 90 gallons for a single adult due to their large size and high waste production. Their temperament is boisterous and territorial, and they are notorious for ""redecorating"" their tanks by moving rocks and uprooting plants. While they are not overly aggressive toward fish they cannot swallow, they are compatible with other large, robust species like Jack Dempseys, Severums, or large Silver Dollars.",6.0 - 7.5,75 – 100 gallons,"30.0-35.0 cm / 11.8-13.8""","Peaceful (Cichlid): Slow-moving and docile; compatible with other calm, large South American cichlids.",https://en.wikipedia.org//wiki/Astronotus_ocellatus
"Uaru, waroo",Uaru amphiacanthoides,https://upload.wikimedia.org//wikipedia/commons/d/da/Uaru.jpg,"The Uaru is a fascinating species that shares the compressed, disc-like shape of the Discus but features a more subtle color palette of silver-grey with a large, dark triangular patch on its side. They inhabit the blackwater rivers of the Amazon and, like Discus, require warm, soft, and acidic water conditions. They are large fish, reaching up to 10 inches, and require a minimum of 75 to 90 gallons. Their temperament is peaceful and social, and they are often found in the company of Severums or Discus in the wild. A notable remark for their care is their strictly herbivorous leaning; they are specialized plant eaters and will quickly consume any live greenery in the tank.",22–28 degrees celsius,"The Uaru is a fascinating species that shares the compressed, disc-like shape of the Discus but features a more subtle color palette of silver-grey with a large, dark triangular patch on its side. They inhabit the blackwater rivers of the Amazon and, like Discus, require warm, soft, and acidic water conditions. They are large fish, reaching up to 10 inches, and require a minimum of 75 to 90 gallons. Their temperament is peaceful and social, and they are often found in the company of Severums or Discus in the wild. A notable remark for their care is their strictly herbivorous leaning; they are specialized plant eaters and will quickly consume any live greenery in the tank.",5.0 - 7.0,75 – 100 gallons,"25.0-30.0 cm / 9.8-11.8""","Aggressive (Personality): ""Puppy-like"" with owners but messy; compatible with other very large, robust fish.",
"Peacock bass, butterfly peacock bass",Cichla orinocensis,https://upload.wikimedia.org//wikipedia/commons/e/ef/Peacock_bass.jpg,"The Peacock Bass is a high-powered, predatory cichlid that resembles a North American bass but is far more colorful, sporting a golden-green body with three bold vertical black bars and a vibrant ""eye spot"" on its tail. Native to the vast river systems of the Amazon and Orinoco, these are apex predators designed for speed and power. They require a massive environment, starting at a minimum of 180 to 240 gallons for adults, as they can easily reach lengths of 15 to 24 inches depending on the specific species. Their temperament is highly predatory but generally peaceful toward any fish they cannot physically swallow. They are compatible with other large, robust giants like Oscars, Arowanas, and large Datnoids. A key remark for their care is their metabolism; they require high-quality, protein-rich whole foods and massive filtration to handle their waste.",22–28 degrees celsius,"The Peacock Bass is a high-powered, predatory cichlid that resembles a North American bass but is far more colorful, sporting a golden-green body with three bold vertical black bars and a vibrant ""eye spot"" on its tail. Native to the vast river systems of the Amazon and Orinoco, these are apex predators designed for speed and power. They require a massive environment, starting at a minimum of 180 to 240 gallons for adults, as they can easily reach lengths of 15 to 24 inches depending on the specific species. Their temperament is highly predatory but generally peaceful toward any fish they cannot physically swallow. They are compatible with other large, robust giants like Oscars, Arowanas, and large Datnoids. A key remark for their care is their metabolism; they require high-quality, protein-rich whole foods and massive filtration to handle their waste.",6.0 - 7.5,100 – 150 gallons,"40.0-60.0 cm / 15.7-23.6""","Peaceful (Cichlid): Herbivorous and social; compatible with other large, peaceful South American species.",
Canara pearlspot,Etroplus canarensis,,"The Canara Pearlspot is a rare and highly sought-after cichlid from the fast-flowing rivers of Karnataka, India, featuring an attractive, compressed body with multiple vertical dark bars and a shimmering golden sheen. Unlike African or South American cichlids, they come from a unique Asian lineage and require an environment of at least 55 to 75 gallons with moderate-to-high water flow and high oxygen levels. Their temperament is social and relatively peaceful, though they can be competitive with one another. They are highly compatible with other Asian river fish like Denison’s Barbs or large Danios. An important remark is their diet; they are primarily herbivorous in the wild and require a significant amount of vegetable matter and high-quality algae-based foods to stay healthy.",22–28 degrees celsius,"The Canara Pearlspot is a rare and highly sought-after cichlid from the fast-flowing rivers of Karnataka, India, featuring an attractive, compressed body with multiple vertical dark bars and a shimmering golden sheen. Unlike African or South American cichlids, they come from a unique Asian lineage and require an environment of at least 55 to 75 gallons with moderate-to-high water flow and high oxygen levels. Their temperament is social and relatively peaceful, though they can be competitive with one another. They are highly compatible with other Asian river fish like Denison?s Barbs or large Danios. An important remark is their diet; they are primarily herbivorous in the wild and require a significant amount of vegetable matter and high-quality algae-based foods to stay healthy.",6.5 - 7.5,55 – 75 gallons,"10.0-12.0 cm / 3.9-4.7""","Predatory: Highly active and predatory; only compatible with other large, fast-moving ""monster"" fish.",https://en.wikipedia.org//wiki/Etroplus_canarensis
Green chromide,Etroplus suratensis,https://upload.wikimedia.org//wikipedia/commons/7/78/Etroplus_suratensis.jpg,"The Green Chromide is a large, disc-shaped Asian cichlid featuring a silvery-green body covered in small, pearly white spots and several dark vertical bands. They are unique for being euryhaline, meaning they inhabit freshwater, brackish, and even coastal marine environments in India and Sri Lanka. They require at least 75 to 90 gallons and generally do best in brackish water setups, though they can be adapted to hard freshwater. Their temperament is peaceful and schooling, preferring to live in groups of five or more. They are compatible with other brackish species like Archerfish, Monos, and Scats. A notable look for this fish is its sheer size; they can grow to 12 inches, making them an impressive centerpiece for a large tank.",22–26 degrees celsius,"The Green Chromide is a large, disc-shaped Asian cichlid featuring a silvery-green body covered in small, pearly white spots and several dark vertical bands. They are unique for being euryhaline, meaning they inhabit freshwater, brackish, and even coastal marine environments in India and Sri Lanka. They require at least 75 to 90 gallons and generally do best in brackish water setups, though they can be adapted to hard freshwater. Their temperament is peaceful and schooling, preferring to live in groups of five or more. They are compatible with other brackish species like Archerfish, Monos, and Scats. A notable look for this fish is its sheer size; they can grow to 12 inches, making them an impressive centerpiece for a large tank.",7.5 - 8.5,55 – 75 gallons,"30.0-40.0 cm / 11.8-15.7""",Semi-Aggressive: Relatively peaceful; compatible with other non-aggressive cichlids or larger tetras.,https://en.wikipedia.org//wiki/Etroplus_suratensis
Orange chromide,Etroplus maculatus,https://upload.wikimedia.org//wikipedia/commons/8/8d/Etroplus_Maculatus.JPG,"The Orange Chromide is a small, vibrant Asian cichlid that displays a bright golden-orange body with a dark spot in the center and fine red speckling across the scales. Similar to the Green Chromide, they are native to the brackish and freshwater systems of India, but they stay much smaller, reaching only about 3 to 4 inches. They thrive in a 20-to-30-gallon environment and, while adaptable, show their best health in slightly brackish water. Their temperament is peaceful and somewhat shy, making them excellent candidates for a specialized community tank. They are highly compatible with other small brackish fish or peaceful community species like Mollies and Glass Fish.",24–28 degrees celsius,"The Orange Chromide is a small, vibrant Asian cichlid that displays a bright golden-orange body with a dark spot in the center and fine red speckling across the scales. Similar to the Green Chromide, they are native to the brackish and freshwater systems of India, but they stay much smaller, reaching only about 3 to 4 inches. They thrive in a 20-to-30-gallon environment and, while adaptable, show their best health in slightly brackish water. Their temperament is peaceful and somewhat shy, making them excellent candidates for a specialized community tank. They are highly compatible with other small brackish fish or peaceful community species like Mollies and Glass Fish.",7.5 - 8.5,30 – 40 gallons,"8.0-10.0 cm / 3.1-3.9""",Peaceful (Cichlid): Peaceful but needs specific water conditions; compatible with other calm community fish.,https://en.wikipedia.org//wiki/Etroplus_maculatus
Pinstripe damba,Paretroplus menarambo,https://upload.wikimedia.org//wikipedia/commons/e/e2/Cichlidae_-_Paretroplus_menarambo.JPG,"The Pinstripe Damba is a majestic and critically endangered cichlid from Madagascar, featuring a deep, oval body with fine horizontal pinstripes and a striking red-to-orange border on its tail. They inhabit Lake Bemamba and require a large aquarium of 100 to 125 gallons to accommodate their adult size of 10 to 12 inches. Their temperament is moderately aggressive and highly social within their own species, requiring a group to feel secure. They are compatible with other large, assertive cichlids or robust schooling fish. A critical remark for their care is that they are specialized mollusk-eaters in the wild, so they appreciate a diet that includes crushed snails or shellfish alongside high-quality pellets.",24–28 degrees celsius,"The Pinstripe Damba is a majestic and critically endangered cichlid from Madagascar, featuring a deep, oval body with fine horizontal pinstripes and a striking red-to-orange border on its tail. They inhabit Lake Bemamba and require a large aquarium of 100 to 125 gallons to accommodate their adult size of 10 to 12 inches. Their temperament is moderately aggressive and highly social within their own species, requiring a group to feel secure. They are compatible with other large, assertive cichlids or robust schooling fish. A critical remark for their care is that they are specialized mollusk-eaters in the wild, so they appreciate a diet that includes crushed snails or shellfish alongside high-quality pellets.",7.0 - 8.5,75 – 100 gallons,"25.0-30.0 cm / 9.8-11.8""",Peaceful (Cichlid): Small and docile; compatible with other peaceful community fish and dwarf cichlids.,
Blood parrot cichlid,(Amphilophus citrinellus Ã— Vieja melanurus),https://upload.wikimedia.org//wikipedia/commons/f/f8/BloodParrot.jpg,"The Blood Parrot is a famous man-made hybrid characterized by its bright orange-to-red color, round body, and a unique beak-like mouth that usually cannot close fully. Because they are hybrids (likely between Midas and Severum cichlids), they do not have a natural environment, but they thrive in standard tropical setups of 55 gallons or more with plenty of caves. Their temperament is generally peaceful and curious, though they can be clumsy swimmers due to their body shape. They are highly compatible with other medium-sized community fish and peaceful cichlids like Severums or Blue Acaras. A notable remark is their intelligence; they often learn to recognize their owners and will ""beg"" for food at the front of the glass.",22–27 degrees celsius,"The Blood Parrot is a famous man-made hybrid characterized by its bright orange-to-red color, round body, and a unique beak-like mouth that usually cannot close fully. Because they are hybrids (likely between Midas and Severum cichlids), they do not have a natural environment, but they thrive in standard tropical setups of 55 gallons or more with plenty of caves. Their temperament is generally peaceful and curious, though they can be clumsy swimmers due to their body shape. They are highly compatible with other medium-sized community fish and peaceful cichlids like Severums or Blue Acaras. A notable remark is their intelligence; they often learn to recognize their owners and will ""beg"" for food at the front of the glass.",6.5 - 7.5,55 – 75 gallons,"15.0-20.0 cm / 5.9-7.9""",Semi-Aggressive: Social but can be boisterous; compatible with other moderately active cichlids.,
Flowerhorn cichlid,Cichlasoma sp.,https://upload.wikimedia.org//wikipedia/commons/e/e1/Flowerhorn.jpg,"The Flowerhorn is an exotic hybrid known for its vibrant pink-to-red colors, intricate black ""flower"" markings along its side, and the massive nuchal hump (Kok) on the male's forehead. As a man-made species, they require an environment of at least 75 gallons for a single fish, with high-capacity filtration to manage their significant waste. Their temperament is extremely aggressive and territorial; they are often called ""water dogs"" because they will aggressively interact with (and bite) anything that enters their tank. They have zero compatibility and must be kept in solitary, species-only tanks to prevent them from killing tank mates. Their look is highly variable, with some specimens being worth thousands of dollars based on the size of their hump and the clarity of their markings.",23–28 degrees celsius,"The Flowerhorn is an exotic hybrid known for its vibrant pink-to-red colors, intricate black ""flower"" markings along its side, and the massive nuchal hump (Kok) on the male's forehead. As a man-made species, they require an environment of at least 75 gallons for a single fish, with high-capacity filtration to manage their significant waste. Their temperament is extremely aggressive and territorial; they are often called ""water dogs"" because they will aggressively interact with (and bite) anything that enters their tank. They have zero compatibility and must be kept in solitary, species-only tanks to prevent them from killing tank mates. Their look is highly variable, with some specimens being worth thousands of dollars based on the size of their hump and the clarity of their markings.",6.5 - 7.8,55 – 75 gallons,"20.0-30.0 cm / 7.9-11.8""","Semi-Aggressive: Human-made hybrid; compatible with other non-aggressive, medium-to-large cichlids.",
Arulius barb,Dawkinsia arulius,,"The Arulius barb is a large, active, and visually striking species characterized by its shimmering silver-green scales and the long, thread-like filaments that extend from the dorsal fin of mature males. Native to the river basins of Southeast India, they inhabit fast-flowing waters and require a large, elongated environment of at least 55 gallons to accommodate their high-speed swimming. Their look is further accented by dark vertical blotches and a red-tipped tail, which becomes more vivid as they age. Their temperament is generally peaceful, though they are highly energetic and can accidentally intimidate shy or slow-moving species. They are highly compatible with other robust schooling fish and medium-sized barbs, and they should always be kept in groups of six or more to maintain their social health.",22–28 degrees celsius,"The Arulius barb is a large, active, and visually striking species characterized by its shimmering silver-green scales and the long, thread-like filaments that extend from the dorsal fin of mature males. Native to the river basins of Southeast India, they inhabit fast-flowing waters and require a large, elongated environment of at least 55 gallons to accommodate their high-speed swimming. Their look is further accented by dark vertical blotches and a red-tipped tail, which becomes more vivid as they age. Their temperament is generally peaceful, though they are highly energetic and can accidentally intimidate shy or slow-moving species. They are highly compatible with other robust schooling fish and medium-sized barbs, and they should always be kept in groups of six or more to maintain their social health.",6.0 - 7.5,55 – 75 gallons,"10.0-12.0 cm / 3.9-4.7""",Highly Aggressive: Often kept alone; they are highly territorial and can be aggressive even toward their own kind.,https://en.wikipedia.org//wiki/Dawkinsia_arulius
"Bigspot barb, Duncker's barb",Barbodes dunckeri,,"The Bigspot barb is a sizable and hardy species from the Malay Peninsula, featuring a thick, silvery-tan body dominated by a large, prominent black blotch located just below the dorsal fin. They inhabit forest streams and require an aquarium of at least 40 to 55 gallons with plenty of open swimming space and moderate water flow. Their temperament is active and social, though their larger size—reaching up to 5 inches—means they can be boisterous during feeding times. They are compatible with other medium-to-large community fish and are excellent for hobbyists looking for an active, schooling centerpiece.",24–30 degrees celsius,"The Bigspot barb is a sizable and hardy species from the Malay Peninsula, featuring a thick, silvery-tan body dominated by a large, prominent black blotch located just below the dorsal fin. They inhabit forest streams and require an aquarium of at least 40 to 55 gallons with plenty of open swimming space and moderate water flow. Their temperament is active and social, though their larger size?reaching up to 5 inches?means they can be boisterous during feeding times. They are compatible with other medium-to-large community fish and are excellent for hobbyists looking for an active, schooling centerpiece.",6.0 - 7.5,30 – 40 gallons,"10.0-12.0 cm / 3.9-4.7""","Peaceful (Schooling): Active and social; compatible with other medium-sized, active community fish.",https://en.wikipedia.org//wiki/Barbodes_dunckeri
Black ruby barb,Pethia nigrofasciatus,https://upload.wikimedia.org//wikipedia/commons/1/19/Black_Ruby_Barb_700.jpg,"The Black ruby barb is an exquisite species where the front half of the male's body turns a deep, velvety ruby-red during spawning, contrasting sharply with its dark, nearly black vertical bands. They are native to the cool, shaded forest streams of Sri Lanka and require an environment of 20 to 30 gallons with plenty of live plants and dim lighting to show their best colors. Their temperament is peaceful and slightly shy, making them an ideal choice for a quiet community tank. They are highly compatible with other small, peaceful barbs and tetras, and they thrive best in schools of at least six to eight individuals.",24–30 degrees celsius,"The Black ruby barb is an exquisite species where the front half of the male's body turns a deep, velvety ruby-red during spawning, contrasting sharply with its dark, nearly black vertical bands. They are native to the cool, shaded forest streams of Sri Lanka and require an environment of 20 to 30 gallons with plenty of live plants and dim lighting to show their best colors. Their temperament is peaceful and slightly shy, making them an ideal choice for a quiet community tank. They are highly compatible with other small, peaceful barbs and tetras, and they thrive best in schools of at least six to eight individuals.",6.0 - 7.0,30 – 40 gallons,"5.0-6.0 cm / 2.0-2.4""",Peaceful (Schooling): Compatible with most community fish; best kept in groups of six or more.,
Cherry barb,Puntius titteya,https://upload.wikimedia.org//wikipedia/commons/1/1f/Male_Cherry_Barb_700.jpg,"The Cherry barb is a beloved hobby favorite, with males displaying a brilliant, solid cherry-red color while females are a more subtle tan with a dark horizontal line. They originate from the heavily shaded streams of Sri Lanka and require a 15-to-20-gallon tank filled with dense vegetation and driftwood. Their temperament is very peaceful and they are among the least aggressive members of the barb family. They are excellently compatible with almost all community fish, including shrimp and snails, and they look particularly striking when kept in a large group in a well-planted setup.",24–30 degrees celsius,"The Cherry barb is a beloved hobby favorite, with males displaying a brilliant, solid cherry-red color while females are a more subtle tan with a dark horizontal line. They originate from the heavily shaded streams of Sri Lanka and require a 15-to-20-gallon tank filled with dense vegetation and driftwood. Their temperament is very peaceful and they are among the least aggressive members of the barb family. They are excellently compatible with almost all community fish, including shrimp and snails, and they look particularly striking when kept in a large group in a well-planted setup.",6.0 - 8.0,20 – 30 gallons,"4.0-5.0 cm / 1.6-2.0""","Peaceful (Schooling): Docile and colorful; compatible with other small, peaceful community fish.",https://en.wikipedia.org//wiki/Puntius_titteya
Clipper barb,Enteromius callipterus,,"The Clipper barb is a sleek, silver-to-gold African species named for the sharp, dark markings on its dorsal and tail fins that resemble the blades of a clipper. They inhabit the rivers of West and Central Africa and require a 30-gallon environment with plenty of open room for active swimming. Their temperament is peaceful and active, and they are generally very hardy in a variety of water conditions. They are highly compatible with other African river fish or standard community species like danios and tetras.",24–30 degrees celsius,"The Clipper barb is a sleek, silver-to-gold African species named for the sharp, dark markings on its dorsal and tail fins that resemble the blades of a clipper. They inhabit the rivers of West and Central Africa and require a 30-gallon environment with plenty of open room for active swimming. Their temperament is peaceful and active, and they are generally very hardy in a variety of water conditions. They are highly compatible with other African river fish or standard community species like danios and tetras.",6.0 - 7.0,10 – 15 gallons,"8.0-10.0 cm / 3.1-3.9""",Peaceful (Schooling): Very popular for community tanks; compatible with almost any peaceful fish.,https://en.wikipedia.org//wiki/Enteromius_callipterus
Clown barb,Barbodes everetti,https://upload.wikimedia.org//wikipedia/commons/c/ca/Clownbarbe_2.jpg,"The Clown barb is a large, colorful species featuring a golden-pink body adorned with dark, irregular black blotches that give it a playful, ""clown-like"" appearance. They are native to the forest streams of Southeast Asia and require a minimum of 55 gallons due to their active nature and potential size of 4 to 5 inches. Their temperament is generally peaceful but quite boisterous, so they should not be kept with overly timid tank mates. They are compatible with other large barbs, loaches, and medium-sized cichlids.",25–30 degrees celsius,"The Clown barb is a large, colorful species featuring a golden-pink body adorned with dark, irregular black blotches that give it a playful, ""clown-like"" appearance. They are native to the forest streams of Southeast Asia and require a minimum of 55 gallons due to their active nature and potential size of 4 to 5 inches. Their temperament is generally peaceful but quite boisterous, so they should not be kept with overly timid tank mates. They are compatible with other large barbs, loaches, and medium-sized cichlids.",6.0 - 7.0,15 – 20 gallons,"12.0-15.0 cm / 4.7-5.9""",Peaceful (Schooling): Active and social; compatible with other medium-sized barbs and tetras.,https://en.wikipedia.org//wiki/Barbodes_everetti
"Denison's barb, red line torpedo barb",Sahyadria denisonii,https://upload.wikimedia.org//wikipedia/commons/c/c5/Puntius_denisonii_1.jpg,"Known as the ""Miss Kerala,"" this is one of the most stunning barbs, featuring a sleek silver body with a bold black horizontal line topped by a brilliant red stripe that runs through the eye. They are found in the mountain streams of India and require at least 55 to 75 gallons with high oxygen levels and strong water flow. Their temperament is peaceful and schooling, though they are very fast and can be skittish if kept in small groups. They are highly compatible with other high-flow river fish and are often used as a premium centerpiece in large, planted aquariums.",25–30 degrees celsius,"Known as the ""Miss Kerala,"" this is one of the most stunning barbs, featuring a sleek silver body with a bold black horizontal line topped by a brilliant red stripe that runs through the eye. They are found in the mountain streams of India and require at least 55 to 75 gallons with high oxygen levels and strong water flow. Their temperament is peaceful and schooling, though they are very fast and can be skittish if kept in small groups. They are highly compatible with other high-flow river fish and are often used as a premium centerpiece in large, planted aquariums.",6.5 - 7.8,55 – 75 gallons,"10.0-15.0 cm / 3.9-5.9""","Peaceful (Schooling): Grows quite large; compatible with other large, active community fish.",https://en.wikipedia.org//wiki/Sahyadria_denisonii
Gold barb,Barbodes semifasciolatus,https://upload.wikimedia.org//wikipedia/commons/d/d9/Brokat.jpg,"The Gold barb is a bright, cheerful species with a solid neon-yellow or gold body marked by small, irregular black spots. Originally a green-colored fish from China, the gold variety is a stable color mutation that has become a staple in the hobby. They require a 20-to-30-gallon tank and are incredibly hardy and adaptable to various water temperatures. Their temperament is peaceful and social, making them perfect for beginners. They are excellently compatible with most community fish and are known for being very active and curious.",24–28 degrees celsius,"The Gold barb is a bright, cheerful species with a solid neon-yellow or gold body marked by small, irregular black spots. Originally a green-colored fish from China, the gold variety is a stable color mutation that has become a staple in the hobby. They require a 20-to-30-gallon tank and are incredibly hardy and adaptable to various water temperatures. Their temperament is peaceful and social, making them perfect for beginners. They are excellently compatible with most community fish and are known for being very active and curious.",6.0 - 8.0,55 – 75 gallons,"5.0-7.0 cm / 2.0-2.8""",Peaceful (Schooling): Very fast and active; compatible with other high-energy community fish.,https://en.wikipedia.org//wiki/Barbodes_semifasciolatus
Golden barb,Pethia gelius,,"The Pethia gelius, commonly known as the Golden Dwarf Barb or Gelius Barb, is a diminutive and highly social species prized for its metallic, honey-gold body and subtle black markings. Native to the slow-moving, standing waters of India, Bangladesh, and Pakistan, they thrive in a specialized environment of 10 to 15 gallons that mimics a quiet floodplain or marsh. Their look is defined by an almost translucent golden sheen and a series of dark spots and bars along the flanks that shimmer under soft, diffused lighting. Their temperament is exceptionally peaceful and shy, meaning they must be kept in schools of at least eight to ten individuals to feel secure and display their natural behaviors. They are highly compatible with other peaceful nano-fish, such as shrimp, snails, and tiny rasboras, but they should never be housed with larger or more boisterous species that might intimidate them. A notable remark for their care is that they prefer slightly cooler water than many tropical fish and benefit greatly from a heavily planted tank with plenty of fine-leaved vegetation.",22–28 degrees celsius,"The Pethia gelius, commonly known as the Golden Dwarf Barb or Gelius Barb, is a diminutive and highly social species prized for its metallic, honey-gold body and subtle black markings. Native to the slow-moving, standing waters of India, Bangladesh, and Pakistan, they thrive in a specialized environment of 10 to 15 gallons that mimics a quiet floodplain or marsh. Their look is defined by an almost translucent golden sheen and a series of dark spots and bars along the flanks that shimmer under soft, diffused lighting. Their temperament is exceptionally peaceful and shy, meaning they must be kept in schools of at least eight to ten individuals to feel secure and display their natural behaviors. They are highly compatible with other peaceful nano-fish, such as shrimp, snails, and tiny rasboras, but they should never be housed with larger or more boisterous species that might intimidate them. A notable remark for their care is that they prefer slightly cooler water than many tropical fish and benefit greatly from a heavily planted tank with plenty of fine-leaved vegetation.",6.0 - 8.0,15 – 20 gallons,"5.0-7.0 cm / 2.0-2.8""",Peaceful (Schooling): Hardier than most barbs; compatible with a wide range of community tankmates.,https://en.wikipedia.org//wiki/Pethia_gelius
Greenstripe barb,Puntius vittatus,,"The Greenstripe barb is a small, subtle species from South Asia, featuring a pale silver-green body with a distinct, shimmering green horizontal stripe and a dark spot on the tail base. They thrive in 15-to-20-gallon nano-setups with plenty of vegetation. Their temperament is very peaceful and somewhat shy, preferring a quiet environment. They are highly compatible with other tiny species like rasboras and are an excellent choice for a low-energy planted tank.",22–28 degrees celsius,"The Greenstripe barb is a small, subtle species from South Asia, featuring a pale silver-green body with a distinct, shimmering green horizontal stripe and a dark spot on the tail base. They thrive in 15-to-20-gallon nano-setups with plenty of vegetation. Their temperament is very peaceful and somewhat shy, preferring a quiet environment. They are highly compatible with other tiny species like rasboras and are an excellent choice for a low-energy planted tank.",6.0 - 7.5,15 – 20 gallons,"4.0-5.0 cm / 1.6-2.0""",Peaceful (Schooling): Social and easy-going; compatible with most other peaceful community fish.,https://en.wikipedia.org//wiki/Puntius_vittatus
Indian Glass Barb,Laubuka laubuca,,"The Indian Glass barb is a unique, surface-dwelling fish with a translucent body that often shows an iridescent blue or green sheen under proper lighting. They inhabit the upper water column of South Asian rivers and require a 20-to-30-gallon tank with a very secure lid, as they are capable jumpers. Their temperament is peaceful and social, requiring a school to feel safe. They are compatible with mid-water and bottom-dwelling community fish that will not compete for their surface space.",24–28 degrees celsius,"The Indian Glass barb is a unique, surface-dwelling fish with a translucent body that often shows an iridescent blue or green sheen under proper lighting. They inhabit the upper water column of South Asian rivers and require a 20-to-30-gallon tank with a very secure lid, as they are capable jumpers. Their temperament is peaceful and social, requiring a school to feel safe. They are compatible with mid-water and bottom-dwelling community fish that will not compete for their surface space.",6.5 - 7.5,15 – 20 gallons,"6.0-8.0 cm / 2.4-3.1""",Peaceful (Schooling): Active and peaceful; compatible with other medium-sized schooling fish.,
Melon barb,Puntius fasciatus,,"The Melon barb is a beautiful species where males develop a soft, melon-pink to orange flush across their silver body, accented by several dark vertical bands. Native to the hill streams of India, they prefer 30 gallons with plenty of rocks and moderate water flow. Their temperament is peaceful and active, though they are slightly more sensitive to water quality than other barbs. They are compatible with other peaceful schooling fish and show their best colors when kept in a mixed-gender group.",23–28 degrees celsius,"The Melon barb is a beautiful species where males develop a soft, melon-pink to orange flush across their silver body, accented by several dark vertical bands. Native to the hill streams of India, they prefer 30 gallons with plenty of rocks and moderate water flow. Their temperament is peaceful and active, though they are slightly more sensitive to water quality than other barbs. They are compatible with other peaceful schooling fish and show their best colors when kept in a mixed-gender group.",6.0 - 7.5,10 – 15 gallons,"6.0-8.0 cm / 2.4-3.1""","Peaceful (Schooling): Translucent and social; compatible with other peaceful, small community fish.",https://en.wikipedia.org//wiki/Puntius_fasciatus
Odessa barb,Puntius padamya,https://upload.wikimedia.org//wikipedia/commons/b/b2/Puntius_Padamya.jpg,"The Odessa barb is famous for the broad, brilliant red stripe that runs along the middle of the male's silver-gold body, particularly during social displays. They were a mystery in the hobby for years before being officially described from Myanmar. They require a 20-to-30-gallon aquarium and are very active swimmers. Their temperament is peaceful, making them a fantastic addition to a community tank. They are highly compatible with other barbs and tetras and are known for their hardiness.",24–28 degrees celsius,"The Odessa barb is famous for the broad, brilliant red stripe that runs along the middle of the male's silver-gold body, particularly during social displays. They were a mystery in the hobby for years before being officially described from Myanmar. They require a 20-to-30-gallon aquarium and are very active swimmers. Their temperament is peaceful, making them a fantastic addition to a community tank. They are highly compatible with other barbs and tetras and are known for their hardiness.",6.5 - 8.0,20 – 30 gallons,"6.0-8.0 cm / 2.4-3.1""","Peaceful (Schooling): Beautiful and docile; compatible with other calm, peaceful community species.",https://en.wikipedia.org//wiki/Puntius_padamya
Onespot barb,Puntius terio,,"The Onespot barb is a hardy silver fish from the Indian subcontinent, distinguished by a single prominent black spot on the base of its tail and often a subtle rosy-red tint on the gill covers. They reach about 4 to 5 inches and require at least 30 to 40 gallons of space. Their temperament is peaceful but energetic, and they can be boisterous during feeding. They are compatible with other medium-sized community fish and are very easy to care for.",24–28 degrees celsius,"The Onespot barb is a hardy silver fish from the Indian subcontinent, distinguished by a single prominent black spot on the base of its tail and often a subtle rosy-red tint on the gill covers. They reach about 4 to 5 inches and require at least 30 to 40 gallons of space. Their temperament is peaceful but energetic, and they can be boisterous during feeding. They are compatible with other medium-sized community fish and are very easy to care for.",6.0 - 7.5,20 – 30 gallons,"8.0-10.0 cm / 3.1-3.9""",Peaceful (Schooling): Hardy and active; compatible with most other peaceful community tankmates.,https://en.wikipedia.org//wiki/Puntius_terio
Panda barb,Puntius fasciatus,https://upload.wikimedia.org//wikipedia/commons/2/20/Pandabarben.jpg,"The Panda barb is a striking variety featuring several thick, vertical black bands across a cream-to-golden body, resembling the markings of a panda. They require a 30-gallon setup with plenty of plants and swimming room. Their temperament is peaceful and social, and they look best when kept in a school of six or more. They are compatible with other peaceful barbs and are highly active throughout the day.",22–28 degrees celsius,"The Panda barb is a striking variety featuring several thick, vertical black bands across a cream-to-golden body, resembling the markings of a panda. They require a 30-gallon setup with plenty of plants and swimming room. Their temperament is peaceful and social, and they look best when kept in a school of six or more. They are compatible with other peaceful barbs and are highly active throughout the day.",6.0 - 7.5,15 – 20 gallons,"5.0-7.0 cm / 2.0-2.8""",Peaceful (Schooling): Active social fish; compatible with other medium-sized community fish.,https://en.wikipedia.org//wiki/Puntius_fasciatus
Pool barb,Puntius sophore,https://upload.wikimedia.org//wikipedia/commons/6/6e/Puntius_sophore_2.jpg,"The Pool barb is a plain but hardy silver fish with a dark spot on the dorsal fin and tail base, often found in a wide range of habitats across South Asia. They are very adaptable and can thrive in a 20-to-30-gallon tank with basic care. Their temperament is peaceful, and they are a great utility fish for a variety of setups. They are compatible with almost all community fish and are known for their resilience.",24–28 degrees celsius,"The Pool barb is a plain but hardy silver fish with a dark spot on the dorsal fin and tail base, often found in a wide range of habitats across South Asia. They are very adaptable and can thrive in a 20-to-30-gallon tank with basic care. Their temperament is peaceful, and they are a great utility fish for a variety of setups. They are compatible with almost all community fish and are known for their resilience.",6.0 - 7.5,15 – 20 gallons,"8.0-10.0 cm / 3.1-3.9""","Peaceful (Schooling): Striking coloration; compatible with other peaceful, active schooling species.",https://en.wikipedia.org//wiki/Puntius_sophore
Partipentazona barb,Puntigrus partipentazona,https://upload.wikimedia.org//wikipedia/commons/6/6e/Puntius_partipentazona_FOWLER.jpg,"Often confused with the Tiger barb, the Partipentazona barb has five vertical bars on a golden-orange body but is much more peaceful. They inhabit the soft-water forest streams of Southeast Asia and require a 20-gallon tank with plenty of cover. Their temperament is calm and they are not known for fin-nipping. They are highly compatible with peaceful community fish and are a great alternative for those who like the Tiger barb look without the aggression.",24–28 degrees celsius,"Often confused with the Tiger barb, the Partipentazona barb has five vertical bars on a golden-orange body but is much more peaceful. They inhabit the soft-water forest streams of Southeast Asia and require a 20-gallon tank with plenty of cover. Their temperament is calm and they are not known for fin-nipping. They are highly compatible with peaceful community fish and are a great alternative for those who like the Tiger barb look without the aggression.",5.0 - 7.0,15 – 20 gallons,"3.5-4.5 cm / 1.4-1.8""","Peaceful (Schooling): Docile and social; compatible with other small, peaceful community fish.",
Rosy barb,Pethia conchonius,https://upload.wikimedia.org//wikipedia/en/0/0d/Male_Rosy_Barb.gif,"The Rosy barb is one of the most popular and hardy barbs, with males turning a brilliant, metallic copper-red during spawning. They reach about 3 to 4 inches and require a minimum of 30 gallons. Their temperament is peaceful and very active, though they can occasionally nip at long fins if kept in too small a group. They are excellently compatible with other robust community fish and are tolerant of a wide range of water temperatures.",20–25 degrees celsius,"The Rosy barb is one of the most popular and hardy barbs, with males turning a brilliant, metallic copper-red during spawning. They reach about 3 to 4 inches and require a minimum of 30 gallons. Their temperament is peaceful and very active, though they can occasionally nip at long fins if kept in too small a group. They are excellently compatible with other robust community fish and are tolerant of a wide range of water temperatures.",6.5 - 7.5,20 – 30 gallons,"6.0 - 8.0 cm / 2.4 - 3.1""","Peaceful; best kept in groups with other active, medium-sized community fish.",https://en.wikipedia.org//wiki/Pethia_conchonius
Shortfin barb,Barbus brevipinnis,,"This species features a sleek, silvery body with subtle iridescent scales that shimmer under bright lighting. Native to the rivers and streams of South Asia, they are accustomed to moderate water flow and well-oxygenated environments. They require at least 30 gallons and a setup that provides both open swimming space and planted areas for cover. Their temperament is generally peaceful and active, making them highly compatible with other medium-sized community fish like danios or loaches. They are schooling fish by nature and should be kept in groups of six or more to ensure they feel secure and display their best colors.",20–26 degrees celsius,"This species features a sleek, silvery body with subtle iridescent scales that shimmer under bright lighting. Native to the rivers and streams of South Asia, they are accustomed to moderate water flow and well-oxygenated environments. They require at least 30 gallons and a setup that provides both open swimming space and planted areas for cover. Their temperament is generally peaceful and active, making them highly compatible with other medium-sized community fish like danios or loaches. They are schooling fish by nature and should be kept in groups of six or more to ensure they feel secure and display their best colors.",6.0 - 7.5,20 – 30 gallons,"6.0 - 7.0 cm / 2.4 - 2.8""",Peaceful; compatible with most small to medium community tankmates in a schooling environment.,https://en.wikipedia.org//wiki/Barbus_brevipinnis
Snakeskin barb,Desmopuntius rhomboocellatus,https://upload.wikimedia.org//wikipedia/commons/e/e4/Puntius_rhomboocellatus.jpg,"One of the most visually unique barbs, the snakeskin barb is named for the irregular, dark green-to-black blotches on its orange-red body that resemble snakeskin patterns. They originate from the peat swamp forests of Borneo, meaning they thrive in soft, acidic ""blackwater"" environments with low light and plenty of leaf litter. They require a 20-to-30-gallon aquarium and are slightly more sensitive to water quality than other barbs. Their temperament is very peaceful and they are not known for fin-nipping, making them excellent companions for other shy species like chocolate gouramis or small rasboras.",22–26 degrees celsius,"One of the most visually unique barbs, the snakeskin barb is named for the irregular, dark green-to-black blotches on its orange-red body that resemble snakeskin patterns. They originate from the peat swamp forests of Borneo, meaning they thrive in soft, acidic ""blackwater"" environments with low light and plenty of leaf litter. They require a 20-to-30-gallon aquarium and are slightly more sensitive to water quality than other barbs. Their temperament is very peaceful and they are not known for fin-nipping, making them excellent companions for other shy species like chocolate gouramis or small rasboras.",6.0 - 7.0,20 – 30 gallons,"6.0 - 8.0 cm / 2.4 - 3.1""",Peaceful and social; ideal for community tanks with other docile schooling fish.,
"Spottedsail barb, dwarf barb",Pethia phutunio,,"This diminutive species is prized for its metallic, honey-gold body and the fine black speckling that adorns its translucent fins. Native to the quiet floodplains and standing waters of India and Bangladesh, they prefer a calm environment of 15 gallons with dense, fine-leaved vegetation. Their temperament is exceptionally peaceful and shy; they must be kept in large schools of ten or more to prevent stress. They are highly compatible with other nano-species and freshwater shrimp, as they are far too small to pose a threat to even juvenile invertebrates.",23–27 degrees celsius,"This diminutive species is prized for its metallic, honey-gold body and the fine black speckling that adorns its translucent fins. Native to the quiet floodplains and standing waters of India and Bangladesh, they prefer a calm environment of 15 gallons with dense, fine-leaved vegetation. Their temperament is exceptionally peaceful and shy; they must be kept in large schools of ten or more to prevent stress. They are highly compatible with other nano-species and freshwater shrimp, as they are far too small to pose a threat to even juvenile invertebrates.",6.0 - 7.0,10 – 15 gallons,"3.5 - 4.5 cm / 1.4 - 1.8""","Very peaceful; perfect for nano tanks with other small, gentle species.",https://en.wikipedia.org//wiki/Pethia_phutunio
Swamp barb,Puntius chola,https://upload.wikimedia.org//wikipedia/commons/8/8b/Puntius_chola.jpg,"The swamp barb is a hardy, silvery fish characterized by a single prominent black spot on the base of its tail and a subtle reddish tint on its gill covers. As their name suggests, they are often found in stagnant or slow-moving swamps and rice paddies across South Asia, making them very adaptable to different water conditions. They require at least 30 gallons and are very active, energetic swimmers. Their temperament is peaceful but boisterous, particularly during feeding times. They are compatible with other robust community fish and are an excellent choice for hobbyists looking for a low-maintenance, active schooling fish.",22–27 degrees celsius,"The swamp barb is a hardy, silvery fish characterized by a single prominent black spot on the base of its tail and a subtle reddish tint on its gill covers. As their name suggests, they are often found in stagnant or slow-moving swamps and rice paddies across South Asia, making them very adaptable to different water conditions. They require at least 30 gallons and are very active, energetic swimmers. Their temperament is peaceful but boisterous, particularly during feeding times. They are compatible with other robust community fish and are an excellent choice for hobbyists looking for a low-maintenance, active schooling fish.",6.0 - 7.5,15 – 25 gallons,"7.0 - 9.0 cm / 2.8 - 3.5""",Peaceful; compatible with a wide variety of standard community fish.,https://en.wikipedia.org//wiki/Puntius_chola
Ticto barb,Barbus ticto,,"The ticto barb, often confused with the Odessa barb, features a shimmering silver body with two distinct black spots—one above the pectoral fin and one near the tail. Males develop a beautiful ruby-red flush along their flanks during the breeding season. They are native to the high-altitude streams of the Himalayas, which means they prefer slightly cooler water temperatures and high oxygen levels. They require a 30-gallon tank and have a peaceful, social temperament. They are highly compatible with other cool-water species like rosy barbs or zebra danios.",22–28 degrees celsius,"The ticto barb, often confused with the Odessa barb, features a shimmering silver body with two distinct black spots?one above the pectoral fin and one near the tail. Males develop a beautiful ruby-red flush along their flanks during the breeding season. They are native to the high-altitude streams of the Himalayas, which means they prefer slightly cooler water temperatures and high oxygen levels. They require a 30-gallon tank and have a peaceful, social temperament. They are highly compatible with other cool-water species like rosy barbs or zebra danios.",6.0 - 7.5,15 – 20 gallons,"7.0 - 9.0 cm / 2.8 - 3.5""",Peaceful; an active schooling fish that gets along well with other lively community dwellers.,https://en.wikipedia.org//wiki/Barbus_ticto
Tic-tac-toe barb,Puntius stoliczkanus,https://upload.wikimedia.org//wikipedia/commons/2/2c/PuntiusStoliczkanus.jpg,"The Tic-tac-toe barb is a vibrant species from Southeast Asia characterized by a shimmering silver body and two distinct black blotches—one behind the gills and one near the tail—that resemble markers on a game board. Mature males develop a stunning red-to-pink flush on their dorsal fins, making them a beautiful addition to a well-lit aquarium. They inhabit fast-flowing hill streams and require at least 30 gallons with high oxygen levels and moderate water flow to mimic their natural habitat. Their temperament is peaceful and active, and they are highly compatible with other hill-stream species like loaches and danios. Keeping them in a school of at least six is essential to ensure they remain confident and display their most intense colors.",22–26 degrees celsius,"The Tic-tac-toe barb is a vibrant species from Southeast Asia characterized by a shimmering silver body and two distinct black blotches?one behind the gills and one near the tail?that resemble markers on a game board. Mature males develop a stunning red-to-pink flush on their dorsal fins, making them a beautiful addition to a well-lit aquarium. They inhabit fast-flowing hill streams and require at least 30 gallons with high oxygen levels and moderate water flow to mimic their natural habitat. Their temperament is peaceful and active, and they are highly compatible with other hill-stream species like loaches and danios. Keeping them in a school of at least six is essential to ensure they remain confident and display their most intense colors.",6.0 - 7.0,15 – 20 gallons,"5.0 - 6.0 cm / 2.0 - 2.4""","Peaceful; best maintained in a group with other small, non-aggressive barbs or tetras.",https://en.wikipedia.org//wiki/Puntius_stoliczkanus
"Tiger barb, sumatra barb",Puntius tetrazona,https://upload.wikimedia.org//wikipedia/commons/4/44/Tigerbarbe_Puntius_tetrazona.jpg,"Perhaps the most famous barb in the hobby, the tiger barb features a bright orange body with four bold, vertical black stripes and orange-tipped fins. They are native to the flowing rivers of Sumatra and Borneo and require a 30-gallon tank with plenty of room to dart around. Their temperament is semi-aggressive and they are notorious fin-nippers, especially if kept in small groups. To manage this aggression, they must be kept in schools of at least eight to twelve; this keeps their focus on their own social hierarchy rather than their tank mates. They are compatible with other fast-moving, short-finned fish like giant danios or clown loaches.",22–26 degrees celsius,"Perhaps the most famous barb in the hobby, the tiger barb features a bright orange body with four bold, vertical black stripes and orange-tipped fins. They are native to the flowing rivers of Sumatra and Borneo and require a 30-gallon tank with plenty of room to dart around. Their temperament is semi-aggressive and they are notorious fin-nippers, especially if kept in small groups. To manage this aggression, they must be kept in schools of at least eight to twelve; this keeps their focus on their own social hierarchy rather than their tank mates. They are compatible with other fast-moving, short-finned fish like giant danios or clown loaches.",6.0 - 8.0,20 – 30 gallons,"6.0 - 8.0 cm / 2.4 - 3.1""","Semi-aggressive: Known for fin-nipping, so keep in large groups and avoid long-finned tankmates.",https://en.wikipedia.org//wiki/Puntius_tetrazona
"Spanner barb, t-barb",Barbodes lateristriga,https://upload.wikimedia.org//wikipedia/commons/e/e0/Puntius_lateristriga.jpg,"This is a large barb named for the ""T"" or spanner-wrench shape formed by the intersection of its vertical and horizontal black body markings. Originating from the mountain streams of Southeast Asia, they grow quite large (up to 8 inches) and require at least 55 to 75 gallons. Their temperament is generally peaceful but their sheer size and energy can be overwhelming for smaller fish. They are best compatible with other large, robust species. A notable remark for their care is their need for high-quality filtration, as they are messy eaters and produce significant waste.",20–25 degrees celsius,"This is a large barb named for the ""T"" or spanner-wrench shape formed by the intersection of its vertical and horizontal black body markings. Originating from the mountain streams of Southeast Asia, they grow quite large (up to 8 inches) and require at least 55 to 75 gallons. Their temperament is generally peaceful but their sheer size and energy can be overwhelming for smaller fish. They are best compatible with other large, robust species. A notable remark for their care is their need for high-quality filtration, as they are messy eaters and produce significant waste.",6.0 - 7.5,30 – 55 gallons,"10.0 - 15.0 cm / 3.9 - 5.9""",Peaceful but active; best for larger community tanks with robust tankmates.,https://en.wikipedia.org//wiki/Barbodes_lateristriga
"Fiveband barb, pentazona barb",Desmopuntius hexazona,https://upload.wikimedia.org//wikipedia/commons/e/ea/Desmopuntius_hexazona.jpg,"The Fiveband barb is a visually striking species featuring five bold, vertical black bars distributed evenly across its warm, copper-to-orange body. They are native to the calm, slow-moving peat swamp forests of Southeast Asia, where the water is naturally stained with tannins from leaf litter. To thrive in captivity, they require at least a 20-gallon environment with soft, slightly acidic water and plenty of dense vegetation or driftwood to mimic their shaded natural home. Their temperament is remarkably peaceful and social; unlike their more boisterous lookalike, the Tiger barb, they are not known for fin-nipping behaviors. They are highly compatible with other docile community fish, such as small rasboras or gouramis, and must be kept in a school of at least six to eight individuals to ensure they feel secure and maintain their vibrant coloration.",20–26 degrees celsius,"The Fiveband barb is a visually striking species featuring five bold, vertical black bars distributed evenly across its warm, copper-to-orange body. They are native to the calm, slow-moving peat swamp forests of Southeast Asia, where the water is naturally stained with tannins from leaf litter. To thrive in captivity, they require at least a 20-gallon environment with soft, slightly acidic water and plenty of dense vegetation or driftwood to mimic their shaded natural home. Their temperament is remarkably peaceful and social; unlike their more boisterous lookalike, the Tiger barb, they are not known for fin-nipping behaviors. They are highly compatible with other docile community fish, such as small rasboras or gouramis, and must be kept in a school of at least six to eight individuals to ensure they feel secure and maintain their vibrant coloration.",5.0 - 7.0,15 – 20 gallons,"4.0 - 5.5 cm / 1.6 - 2.2""",Peaceful; much shyer than tiger barbs and compatible with very peaceful community fish.,https://en.wikipedia.org//wiki/Desmopuntius_hexazona
Checker barb,Oliotius oligolepis,https://upload.wikimedia.org//wikipedia/commons/7/77/Puntius_oligolepis.jpg,"The Checker barb is a charming, smaller species named for the unique, ""checkered"" pattern created by the dark, heavy edges on its large, iridescent scales. Males are particularly colorful, often displaying a reddish-orange tint on their fins and a more intense metallic sheen, while females remain a more subtle, golden-brown hue. Originating from the island streams of Sumatra, they require an aquarium of at least 20 gallons that provides a balance of open swimming space and planted cover. Their temperament is peaceful and active, making them an excellent choice for a quiet community setup. They are highly compatible with other small, non-aggressive species like tetras and rasboras. To encourage their natural behaviors and social structure, they should always be kept in a group of at least six, as solitary individuals can become shy and stressed.",22–26 degrees celsius,"The Checker barb is a charming, smaller species named for the unique, ""checkered"" pattern created by the dark, heavy edges on its large, iridescent scales. Males are particularly colorful, often displaying a reddish-orange tint on their fins and a more intense metallic sheen, while females remain a more subtle, golden-brown hue. Originating from the island streams of Sumatra, they require an aquarium of at least 20 gallons that provides a balance of open swimming space and planted cover. Their temperament is peaceful and active, making them an excellent choice for a quiet community setup. They are highly compatible with other small, non-aggressive species like tetras and rasboras. To encourage their natural behaviors and social structure, they should always be kept in a group of at least six, as solitary individuals can become shy and stressed.",6.0 - 7.5,15 – 20 gallons,"4.0 - 5.0 cm / 1.6 - 2.0""",Peaceful and docile; thrives in planted tanks with other calm community species.,https://en.wikipedia.org//wiki/Oliotius_oligolepis
Tinfoil barb,Barbonymus schwanenfeldii,https://upload.wikimedia.org//wikipedia/commons/1/18/Tinfoil_barbs_01.jpg,"The Tinfoil barb is a large, high-energy fish named for its shimmering, metallic silver scales that catch the light like tinfoil, accented by vibrant red-to-orange coloration on its dorsal, pectoral, and tail fins. They are native to the large, flowing river systems of Southeast Asia and require a massive aquarium of at least 125 to 150 gallons to accommodate their adult size, which can reach up to 14 inches. Their temperament is generally peaceful, but their sheer size and frenetic, schooling activity can easily stress out smaller or slower-moving tank mates. They are highly compatible with other robust giants like Oscars, large Catfish, or Silver Dollars, provided there is heavy-duty filtration and a very secure lid, as they are powerful jumpers when spooked.",22–26 degrees celsius,"The Tinfoil barb is a large, high-energy fish named for its shimmering, metallic silver scales that catch the light like tinfoil, accented by vibrant red-to-orange coloration on its dorsal, pectoral, and tail fins. They are native to the large, flowing river systems of Southeast Asia and require a massive aquarium of at least 125 to 150 gallons to accommodate their adult size, which can reach up to 14 inches. Their temperament is generally peaceful, but their sheer size and frenetic, schooling activity can easily stress out smaller or slower-moving tank mates. They are highly compatible with other robust giants like Oscars, large Catfish, or Silver Dollars, provided there is heavy-duty filtration and a very secure lid, as they are powerful jumpers when spooked.",6.5 - 7.5,15 – 20 gallons,"25.0 - 35.0 cm / 9.8 - 13.8""","Peaceful but grows very large; compatible only with other large, active fish in massive tanks.",https://en.wikipedia.org//wiki/Barbonymus_schwanenfeldii
Bala shark,Balantiocheilus melanopterus,https://upload.wikimedia.org//wikipedia/commons/9/91/Balantiocheilos_melanopterus.JPG,"Despite its shark-like silhouette and name, the Bala shark is actually a member of the carp family, featuring a sleek, streamlined silver body with high-contrast black edging on its dorsal and tail fins. They originate from the large rivers and lakes of Southeast Asia and are incredibly fast, active swimmers that require a massive tank of at least 125 to 150 gallons for a school. Their temperament is peaceful and social, but they are notorious for being easily spooked by sudden movements outside the tank, which can lead to injury. They are compatible with other large, active fish such as Tinfoil barbs or Giant gouramis, but they should always be kept in groups of five or more to prevent stress and loneliness.",22–26 degrees celsius,"Despite its shark-like silhouette and name, the Bala shark is actually a member of the carp family, featuring a sleek, streamlined silver body with high-contrast black edging on its dorsal and tail fins. They originate from the large rivers and lakes of Southeast Asia and are incredibly fast, active swimmers that require a massive tank of at least 125 to 150 gallons for a school. Their temperament is peaceful and social, but they are notorious for being easily spooked by sudden movements outside the tank, which can lead to injury. They are compatible with other large, active fish such as Tinfoil barbs or Giant gouramis, but they should always be kept in groups of five or more to prevent stress and loneliness.",6.5 - 7.5,75 – 125 gallons,"25.0 - 35.0 cm / 9.8 - 13.8""",Peaceful but very active and large; needs large tankmates that won't be intimidated by its size and speed.,https://en.wikipedia.org//wiki/Balantiocheilus_melanopterus
Black shark,Labeo chrysophekadion,https://upload.wikimedia.org//wikipedia/commons/c/c5/Black_Sharkminnow_%28Labeo_chrysophekadion%29_%288683050709%29.jpg,"The Black shark is a massive, jet-black fish with a sharp dorsal fin and powerful body that can grow to a staggering 24 to 30 inches in length. Native to the deep river channels of Southeast Asia, they require a specialized environment of at least 200+ gallons with very strong filtration. Their temperament is notoriously territorial and highly aggressive as they mature, often viewing the entire bottom of the tank as their personal domain. Compatibility is extremely low; they will often harass or kill any fish that enters their territory, and they are generally best kept as solitary specimens in massive, dedicated systems.",22–26 degrees celsius,"The Black shark is a massive, jet-black fish with a sharp dorsal fin and powerful body that can grow to a staggering 24 to 30 inches in length. Native to the deep river channels of Southeast Asia, they require a specialized environment of at least 200+ gallons with very strong filtration. Their temperament is notoriously territorial and highly aggressive as they mature, often viewing the entire bottom of the tank as their personal domain. Compatibility is extremely low; they will often harass or kill any fish that enters their territory, and they are generally best kept as solitary specimens in massive, dedicated systems.",6.5 - 7.5,125 – 150+ gallons,"40.0 - 60.0 cm / 15.7 - 23.6""",Highly aggressive and territorial: Generally doesn't need a tankmate as it becomes very hostile with age.,https://en.wikipedia.org//wiki/Labeo_chrysophekadion
"Siamese algae eater, fringe barb",Crossocheilus oblongus,https://upload.wikimedia.org//wikipedia/commons/1/17/Crossocheilus_siamensis.jpg,"This is one of the most functional fish in the hobby, prized for its relentless appetite for nuisance algae, including the difficult black brush algae. They feature a sleek, cigar-shaped silver body with a bold black horizontal line that runs from the nose all the way through the fork of the tail. Native to the flowing rivers of Thailand and Malaysia, they require at least 30 to 40 gallons with high water quality and plenty of surfaces like driftwood to graze on. Their temperament is generally peaceful, though they can become territorial with their own kind as they age. They are highly compatible with most community fish, provided they are not housed with large predators that might view them as food.",22–26 degrees celsius,"This is one of the most functional fish in the hobby, prized for its relentless appetite for nuisance algae, including the difficult black brush algae. They feature a sleek, cigar-shaped silver body with a bold black horizontal line that runs from the nose all the way through the fork of the tail. Native to the flowing rivers of Thailand and Malaysia, they require at least 30 to 40 gallons with high water quality and plenty of surfaces like driftwood to graze on. Their temperament is generally peaceful, though they can become territorial with their own kind as they age. They are highly compatible with most community fish, provided they are not housed with large predators that might view them as food.",6.5 - 7.5,150 – 250+ gallons,"12.0 - 15.0 cm / 4.7 - 5.9""",Peaceful and useful; compatible with almost any community fish and great for algae control.,https://en.wikipedia.org//wiki/Crossocheilus_oblongus
Flying fox (fish),Epalzeorhynchos kalopterus,https://upload.wikimedia.org//wikipedia/commons/d/de/Epalzeorhynchos_kalopterus.jpg,"The Flying fox is a visually striking bottom-dweller with a dark brown-to-black back, a gold-toned horizontal stripe, and a bold black line beneath it. They inhabit the fast-flowing mountain streams of Southeast Asia and require a 30-to-40-gallon tank with plenty of caves and driftwood to establish a home base. Their temperament is highly territorial, particularly toward other bottom-dwellers or similar-looking species like the Siamese algae eater. While they do eat some algae, they are mostly kept for their unique appearance and are compatible with mid-water schooling fish that stay out of their bottom territory.",22–26 degrees celsius,"The Flying fox is a visually striking bottom-dweller with a dark brown-to-black back, a gold-toned horizontal stripe, and a bold black line beneath it. They inhabit the fast-flowing mountain streams of Southeast Asia and require a 30-to-40-gallon tank with plenty of caves and driftwood to establish a home base. Their temperament is highly territorial, particularly toward other bottom-dwellers or similar-looking species like the Siamese algae eater. While they do eat some algae, they are mostly kept for their unique appearance and are compatible with mid-water schooling fish that stay out of their bottom territory.",6.0 - 7.5,30 – 40 gallons,"12.0 - 15.0 cm / 4.7 - 5.9""","Semi-aggressive: Can be territorial toward similar-looking species, but peaceful with mid-water fish.",https://en.wikipedia.org//wiki/Epalzeorhynchos_kalopterus
Red-tailed black shark,Epalzeorhynchos bicolor,https://upload.wikimedia.org//wikipedia/commons/5/51/Epalzeorhynchos_bicolor.jpg,"This iconic aquarium fish features a velvety jet-black body and a brilliant, fiery red tail that creates a stunning visual contrast. They are native to the river systems of Thailand and require at least 55 gallons with numerous caves, driftwood, and heavy vegetation to feel secure. Their temperament is highly territorial toward their own kind and any other shark-like fish, often chasing away intruders with great speed. They are compatible with fast-moving mid-water fish like Barbs, Danios, or Tetras that won't compete for their bottom-dwelling caves, but they should generally be the only shark in the tank.",22–26 degrees celsius,"This iconic aquarium fish features a velvety jet-black body and a brilliant, fiery red tail that creates a stunning visual contrast. They are native to the river systems of Thailand and require at least 55 gallons with numerous caves, driftwood, and heavy vegetation to feel secure. Their temperament is highly territorial toward their own kind and any other shark-like fish, often chasing away intruders with great speed. They are compatible with fast-moving mid-water fish like Barbs, Danios, or Tetras that won't compete for their bottom-dwelling caves, but they should generally be the only shark in the tank.",6.5 - 7.5,20 – 30 gallons,"12.0 - 15.0 cm / 4.7 - 5.9""","Aggressive and territorial: Best kept as the only shark in the tank; compatible with fast, robust mid-water fish.",https://en.wikipedia.org//wiki/Epalzeorhynchos_bicolor
Rainbow shark,Epalzeorhynchos frenatum,https://upload.wikimedia.org//wikipedia/commons/b/b1/Fransenlipper.JPG,"Similar to the red-tail, the Rainbow shark has a dark grey or blue-black body, but all of its fins—not just the tail—are a bright reddish-orange. They inhabit the sandy riverbeds of Southeast Asia and require a 55-gallon setup with numerous hiding spots and territorial breaks. Their temperament is territorial and assertive, though they are generally considered slightly less aggressive than the Red-tailed black shark. They are compatible with robust community fish like Giant danios or Rainbowfish, but like their cousins, they should be the only ""shark"" in the aquarium to prevent lethal fighting.",22–26 degrees celsius,"Similar to the red-tail, the Rainbow shark has a dark grey or blue-black body, but all of its fins?not just the tail?are a bright reddish-orange. They inhabit the sandy riverbeds of Southeast Asia and require a 55-gallon setup with numerous hiding spots and territorial breaks. Their temperament is territorial and assertive, though they are generally considered slightly less aggressive than the Red-tailed black shark. They are compatible with robust community fish like Giant danios or Rainbowfish, but like their cousins, they should be the only ""shark"" in the aquarium to prevent lethal fighting.",6.5 - 7.5,55 – 75 gallons,"15.0 - 25.0 cm / 5.9 - 9.8""","Semi-aggressive and territorial: Similar to the red-tailed black shark, it should be the only shark in its territory.",https://en.wikipedia.org//wiki/Epalzeorhynchos_frenatum
"Cambodian log sucker, false Siamese algae eater",Garra cambodgiensis,https://upload.wikimedia.org//wikipedia/commons/8/81/Crossocheilus_siamensis_pl.jpg,"The Cambodian log sucker is an active, bottom-dwelling fish with a specialized mouth designed for rasping algae and biofilm off rocks and wood. They feature a brownish-silver body with a dark horizontal line that, unlike the true Siamese algae eater, typically stops before the tail fin. They inhabit fast-moving rocky streams and require at least 30 gallons with strong water flow and high oxygenation. Their temperament is active and can be somewhat territorial toward other bottom-dwellers, though they are generally peaceful toward mid-water fish. They are highly compatible with other hill-stream species and are excellent for keeping surfaces clean in a river-style setup.",18–22 degrees celsius,"The Cambodian log sucker is an active, bottom-dwelling fish with a specialized mouth designed for rasping algae and biofilm off rocks and wood. They feature a brownish-silver body with a dark horizontal line that, unlike the true Siamese algae eater, typically stops before the tail fin. They inhabit fast-moving rocky streams and require at least 30 gallons with strong water flow and high oxygenation. Their temperament is active and can be somewhat territorial toward other bottom-dwellers, though they are generally peaceful toward mid-water fish. They are highly compatible with other hill-stream species and are excellent for keeping surfaces clean in a river-style setup.",6.0 - 7.5,55 – 75 gallons,"20.0 - 25.0 cm / 7.9 - 9.8""",Semi-aggressive: Can be territorial toward other bottom-dwellers as it matures.,https://en.wikipedia.org//wiki/Garra_cambodgiensis
algae eater,Gyrinocheilus aymonieri,https://upload.wikimedia.org//wikipedia/commons/e/e8/Chinese_algae_eater.jpg,"The Chinese Algae Eater is a very hardy, slender fish often sold in its golden or wild-type mottled-brown form. Despite their name, they are native to Southeast Asia and are excellent algae eaters when young; however, they require at least 55 gallons as they can reach up to 10 inches in length. Their temperament changes significantly as they mature, often becoming aggressive and territorial. They have a notorious habit of trying to latch onto and suck the slime coat off large, flat-bodied fish like Discus or Angelfish, making them poorly compatible with those species. They are best suited for tanks with fast-moving, robust community fish that can stay out of their way.",20–26 degrees celsius,"The Chinese Algae Eater is a very hardy, slender fish often sold in its golden or wild-type mottled-brown form. Despite their name, they are native to Southeast Asia and are excellent algae eaters when young; however, they require at least 55 gallons as they can reach up to 10 inches in length. Their temperament changes significantly as they mature, often becoming aggressive and territorial. They have a notorious habit of trying to latch onto and suck the slime coat off large, flat-bodied fish like Discus or Angelfish, making them poorly compatible with those species. They are best suited for tanks with fast-moving, robust community fish that can stay out of their way.",6.0 - 8.0,30 – 55 gallons,"10.0 - 12.0 cm / 3.9 - 4.7""",Semi-aggressive: Often becomes aggressive and nips at the sides of flat-bodied fish as it grows.,
Espei rasbora,Trigonostigma espei,,"The Espei rasbora, often called the ""Lambchop Rasbora,"" is a vibrant species featuring a shimmering copper-to-orange body adorned with a distinct, black wedge-shaped mark on its side that tapers toward the tail. They are native to the forest streams and peat swamps of Thailand and Cambodia, where they navigate soft, slightly acidic waters typically shaded by dense overhanging vegetation. They require a minimum environment of 15 to 20 gallons and look most impressive in a heavily planted aquarium with dark substrate and floating plants to mimic their natural home. Their temperament is exceptionally peaceful and social, making it essential to keep them in schools of at least eight to ten individuals to ensure they feel secure and display their best colors. They are highly compatible with other peaceful nano-fish like small tetras, shrimp, and dwarf cichlids.",22–26 degrees celsius,"The Espei rasbora, often called the ""Lambchop Rasbora,"" is a vibrant species featuring a shimmering copper-to-orange body adorned with a distinct, black wedge-shaped mark on its side that tapers toward the tail. They are native to the forest streams and peat swamps of Thailand and Cambodia, where they navigate soft, slightly acidic waters typically shaded by dense overhanging vegetation. They require a minimum environment of 15 to 20 gallons and look most impressive in a heavily planted aquarium with dark substrate and floating plants to mimic their natural home. Their temperament is exceptionally peaceful and social, making it essential to keep them in schools of at least eight to ten individuals to ensure they feel secure and display their best colors. They are highly compatible with other peaceful nano-fish like small tetras, shrimp, and dwarf cichlids.",5.5 - 7.2,30 – 55 gallons,"2.5 - 3.0 cm / 1.0 - 1.2""",Peaceful; a perfect schooling fish for nano or planted community tanks.,https://en.wikipedia.org//wiki/Trigonostigma_espei
Harlequin rasbora,Trigonostigma heteromorpha,https://upload.wikimedia.org//wikipedia/commons/6/63/Trigonostigma_heteromorpha1.jpg,"The Harlequin rasbora is a classic aquarium favorite, easily identified by its wider, diamond-shaped copper-pink body and the prominent black triangular patch that covers the rear half of its torso. Native to the peat swamps and forest streams of the Malay Peninsula, Thailand, and Sumatra, they thrive in soft, acidic water conditions. They require a 20-gallon tank with plenty of live plants and open swimming space in the center. Their temperament is remarkably peaceful and social, and they are known for their tight schooling behavior which provides them a sense of security. They are highly compatible with almost all community fish, including Neon tetras and Corydoras, and they should always be kept in schools of eight or more.",22–26 degrees celsius,"The Harlequin rasbora is a classic aquarium favorite, easily identified by its wider, diamond-shaped copper-pink body and the prominent black triangular patch that covers the rear half of its torso. Native to the peat swamps and forest streams of the Malay Peninsula, Thailand, and Sumatra, they thrive in soft, acidic water conditions. They require a 20-gallon tank with plenty of live plants and open swimming space in the center. Their temperament is remarkably peaceful and social, and they are known for their tight schooling behavior which provides them a sense of security. They are highly compatible with almost all community fish, including Neon tetras and Corydoras, and they should always be kept in schools of eight or more.",6.0 - 7.5,10 – 15 gallons,"4.0 - 5.0 cm / 1.6 - 2.0""","Very peaceful; an iconic community fish that thrives with other small, docile species.",https://en.wikipedia.org//wiki/Trigonostigma_heteromorpha
Glowlight rasbora,Trigonostigma hengeli,https://upload.wikimedia.org//wikipedia/commons/c/ce/Trigonostigma_hengeli.jpg,"The Glowlight rasbora is a more slender and translucent relative of the Harlequin, featuring a brilliant, neon-orange ""glow"" line that runs along the top of its small black lateral marking. They inhabit similar blackwater environments in Southeast Asia and thrive in a 15-to-20-gallon setup with stable water parameters and subdued lighting. Their look is subtle but becomes truly striking under specialized aquarium lighting that emphasizes their iridescent orange highlights. Their temperament is peaceful and schooling, and they are highly compatible with other small, non-aggressive species like Dwarf rasboras. A notable remark for their care is that they have relatively small mouths and prefer very small live or frozen foods.",22–26 degrees celsius,"The Glowlight rasbora is a more slender and translucent relative of the Harlequin, featuring a brilliant, neon-orange ""glow"" line that runs along the top of its small black lateral marking. They inhabit similar blackwater environments in Southeast Asia and thrive in a 15-to-20-gallon setup with stable water parameters and subdued lighting. Their look is subtle but becomes truly striking under specialized aquarium lighting that emphasizes their iridescent orange highlights. Their temperament is peaceful and schooling, and they are highly compatible with other small, non-aggressive species like Dwarf rasboras. A notable remark for their care is that they have relatively small mouths and prefer very small live or frozen foods.",6.0 - 7.5,10 – 15 gallons,"3.5 - 4.0 cm / 1.4 - 1.6""","Peaceful and shy; best kept in groups with other very small, calm tankmates.",https://en.wikipedia.org//wiki/Trigonostigma_hengeli
Red-striped rasbora,Trigonopoma pauciperforata,https://upload.wikimedia.org//wikipedia/commons/6/6a/Trigonopoma_pauciperforatum_female.png,"This species is characterized by a sleek, translucent silver body with a bold, glowing red horizontal stripe that runs from the tip of the snout, through the eye, all the way to the tail base. Native to the peat swamp forests of Malaysia and Indonesia, they are highly adapted to soft, acidic water and require a 20-gallon environment with leaf litter and driftwood. Their temperament is shy and peaceful, and they are highly active swimmers that generally occupy the middle and upper levels of the water column. They are compatible with other calm blackwater species but can be easily intimidated by larger or more boisterous tank mates.",20–26 degrees celsius,"This species is characterized by a sleek, translucent silver body with a bold, glowing red horizontal stripe that runs from the tip of the snout, through the eye, all the way to the tail base. Native to the peat swamp forests of Malaysia and Indonesia, they are highly adapted to soft, acidic water and require a 20-gallon environment with leaf litter and driftwood. Their temperament is shy and peaceful, and they are highly active swimmers that generally occupy the middle and upper levels of the water column. They are compatible with other calm blackwater species but can be easily intimidated by larger or more boisterous tank mates.",6.0 - 7.5,10 – 15 gallons,"5.0 - 6.0 cm / 2.0 - 2.4""","Peaceful; active schooling fish that enjoys the company of other lively, non-aggressive species.",https://en.wikipedia.org//wiki/Trigonopoma_pauciperforata
Dwarf rasbora,Boraras maculatus,https://upload.wikimedia.org//wikipedia/commons/d/d7/Boraras_Maculata.jpg,"The Dwarf rasbora is one of the smallest vertebrate species available in the hobby, reaching only about 1 inch in length, with a beautiful red-to-pink body adorned with three distinct dark spots. They are ideal for nano-tanks of 5 to 10 gallons that feature dense live plants, slow water flow, and very stable water conditions. Their temperament is very peaceful but sensitive due to their tiny size; they must be kept in schools of ten or more to thrive and feel safe. They are highly compatible with freshwater shrimp and other micro-fish, but they should never be kept with even moderately sized community fish that might view them as prey.",20–26 degrees celsius,"The Dwarf rasbora is one of the smallest vertebrate species available in the hobby, reaching only about 1 inch in length, with a beautiful red-to-pink body adorned with three distinct dark spots. They are ideal for nano-tanks of 5 to 10 gallons that feature dense live plants, slow water flow, and very stable water conditions. Their temperament is very peaceful but sensitive due to their tiny size; they must be kept in schools of ten or more to thrive and feel safe. They are highly compatible with freshwater shrimp and other micro-fish, but they should never be kept with even moderately sized community fish that might view them as prey.",4.0 - 6.8,10 – 15 gallons,"1.5 - 2.0 cm / 0.6 - 0.8""","Very peaceful; ideal for ""shrimp-safe"" or nano setups with other tiny fish.",https://en.wikipedia.org//wiki/Boraras_maculatus
Eyespot rasbora,Brevibora dorsiocellata,https://upload.wikimedia.org//wikipedia/commons/d/dc/Rasbora_dorsiocellata.jpg,"The Eyespot rasbora is a subtle yet elegant species, featuring a shimmering silver body with a highly distinctive black and white ""eye"" spot located on the dorsal fin. They are native to the forest streams and peat swamps of Southeast Asia and thrive in an environment of 15 to 20 gallons with soft, acidic water. Their look is understated until they are kept in a large group, where their synchronized swimming and flashing dorsal spots become a visual highlight. Their temperament is very peaceful and social, making them highly compatible with other nano-fish and dwarf gouramis.",22–26 degrees celsius,"The Eyespot rasbora is a subtle yet elegant species, featuring a shimmering silver body with a highly distinctive black and white ""eye"" spot located on the dorsal fin. They are native to the forest streams and peat swamps of Southeast Asia and thrive in an environment of 15 to 20 gallons with soft, acidic water. Their look is understated until they are kept in a large group, where their synchronized swimming and flashing dorsal spots become a visual highlight. Their temperament is very peaceful and social, making them highly compatible with other nano-fish and dwarf gouramis.",6.0 - 7.0,5 – 10 gallons,"3.5 - 4.0 cm / 1.4 - 1.6""",Peaceful; a social species that prefers well-planted tanks and calm neighbors.,https://en.wikipedia.org//wiki/Brevibora_dorsiocellata
Brilliant rasbora,Rasbora einthovenii,https://upload.wikimedia.org//wikipedia/commons/0/05/Rasbora_einthovenii.jpg,"The Brilliant rasbora features a sleek, elongated silver body with a bold black horizontal line that runs from the tip of the snout to the tail, often showing an iridescent gold or green sheen above the line. Native to the swampy forest streams of the Malay Peninsula, they require a 20-to-30-gallon tank with plenty of open swimming space and some surface cover. Their temperament is peaceful and active, and they are highly compatible with other medium-sized schooling fish. A notable remark for their care is their preference for well-maintained, clear water with a moderate current.",20–26 degrees celsius,"The Brilliant rasbora features a sleek, elongated silver body with a bold black horizontal line that runs from the tip of the snout to the tail, often showing an iridescent gold or green sheen above the line. Native to the swampy forest streams of the Malay Peninsula, they require a 20-to-30-gallon tank with plenty of open swimming space and some surface cover. Their temperament is peaceful and active, and they are highly compatible with other medium-sized schooling fish. A notable remark for their care is their preference for well-maintained, clear water with a moderate current.",6.0 - 7.5,10 – 15 gallons,"10.0 - 15.0 cm / 3.9 - 5.9""",Peaceful; grows slightly larger than some rasboras and is very active in mid-water.,https://en.wikipedia.org//wiki/Rasbora_einthovenii
Clown rasbora,Rasbora kalochroma,https://upload.wikimedia.org//wikipedia/commons/9/9b/Rasbora_kalochroma.jpg,"The Clown rasbora is one of the larger and more colorful rasboras, displaying a vibrant reddish-orange body with two large, prominent black blotches—one located behind the gill and one in the center of the body. They are found in the blackwater peat swamps of Borneo and Sumatra and require a larger aquarium of 30 to 40 gallons with soft, acidic water and low lighting to display their full color. Their temperament is peaceful but they can be shy, so they must be kept in schools of six or more to feel secure. They are highly compatible with other peaceful blackwater species and are prized for their unique, bold pattern.",20–26 degrees celsius,"The Clown rasbora is one of the larger and more colorful rasboras, displaying a vibrant reddish-orange body with two large, prominent black blotches?one located behind the gill and one in the center of the body. They are found in the blackwater peat swamps of Borneo and Sumatra and require a larger aquarium of 30 to 40 gallons with soft, acidic water and low lighting to display their full color. Their temperament is peaceful but they can be shy, so they must be kept in schools of six or more to feel secure. They are highly compatible with other peaceful blackwater species and are prized for their unique, bold pattern.",4.5 - 6.5,20 – 30 gallons,"10.0 - 15.0 cm / 3.9 - 5.9""",Peaceful but can be shy; needs a school of its own kind to feel secure among other community fish.,https://en.wikipedia.org//wiki/Rasbora_kalochroma
Scissortail rasbora,Rasbora trilineata,https://upload.wikimedia.org//wikipedia/commons/2/26/Rasbora_trilineata.jpg,"The Scissortail rasbora is a streamlined species named for the distinct black and white markings on its deeply forked tail, which it ""snaps"" open and shut while swimming. They are native to the rivers and lakes of Southeast Asia and require a 30-to-40-gallon tank to accommodate their high-speed swimming and potential 5-inch adult length. Their look is mostly silver with a translucent quality that catches the light during their active maneuvers. Their temperament is peaceful and energetic, and they are highly compatible with other robust schooling fish and medium-sized community species.",23–27 degrees celsius,"The Scissortail rasbora is a streamlined species named for the distinct black and white markings on its deeply forked tail, which it ""snaps"" open and shut while swimming. They are native to the rivers and lakes of Southeast Asia and require a 30-to-40-gallon tank to accommodate their high-speed swimming and potential 5-inch adult length. Their look is mostly silver with a translucent quality that catches the light during their active maneuvers. Their temperament is peaceful and energetic, and they are highly compatible with other robust schooling fish and medium-sized community species.",6.0 - 7.5,20 – 30 gallons,"12.0 - 15.0 cm / 4.7 - 5.9""",Peaceful and very active; requires plenty of swimming space and gets along with most community fish.,
Volcano rasbora,Rasbora vulcanus,https://upload.wikimedia.org//wikipedia/commons/a/a1/Rasbora_vulcanus_pair.png,"The Volcano rasbora is a striking and relatively rare species, named for the fiery orange-red glow that develops along its belly and lower fins, especially in dominant males. They are native to the streams of Sumatra and require a 20-to-30-gallon tank with moderate water flow and plenty of plants. Their look is defined by a slender silver body that contrasts sharply with their ""volcanic"" red highlights. Their temperament is peaceful and social, making them highly compatible with other active schooling fish like Danios or other Rasboras.",22–26 degrees celsius,"The Volcano rasbora is a striking and relatively rare species, named for the fiery orange-red glow that develops along its belly and lower fins, especially in dominant males. They are native to the streams of Sumatra and require a 20-to-30-gallon tank with moderate water flow and plenty of plants. Their look is defined by a slender silver body that contrasts sharply with their ""volcanic"" red highlights. Their temperament is peaceful and social, making them highly compatible with other active schooling fish like Danios or other Rasboras.",6.0 - 7.5,20 – 30 gallons,"5.0 - 6.0 cm / 2.0 - 2.4""","Peaceful; an energetic schooling fish compatible with other active, medium-sized species.",
"Blackline rasbora, red-tailed rasbora",Rasbora borapetensis,https://upload.wikimedia.org//wikipedia/commons/2/26/Redtail.JPG,"The Blackline rasbora is a sleek, streamlined species featuring a shimmering silver body with a bold black horizontal stripe highlighted by a brilliant gold line running just above it. As its secondary name suggests, mature individuals often display a soft red-to-pink flush on the base of their tail fin. Native to the slow-moving rivers and ponds of Thailand and Malaysia, they are highly adaptable and thrive in a 20-gallon environment with moderate vegetation. Their temperament is very peaceful and social, making them one of the most reliable schooling fish for community tanks. They are highly compatible with almost all community fish and look especially striking in large groups of eight or more.",22–26 degrees celsius,"The Blackline rasbora is a sleek, streamlined species featuring a shimmering silver body with a bold black horizontal stripe highlighted by a brilliant gold line running just above it. As its secondary name suggests, mature individuals often display a soft red-to-pink flush on the base of their tail fin. Native to the slow-moving rivers and ponds of Thailand and Malaysia, they are highly adaptable and thrive in a 20-gallon environment with moderate vegetation. Their temperament is very peaceful and social, making them one of the most reliable schooling fish for community tanks. They are highly compatible with almost all community fish and look especially striking in large groups of eight or more.",6.0 - 7.5,20 – 30 gallons,"6.0 - 8.0 cm / 2.4 - 3.1""",Peaceful; very hardy and compatible with almost any standard community setup.,https://en.wikipedia.org//wiki/Rasbora_borapetensis
Pearl danio,Danio albolineatus,https://upload.wikimedia.org//wikipedia/commons/0/0d/Danio_albolineatus.jpg,"The Pearl danio is a shimmering species with a translucent, pearlescent body that reflects a spectrum of pink, blue, and gold hues under proper lighting. They inhabit the fast-flowing, oxygen-rich streams of Southeast Asia and require at least 20 gallons with moderate water flow to mimic their natural habitat. Their temperament is peaceful but extremely active; they are constant swimmers that occupy the upper water column. They are highly compatible with other active species like barbs and loaches and are renowned for their hardiness across various water conditions.",22–26 degrees celsius,"The Pearl danio is a shimmering species with a translucent, pearlescent body that reflects a spectrum of pink, blue, and gold hues under proper lighting. They inhabit the fast-flowing, oxygen-rich streams of Southeast Asia and require at least 20 gallons with moderate water flow to mimic their natural habitat. Their temperament is peaceful but extremely active; they are constant swimmers that occupy the upper water column. They are highly compatible with other active species like barbs and loaches and are renowned for their hardiness across various water conditions.",6.5 - 7.5,15 – 20 gallons,"4.0 - 6.0 cm / 1.6 - 2.4""",Peaceful and highly active; great for community tanks with other fast-moving fish.,https://en.wikipedia.org//wiki/Danio_albolineatus
"Bengal danio, Sind danio",Devario devario,,"This is a deeper-bodied, stockier danio featuring a silvery-blue body accented by subtle horizontal gold stripes and a greenish sheen along the back. Native to the diverse river systems and floodplains of India, Pakistan, and Nepal, they are robust fish that require at least 30 gallons of space. Their temperament is peaceful and social, though their larger size—reaching up to 4 inches—makes them quite boisterous during feeding times. They are highly compatible with other medium-sized community fish and appreciate a tank with plenty of open room for swimming.",22–26 degrees celsius,"This is a deeper-bodied, stockier danio featuring a silvery-blue body accented by subtle horizontal gold stripes and a greenish sheen along the back. Native to the diverse river systems and floodplains of India, Pakistan, and Nepal, they are robust fish that require at least 30 gallons of space. Their temperament is peaceful and social, though their larger size?reaching up to 4 inches?makes them quite boisterous during feeding times. They are highly compatible with other medium-sized community fish and appreciate a tank with plenty of open room for swimming.",6.5 - 7.5,10 – 15 gallons,"6.0 - 8.0 cm / 2.4 - 3.1""",Peaceful; an energetic surface-dweller compatible with most non-aggressive fish.,https://en.wikipedia.org//wiki/Devario_devario
Giant danio,Devario aequipinnatus,https://upload.wikimedia.org//wikipedia/commons/8/81/Devario_aequipinnatus.JPG,"The Giant danio is a powerful and attractive species, reaching up to 4 inches in length and featuring a shimmering silver-blue body with intricate gold horizontal bars and spots. They inhabit fast-moving hill streams in South Asia and require a large, elongated aquarium of at least 55 gallons to accommodate their high-speed swimming. Their temperament is peaceful but very energetic, often serving as excellent ""dither fish"" to help shy cichlids feel more comfortable. They are compatible with other large, active fish and are prized for adding constant movement to the upper levels of large display tanks.",24–28 degrees celsius,"The Giant danio is a powerful and attractive species, reaching up to 4 inches in length and featuring a shimmering silver-blue body with intricate gold horizontal bars and spots. They inhabit fast-moving hill streams in South Asia and require a large, elongated aquarium of at least 55 gallons to accommodate their high-speed swimming. Their temperament is peaceful but very energetic, often serving as excellent ""dither fish"" to help shy cichlids feel more comfortable. They are compatible with other large, active fish and are prized for adding constant movement to the upper levels of large display tanks.",6.0 - 8.0,15 – 20 gallons,"8.0 - 12.0 cm / 3.1 - 4.7""","Peaceful but very boisterous; best kept with other large, active fish that won't be stressed by its energy.",https://en.wikipedia.org//wiki/Devario_aequipinnatus
Malabar danio,Devario malabaricus,https://upload.wikimedia.org//wikipedia/commons/1/1c/Danio_sp.jpg,"Closely related to the Giant danio, the Malabar danio features a similar blue and gold patterned body but is often recognized by its more uniform horizontal stripes. They originate from the flowing waters of the Western Ghats in India and require a minimum of 30 to 40 gallons with high oxygen levels. Their temperament is peaceful and schooling, preferring to live in groups of six or more to reduce stress. They are highly compatible with other robust schooling fish and medium-sized cichlids.",22–26 degrees celsius,"Closely related to the Giant danio, the Malabar danio features a similar blue and gold patterned body but is often recognized by its more uniform horizontal stripes. They originate from the flowing waters of the Western Ghats in India and require a minimum of 30 to 40 gallons with high oxygen levels. Their temperament is peaceful and schooling, preferring to live in groups of six or more to reduce stress. They are highly compatible with other robust schooling fish and medium-sized cichlids.",6.0 - 8.0,30 – 40 gallons,"10.0 - 15.0 cm / 3.9 - 5.9""","Peaceful and active; similar to giant danios, they need space and robust tankmates.",https://en.wikipedia.org//wiki/Devario_malabaricus
Queen danio,Devario regina,,"The Queen danio is a sleek and elegant species, sporting a silver body with deep blue horizontal stripes and a yellowish-gold tint on the fins. Native to the river basins of Thailand and the Malay Peninsula, they thrive in a 30-to-40-gallon setup with strong water flow and clear water. Their temperament is peaceful and active, and they are known for being very fast swimmers that rarely rest. They are highly compatible with other river-dwelling species and require a school to feel secure.",22–26 degrees celsius,"The Queen danio is a sleek and elegant species, sporting a silver body with deep blue horizontal stripes and a yellowish-gold tint on the fins. Native to the river basins of Thailand and the Malay Peninsula, they thrive in a 30-to-40-gallon setup with strong water flow and clear water. Their temperament is peaceful and active, and they are known for being very fast swimmers that rarely rest. They are highly compatible with other river-dwelling species and require a school to feel secure.",6.5 - 7.5,30 – 40 gallons,"8.0 - 10.0 cm / 3.1 - 3.9""",Peaceful; a larger danio species that is social and works well in medium-to-large community tanks.,https://en.wikipedia.org//wiki/Devario_regina
Spotted danio,Danio nigrofasciatus,https://upload.wikimedia.org//wikipedia/commons/7/7e/Danio_nigrofasciatus.jpg,"The Spotted danio is a smaller, more delicate-looking species featuring several rows of dark, navy-blue spots along its lower body rather than the solid stripes found in its relatives. Native to Myanmar, they require a 15-to-20-gallon tank with plenty of plant cover to mimic their natural forest stream environments. Their temperament is peaceful and social, and they are generally less frenetic than the common Zebra danio. They are highly compatible with other small, peaceful community fish like Rasboras or Tetras.",24–28 degrees celsius,"The Spotted danio is a smaller, more delicate-looking species featuring several rows of dark, navy-blue spots along its lower body rather than the solid stripes found in its relatives. Native to Myanmar, they require a 15-to-20-gallon tank with plenty of plant cover to mimic their natural forest stream environments. Their temperament is peaceful and social, and they are generally less frenetic than the common Zebra danio. They are highly compatible with other small, peaceful community fish like Rasboras or Tetras.",6.5 - 7.5,30 – 40 gallons,"3.0 - 4.0 cm / 1.2 - 1.6""","Peaceful; a smaller danio that is perfect for community tanks with other small, active species.",https://en.wikipedia.org//wiki/Danio_nigrofasciatus
Turquoise danio,Danio kerri,https://upload.wikimedia.org//wikipedia/commons/e/e5/Danio_kerri.jpg,"The Turquoise danio is a visually stunning species with a deep blue-to-turquoise body accented by two thin, golden horizontal lines. Found in the shaded island streams of Thailand, they prefer a 20-gallon environment with soft water and plenty of vegetation. Their temperament is peaceful and active, though they tend to be a bit more relaxed than other danio species. They are highly compatible with other peaceful community fish and look best when housed with plants that contrast their blue color.",24–28 degrees celsius,"The Turquoise danio is a visually stunning species with a deep blue-to-turquoise body accented by two thin, golden horizontal lines. Found in the shaded island streams of Thailand, they prefer a 20-gallon environment with soft water and plenty of vegetation. Their temperament is peaceful and active, though they tend to be a bit more relaxed than other danio species. They are highly compatible with other peaceful community fish and look best when housed with plants that contrast their blue color.",6.5 - 7.5,15 – 20 gallons,"4.0 - 5.0 cm / 1.6 - 2.0""","Peaceful; an active, colorful schooling fish that gets along with most community dwellers.",https://en.wikipedia.org//wiki/Danio_kerri
Zebra danio,Danio rerio,https://upload.wikimedia.org//wikipedia/commons/a/ac/Zebrafisch.jpg,"The Zebra danio is a staple of the aquarium hobby, famous for its sleek silver-gold body and bold horizontal navy-blue stripes that run from the gills to the tip of the tail. They are native to the diverse waters of South Asia and are incredibly hardy, making them perfect for beginners. They require at least 20 gallons of space to accommodate their constant, high-energy swimming. Their temperament is peaceful but very active, and they are highly compatible with almost all community fish.",22–26 degrees celsius,"The Zebra danio is a staple of the aquarium hobby, famous for its sleek silver-gold body and bold horizontal navy-blue stripes that run from the gills to the tip of the tail. They are native to the diverse waters of South Asia and are incredibly hardy, making them perfect for beginners. They require at least 20 gallons of space to accommodate their constant, high-energy swimming. Their temperament is peaceful but very active, and they are highly compatible with almost all community fish.",6.5 - 7.5,15 – 20 gallons,"4.0 - 5.0 cm / 1.6 - 2.0""",Very peaceful and hardy; an ideal beginner fish compatible with almost all temperate and tropical community fish.,https://en.wikipedia.org//wiki/Danio_rerio
Goldfish,Carassius auratus,https://upload.wikimedia.org//wikipedia/commons/e/e9/Goldfish3.jpg,"The Goldfish is one of the most recognizable and varied species in the hobby, ranging from streamlined ""Comets"" to ornate ""Fancy"" varieties like Orandas and Ranchus. Originally domesticated in ancient China, they are incredibly hardy but require much more space than commonly believed; streamlined varieties need at least 55 to 75 gallons, while fancy types need 20 to 30 gallons for the first fish. Their temperament is very peaceful and social, though they are ""grazers"" that will eat live plants and sift through substrate constantly. They are highly compatible with other goldfish of similar swimming speeds, but a key remark is that they produce significant waste, necessitating heavy-duty filtration and frequent water changes.",24–28 degrees celsius,"The Goldfish is one of the most recognizable and varied species in the hobby, ranging from streamlined ""Comets"" to ornate ""Fancy"" varieties like Orandas and Ranchus. Originally domesticated in ancient China, they are incredibly hardy but require much more space than commonly believed; streamlined varieties need at least 55 to 75 gallons, while fancy types need 20 to 30 gallons for the first fish. Their temperament is very peaceful and social, though they are ""grazers"" that will eat live plants and sift through substrate constantly. They are highly compatible with other goldfish of similar swimming speeds, but a key remark is that they produce significant waste, necessitating heavy-duty filtration and frequent water changes.",7.0 - 8.0,10 – 15 gallons,"15.0 - 30.0 cm / 5.9 - 11.8""","Peaceful but messy; best kept in species-only tanks or with other temperate, slow-moving fish.",https://en.wikipedia.org//wiki/Carassius_auratus
"Koi, common carp",Cyprinus carpio,https://upload.wikimedia.org//wikipedia/commons/1/10/Ojiya_Nishikigoi_no_Sato_ac_%283%29.jpg,"Koi are large, long-lived, and highly intelligent fish prized for their intricate color patterns including red, white, yellow, and black. Because they can easily grow to 24 or 36 inches in length, they are generally not suitable for standard indoor aquariums and require large outdoor ponds of at least 1,000 gallons. Their temperament is docile and they can even be trained to eat from their owner's hand. They are highly compatible with other large pond fish but will consume almost any plant life in their environment.",22–26 degrees celsius,"Koi are large, long-lived, and highly intelligent fish prized for their intricate color patterns including red, white, yellow, and black. Because they can easily grow to 24 or 36 inches in length, they are generally not suitable for standard indoor aquariums and require large outdoor ponds of at least 1,000 gallons. Their temperament is docile and they can even be trained to eat from their owner's hand. They are highly compatible with other large pond fish but will consume almost any plant life in their environment.",7.0 - 8.5,30 – 75+ gallons,"30.0 - 90.0 cm / 11.8 - 35.4""",Peaceful but grows massive; strictly for ponds and not compatible with standard indoor aquarium fish.,https://en.wikipedia.org//wiki/Cyprinus_carpio
Bitterling,Rhodeus amarus,https://upload.wikimedia.org//wikipedia/commons/f/fd/Rhodeus_amarus_2008_G1.jpg,"The Bitterling is a small, silver European fish with a unique reproductive cycle; they lay their eggs inside living freshwater mussels. They inhabit slow-moving or still waters and require a 20-gallon tank that must include live mussels if the hobbyist intends to breed them. Their temperament is peaceful and schooling, preferring to live in groups of six or more. They are highly compatible with other cool-water species like minnows and small dace.",22–26 degrees celsius,"The Bitterling is a small, silver European fish with a unique reproductive cycle; they lay their eggs inside living freshwater mussels. They inhabit slow-moving or still waters and require a 20-gallon tank that must include live mussels if the hobbyist intends to breed them. Their temperament is peaceful and schooling, preferring to live in groups of six or more. They are highly compatible with other cool-water species like minnows and small dace.",7.0 - 8.0,"500 – 1,000+ gallons","6.0 - 10.0 cm / 2.4 - 3.9""",Peaceful; has a unique relationship with freshwater mussels and gets along well with other cool-water fish.,https://en.wikipedia.org//wiki/Rhodeus_amarus
White Cloud Mountain minnow,Tanichthys albonubes,https://upload.wikimedia.org//wikipedia/commons/c/c8/White_Cloud_Mountain_Minnow_1.jpg,"Often called the ""Poor Man's Neon Tetra,"" these minnows feature a shimmering silver-bronze body with a glowing red stripe and red-tipped fins. They are native to the cool mountain streams of China and thrive in temperatures as low as 60°F, making them perfect for unheated ""nano"" tanks of 10 to 15 gallons. Their temperament is exceptionally peaceful and they are very active schoolers. They are highly compatible with other small coldwater fish and freshwater shrimp.",22–26 degrees celsius,"Often called the ""Poor Man's Neon Tetra,"" these minnows feature a shimmering silver-bronze body with a glowing red stripe and red-tipped fins. They are native to the cool mountain streams of China and thrive in temperatures as low as 60?F, making them perfect for unheated ""nano"" tanks of 10 to 15 gallons. Their temperament is exceptionally peaceful and they are very active schoolers. They are highly compatible with other small coldwater fish and freshwater shrimp.",6.0 - 8.0,15 – 20 gallons,"3.5 - 4.5 cm / 1.4 - 1.8""","Very peaceful; a hardy, cool-water schooling fish perfect for unheated community tanks.",https://en.wikipedia.org//wiki/Tanichthys_albonubes
Red shiner,Cyprinella lutrensis,https://upload.wikimedia.org//wikipedia/commons/e/e8/Red_shiner.JPG,"The Red shiner is a hardy North American native, with males developing brilliant steel-blue bodies and fiery red fins during the spawning season. They inhabit a wide range of waters from clear streams to turbid rivers and require at least 20 to 30 gallons with plenty of swimming room. Their temperament is active and social, though they can be somewhat ""nippy"" if kept in groups that are too small. They are highly compatible with other robust, cool-water native fish.",22–26 degrees celsius,"The Red shiner is a hardy North American native, with males developing brilliant steel-blue bodies and fiery red fins during the spawning season. They inhabit a wide range of waters from clear streams to turbid rivers and require at least 20 to 30 gallons with plenty of swimming room. Their temperament is active and social, though they can be somewhat ""nippy"" if kept in groups that are too small. They are highly compatible with other robust, cool-water native fish.",7.0 - 8.0,10 – 15 gallons,"6.0 - 8.0 cm / 2.4 - 3.1""",Peaceful and active; a vibrant cool-water fish that is compatible with other energetic temperate species.,https://en.wikipedia.org//wiki/Cyprinella_lutrensis
Common dace,Leuciscus leuciscus,https://upload.wikimedia.org//wikipedia/commons/f/f1/Leuciscus_leuciscus.jpg,"The Common dace is a sleek, silver-scaled fish with a streamlined body built for speed in flowing river currents. Native to Europe and Northern Asia, they require a large, elongated tank of at least 55 to 75 gallons with strong water flow and high oxygen levels. Their temperament is peaceful and they are dedicated schoolers. They are compatible with other river-dwelling species like barbel or larger minnows.",22–26 degrees celsius,"The Common dace is a sleek, silver-scaled fish with a streamlined body built for speed in flowing river currents. Native to Europe and Northern Asia, they require a large, elongated tank of at least 55 to 75 gallons with strong water flow and high oxygen levels. Their temperament is peaceful and they are dedicated schoolers. They are compatible with other river-dwelling species like barbel or larger minnows.",7.0 - 8.0,20 – 30 gallons,"20.0 - 30.0 cm / 7.9 - 11.8""","Peaceful; an active, cool-water river fish that needs plenty of oxygen and space.",https://en.wikipedia.org//wiki/Leuciscus_leuciscus
"Rosy red minnow, fathead minnow",Pimephales promelas,https://upload.wikimedia.org//wikipedia/commons/9/92/Rosy_Red_Minnows_fullsize.jpg,"The Rosy red minnow is a light-colored, peach-to-pink color morph of the wild Fathead minnow, featuring a stout body and a blunt, rounded snout. Often sold as feeder fish, they are incredibly resilient and can adapt to a vast range of water conditions, from stagnant ponds to well-maintained aquariums. They require at least 10 to 15 gallons and prefer cool-to-temperate water. Their temperament is peaceful and highly social, though they are very active and appreciate plenty of swimming room. They are compatible with almost all non-predatory community fish and are known for their unique breeding behavior where the male guards the eggs in a small ""cave"" or under a leaf.",22–26 degrees celsius,"The Rosy red minnow is a light-colored, peach-to-pink color morph of the wild Fathead minnow, featuring a stout body and a blunt, rounded snout. Often sold as feeder fish, they are incredibly resilient and can adapt to a vast range of water conditions, from stagnant ponds to well-maintained aquariums. They require at least 10 to 15 gallons and prefer cool-to-temperate water. Their temperament is peaceful and highly social, though they are very active and appreciate plenty of swimming room. They are compatible with almost all non-predatory community fish and are known for their unique breeding behavior where the male guards the eggs in a small ""cave"" or under a leaf.",7.0 - 8.0,30 – 55 gallons,"6.0 - 10.0 cm / 2.4 - 3.9""","Peaceful and very hardy; often used as dither fish for larger, non-predatory species.",https://en.wikipedia.org//wiki/Pimephales_promelas
Rainbow shiner,Notropis chrosomus,https://upload.wikimedia.org//wikipedia/commons/a/a7/Rainbow_Shiner.jpg,"One of the most spectacular North American natives, the Rainbow shiner features a translucent body that erupts into a shimmering display of iridescent blue, pink, and gold during the spawning season. They inhabit clear, rocky streams in the Southeastern United States and require a 20-to-30-gallon tank with high oxygen levels and strong water flow. Their temperament is peaceful and they are exceptionally tight schoolers, moving with synchronized precision. They are highly compatible with other cool-water species and look their best when kept in groups of eight or more under bright, full-spectrum lighting to highlight their metallic sheen.",22–26 degrees celsius,"One of the most spectacular North American natives, the Rainbow shiner features a translucent body that erupts into a shimmering display of iridescent blue, pink, and gold during the spawning season. They inhabit clear, rocky streams in the Southeastern United States and require a 20-to-30-gallon tank with high oxygen levels and strong water flow. Their temperament is peaceful and they are exceptionally tight schoolers, moving with synchronized precision. They are highly compatible with other cool-water species and look their best when kept in groups of eight or more under bright, full-spectrum lighting to highlight their metallic sheen.",6.5 - 7.5,15 – 20 gallons,"6.0 - 8.0 cm / 2.4 - 3.1""","Peaceful; a stunning cool-water fish that thrives in groups with other active, temperate tankmates.",https://en.wikipedia.org//wiki/Notropis_chrosomus
European minnow,Phoxinus phoxinus,https://upload.wikimedia.org//wikipedia/commons/4/41/Phoxinus.jpg,"The European minnow is a small, slender fish with a golden-green back and a series of dark vertical bars along its flanks. Found throughout the cool, clean rivers and lakes of Europe, they are highly sensitive to pollution and require well-filtered, oxygen-rich water in an aquarium of at least 20 gallons. Their temperament is peaceful and shy, and they rely heavily on the safety of a school to feel comfortable. They are compatible with other temperate species like the Bitterling or Stone loach and are excellent for hobbyists interested in native ""coldwater"" biotopes.",22–26 degrees celsius,"The European minnow is a small, slender fish with a golden-green back and a series of dark vertical bars along its flanks. Found throughout the cool, clean rivers and lakes of Europe, they are highly sensitive to pollution and require well-filtered, oxygen-rich water in an aquarium of at least 20 gallons. Their temperament is peaceful and shy, and they rely heavily on the safety of a school to feel comfortable. They are compatible with other temperate species like the Bitterling or Stone loach and are excellent for hobbyists interested in native ""coldwater"" biotopes.",7.0 - 8.0,15 – 20 gallons,"8.0 - 12.0 cm / 3.1 - 4.7""","Peaceful; a social, cool-water species that gets along well with other small, native fish.",https://en.wikipedia.org//wiki/Phoxinus_phoxinus
Southern redbelly dace,Phoxinus erythrogaster,https://upload.wikimedia.org//wikipedia/commons/0/02/Phoxinus_erythrogaster.jpg,"This striking native species features two bold black horizontal stripes separated by a shimmering gold line, with males developing a brilliant, fiery red belly during the breeding months. They originate from the clear, spring-fed streams of North America and require a 20-gallon setup with cool water and plenty of aeration. Their temperament is peaceful and active, and they are known for their constant motion and playful interactions within their school. They are highly compatible with other small, active native fish and are prized for bringing ""tropical"" levels of color to unheated aquariums.",22–26 degrees celsius,"This striking native species features two bold black horizontal stripes separated by a shimmering gold line, with males developing a brilliant, fiery red belly during the breeding months. They originate from the clear, spring-fed streams of North America and require a 20-gallon setup with cool water and plenty of aeration. Their temperament is peaceful and active, and they are known for their constant motion and playful interactions within their school. They are highly compatible with other small, active native fish and are prized for bringing ""tropical"" levels of color to unheated aquariums.",7.0 - 7.5,15 – 20 gallons,"6.0 - 8.0 cm / 2.4 - 3.1""",Peaceful and colorful; an excellent choice for a temperate community tank.,https://en.wikipedia.org//wiki/Phoxinus_erythrogaster
Tench,Tinca tinca,https://upload.wikimedia.org//wikipedia/commons/f/fb/Tinca_tinca_Prague_Vltava_2.jpg,"Often called the ""Doctor Fish"" due to a myth that their slime coat can heal other fish, the Tench is a thick-bodied, olive-green cyprinid with very small scales and a pair of tiny barbels. They are native to slow-moving rivers and weed-heavy lakes across Eurasia and can grow quite large, reaching 15 to 20 inches, which necessitates an outdoor pond or a massive indoor tank of 150+ gallons. Their temperament is incredibly docile and slow-moving, often spending their time sifting through the substrate for food. They are compatible with Goldfish and Koi and are known for their extreme hardiness in low-oxygen environments.",22–26 degrees celsius,"Often called the ""Doctor Fish"" due to a myth that their slime coat can heal other fish, the Tench is a thick-bodied, olive-green cyprinid with very small scales and a pair of tiny barbels. They are native to slow-moving rivers and weed-heavy lakes across Eurasia and can grow quite large, reaching 15 to 20 inches, which necessitates an outdoor pond or a massive indoor tank of 150+ gallons. Their temperament is incredibly docile and slow-moving, often spending their time sifting through the substrate for food. They are compatible with Goldfish and Koi and are known for their extreme hardiness in low-oxygen environments.",6.5 - 8.0,15 – 20 gallons,"35.0 - 45.0 cm / 13.8 - 17.7""",Peaceful but grows large; a slow-moving bottom dweller best suited for large ponds or very large cold-water tanks.,https://en.wikipedia.org//wiki/Tinca_tinca
Golden orfe,Leuciscus idus,https://upload.wikimedia.org//wikipedia/commons/c/cd/LeuciscusIdusWindeIde56cm_21-4-2009_16-46-58.JPG,"The Golden orfe is a sleek, carrot-orange pond fish built for speed, with a streamlined body and a deeply forked tail. They are a surface-dwelling species from Europe that can reach up to 20 inches in length, requiring a large pond with significant open swimming space rather than a standard aquarium. Their temperament is peaceful but they are predatory toward very small insects or fry. They are highly compatible with Koi and are valued by pond keepers because they stay near the surface, providing high visibility and helping to control mosquito larvae.",22–26 degrees celsius,"The Golden orfe is a sleek, carrot-orange pond fish built for speed, with a streamlined body and a deeply forked tail. They are a surface-dwelling species from Europe that can reach up to 20 inches in length, requiring a large pond with significant open swimming space rather than a standard aquarium. Their temperament is peaceful but they are predatory toward very small insects or fry. They are highly compatible with Koi and are valued by pond keepers because they stay near the surface, providing high visibility and helping to control mosquito larvae.",6.5 - 8.0,200 – 500+ gallons,"30.0 - 50.0 cm / 11.8 - 19.7""","Peaceful and active; best kept in groups in large cool-water tanks or ponds with other active, temperate fish.",https://en.wikipedia.org//wiki/Leuciscus_idus
Chinese high fin banded shark,Myxocyprinus asiaticus,https://upload.wikimedia.org//wikipedia/commons/b/b4/Myxocyprinus_asiaticus_by_OpenCage.jpg,"Despite the name, this is not a shark but a unique catostomid with a high, sail-like dorsal fin and bold, vertical brown-and-cream bands. As juveniles, they look stunning in large aquariums, but they eventually grow into massive, 3-foot-long grey giants, requiring a pond or a massive 300+ gallon system as they mature. Their temperament is peaceful and they are slow-moving scavengers that graze on algae and small invertebrates. They are compatible with other large, peaceful coldwater fish but are often misunderstood in the hobby due to their extreme eventual size.",22–26 degrees celsius,"Despite the name, this is not a shark but a unique catostomid with a high, sail-like dorsal fin and bold, vertical brown-and-cream bands. As juveniles, they look stunning in large aquariums, but they eventually grow into massive, 3-foot-long grey giants, requiring a pond or a massive 300+ gallon system as they mature. Their temperament is peaceful and they are slow-moving scavengers that graze on algae and small invertebrates. They are compatible with other large, peaceful coldwater fish but are often misunderstood in the hobby due to their extreme eventual size.",7.0 - 8.0,180 – 300+ gallons,"60.0 - 100.0 cm / 23.6 - 39.4""","Peaceful but grows very large; compatible with other large, cool-water species that won't compete for algae.",https://en.wikipedia.org//wiki/Myxocyprinus_asiaticus
Saddle-back Loach,Homaloptera orthogoniata ,,"This ""hillstream"" type loach features a flattened underside and a specialized body shape designed to cling to rocks in torrential currents. They display a beautiful pattern of dark, saddle-like blotches across a tan or reddish-brown body. They require a specialized ""river manifold"" setup with very high flow and high oxygenation in a tank of at least 20 to 30 gallons. Their temperament is peaceful but territorial toward other hillstream loaches, often engaging in harmless ""sparring"" over the best grazing spots. They are compatible with other high-flow species like Danios or White Cloud Mountain Minnows.",22–26 degrees celsius,"This ""hillstream"" type loach features a flattened underside and a specialized body shape designed to cling to rocks in torrential currents. They display a beautiful pattern of dark, saddle-like blotches across a tan or reddish-brown body. They require a specialized ""river manifold"" setup with very high flow and high oxygenation in a tank of at least 20 to 30 gallons. Their temperament is peaceful but territorial toward other hillstream loaches, often engaging in harmless ""sparring"" over the best grazing spots. They are compatible with other high-flow species like Danios or White Cloud Mountain Minnows.",6.5 - 7.5,20 – 30 gallons,"6.0 - 8.0 cm / 2.4 - 3.1""",Semi-aggressive and territorial; best kept in groups of its own kind or with other robust bottom-dwellers.,
Fork-tailed loach,Vaillantella maassi,,"The Fork-tailed loach is an exceptionally long, eel-like species with a unique, deeply forked caudal fin and a subtle, reddish-brown coloration. Native to the forest streams of Southeast Asia, they are secretive bottom-dwellers that require a 30-to-40-gallon tank with soft substrate and numerous hiding spots among roots and rocks. Their temperament is peaceful but very shy; they are often nocturnal and may only be seen during feeding times. They are compatible with other peaceful, mid-water community fish and require high water quality to thrive.",22–26 degrees celsius,"The Fork-tailed loach is an exceptionally long, eel-like species with a unique, deeply forked caudal fin and a subtle, reddish-brown coloration. Native to the forest streams of Southeast Asia, they are secretive bottom-dwellers that require a 30-to-40-gallon tank with soft substrate and numerous hiding spots among roots and rocks. Their temperament is peaceful but very shy; they are often nocturnal and may only be seen during feeding times. They are compatible with other peaceful, mid-water community fish and require high water quality to thrive.",6.0 - 7.5,30 – 55 gallons,"8.0 - 10.0 cm / 3.1 - 3.9""","Peaceful but can be shy; compatible with other active, cool-water schooling fish.",
Horseface loach,Acantopsis dialuzona,https://upload.wikimedia.org//wikipedia/commons/4/49/Acantopsis_choirorhynchos.JPG,"Named for its long, elongated snout and horse-like profile, this loach is a master of camouflage that spends much of its time buried in the sand with only its eyes visible. They are native to the rivers of Southeast Asia and must have a soft, sandy substrate in an aquarium of at least 30 to 40 gallons to prevent injury to their delicate skin. Their temperament is peaceful and shy, and they are excellent ""sand-sifters"" that help keep the substrate clean. They are compatible with most community fish but should not be kept with aggressive bottom-dwellers that might outcompete them for food.",22–26 degrees celsius,"Named for its long, elongated snout and horse-like profile, this loach is a master of camouflage that spends much of its time buried in the sand with only its eyes visible. They are native to the rivers of Southeast Asia and must have a soft, sandy substrate in an aquarium of at least 30 to 40 gallons to prevent injury to their delicate skin. Their temperament is peaceful and shy, and they are excellent ""sand-sifters"" that help keep the substrate clean. They are compatible with most community fish but should not be kept with aggressive bottom-dwellers that might outcompete them for food.",6.0 - 7.5,30 – 55 gallons,"20.0 - 25.0 cm / 7.9 - 9.8""",Peaceful; possesses a unique elongated snout and thrives in tanks with sand and peaceful tankmates.,
"Weather Loach
","Misgurnus anguillicaudatus
",,"The Weather loach is a thick, eel-like fish known for its erratic swimming behavior when barometric pressure changes, often predicting oncoming storms. They are incredibly hardy, cool-water fish that can grow to 10 or 12 inches, requiring at least 55 gallons with a very secure lid, as they are notorious escape artists. Their temperament is boisterous and friendly; they often learn to recognize their owners and may even nibble at fingers during maintenance. They are highly compatible with Goldfish and other temperate species and are prized for their ""clownish"" personality.",22–26 degrees celsius,"The Weather loach is a thick, eel-like fish known for its erratic swimming behavior when barometric pressure changes, often predicting oncoming storms. They are incredibly hardy, cool-water fish that can grow to 10 or 12 inches, requiring at least 55 gallons with a very secure lid, as they are notorious escape artists. Their temperament is boisterous and friendly; they often learn to recognize their owners and may even nibble at fingers during maintenance. They are highly compatible with Goldfish and other temperate species and are prized for their ""clownish"" personality.",6.0 - 7.0,30 – 55 gallons,"20.0 - 25.0 cm / 7.9 - 9.8""","Peaceful and highly active; known for its ""eel-like"" swimming and is compatible with most temperate community fish.",
"Kuhli loach, coolie loach",Pangio kuhlii,https://upload.wikimedia.org//wikipedia/commons/0/0a/Kuhli_loaches.jpg,"The Kuhli loach is a small, worm-like fish with a yellow body and bold, dark chocolate vertical bands. They are native to the soft-water streams of Southeast Asia and thrive in a 20-gallon tank with plenty of hiding places like PVC pipes or dense moss. Their temperament is peaceful and highly social, and they should always be kept in groups of six or more to prevent them from becoming permanently reclusive. They are excellently compatible with shrimp and other small community fish, serving as the perfect ""cleanup crew"" for small crevices.",22–26 degrees celsius,"The Kuhli loach is a small, worm-like fish with a yellow body and bold, dark chocolate vertical bands. They are native to the soft-water streams of Southeast Asia and thrive in a 20-gallon tank with plenty of hiding places like PVC pipes or dense moss. Their temperament is peaceful and highly social, and they should always be kept in groups of six or more to prevent them from becoming permanently reclusive. They are excellently compatible with shrimp and other small community fish, serving as the perfect ""cleanup crew"" for small crevices.",6.5 - 8.0,15 – 20 gallons,"8.0 - 12.0 cm / 3.1 - 4.7""","Very peaceful and shy. It is an ideal choice for community tanks with other small, gentle fish such as rasboras and small tetras. Because of its shy nature, it thrives best in environments where it can feel secure among other non-aggressive species.",https://en.wikipedia.org//wiki/Pangio_kuhlii
Java loach,Pangio oblonga,https://upload.wikimedia.org//wikipedia/commons/a/ab/Pangio_oblonga_acquarium.jpg,"The Java loach, also known as the Black Kuhli, is nearly identical in shape and behavior to the standard Kuhli loach but features a solid, velvety chocolate-brown or black body without any bands. They require the same soft substrate and 20-gallon environment as their banded cousins. Their temperament is peaceful and they are slightly more active and visible during the day than other Pangio species. They are highly compatible with all peaceful community fish and look best when kept in a mixed school with banded Kuhlis.",22–26 degrees celsius,"The Java loach, also known as the Black Kuhli, is nearly identical in shape and behavior to the standard Kuhli loach but features a solid, velvety chocolate-brown or black body without any bands. They require the same soft substrate and 20-gallon environment as their banded cousins. Their temperament is peaceful and they are slightly more active and visible during the day than other Pangio species. They are highly compatible with all peaceful community fish and look best when kept in a mixed school with banded Kuhlis.",5.5 - 7.0,15 – 20 gallons,"6.0 - 8.0 cm / 2.4 - 3.1""","Very peaceful and shy; ideal for community tanks with other small, gentle fish like rasboras and small tetras.",https://en.wikipedia.org//wiki/Pangio_oblonga
Clown loach,Chromobotia macracanthus,https://upload.wikimedia.org//wikipedia/commons/d/d6/2015-09-13-223-Tiger-loach.jpg,"The Clown loach is a vibrant, orange-and-black striped favorite that is famous for its playful behavior and its ability to eat nuisance snails. While they are sold small, they can grow to over a foot long and are very long-lived, requiring at least 100 to 125 gallons for a proper school. Their temperament is peaceful but highly social; they have a complex hierarchy and will often ""sleep"" on their sides, which can startle new owners. They are compatible with other large, active community fish and are a spectacular centerpiece for large, well-maintained systems.",22–26 degrees celsius,"The Clown loach is a vibrant, orange-and-black striped favorite that is famous for its playful behavior and its ability to eat nuisance snails. While they are sold small, they can grow to over a foot long and are very long-lived, requiring at least 100 to 125 gallons for a proper school. Their temperament is peaceful but highly social; they have a complex hierarchy and will often ""sleep"" on their sides, which can startle new owners. They are compatible with other large, active community fish and are a spectacular centerpiece for large, well-maintained systems.",5.5 - 7.0,75 – 125 gallons,"15.0 - 30.0 cm / 5.9 - 11.8""","Very peaceful; essentially the same requirements as its cousin, preferring heavily planted tanks and soft substrate.",https://en.wikipedia.org//wiki/Chromobotia_macracanthus
Green tiger loach,Syncrossus hymenophysa,,"The Green tiger loach is a bold, strikingly patterned species with a high-backed body covered in narrow, dark vertical stripes over a greenish-gold base. Unlike many other loaches, they can be quite aggressive and territorial, especially as they mature. They require at least 55 gallons with plenty of visual breaks and caves to establish their territory. Their temperament is assertive and they are not suitable for tanks with shy or slow-moving species. They are best compatible with robust tank mates like Tiger barbs or large cichlids that can hold their own",22–26 degrees celsius,"The Green tiger loach is a bold, strikingly patterned species with a high-backed body covered in narrow, dark vertical stripes over a greenish-gold base. Unlike many other loaches, they can be quite aggressive and territorial, especially as they mature. They require at least 55 gallons with plenty of visual breaks and caves to establish their territory. Their temperament is assertive and they are not suitable for tanks with shy or slow-moving species. They are best compatible with robust tank mates like Tiger barbs or large cichlids that can hold their own",6.0 - 7.5,30 – 55 gallons,"10.0 - 12.0 cm / 3.9 - 4.7""",Peaceful but grows large and active; thrives in groups with other medium-to-large active community fish.,
Banded tiger loach,Syncrossus helodes,https://upload.wikimedia.org//wikipedia/commons/e/e4/Syncrossus_helodes.jpg,"The Banded tiger loach is a strikingly patterned bottom-dweller featuring a series of dark, vertical bands across a greenish-gold or greyish body, often accented by small dark spots on the lower half. Native to the river systems of Southeast Asia, they are highly active and require a minimum of 55 gallons with plenty of caves and driftwood to establish territories. Their temperament is notably assertive and territorial, especially toward other bottom-dwelling species or members of their own kind. They are best suited for tanks with robust, fast-moving tank mates like large barbs or medium-sized cichlids, as they may harass shy or slow-moving fish.",22–26 degrees celsius,"The Banded tiger loach is a strikingly patterned bottom-dweller featuring a series of dark, vertical bands across a greenish-gold or greyish body, often accented by small dark spots on the lower half. Native to the river systems of Southeast Asia, they are highly active and require a minimum of 55 gallons with plenty of caves and driftwood to establish territories. Their temperament is notably assertive and territorial, especially toward other bottom-dwelling species or members of their own kind. They are best suited for tanks with robust, fast-moving tank mates like large barbs or medium-sized cichlids, as they may harass shy or slow-moving fish.",6.0 - 7.5,30 – 55 gallons,"10.0 - 12.0 cm / 3.9 - 4.7""","Semi-aggressive; can be territorial toward other loaches, so keep in a large group to spread out aggression.",
Redfin tiger loach,Syncrossus berdmorei,https://upload.wikimedia.org//wikipedia/commons/a/ad/Syncrossus_berdmorei.jpg,"The Redfin tiger loach is often considered the most beautiful of the tiger loaches, sporting a similar banded pattern but with brilliant red-to-orange fins and a more intense metallic sheen on its body. They inhabit flowing rivers with rocky substrates and require high water quality and strong aeration in a 55-to-75-gallon tank. Their temperament is semi-aggressive and highly territorial, often engaging in ""clicking"" sounds during territorial disputes. They are highly compatible with other robust, active species but should not be housed with long-finned or very small fish that could be easily intimidated or nipped.",24–28 degrees celsius,"The Redfin tiger loach is often considered the most beautiful of the tiger loaches, sporting a similar banded pattern but with brilliant red-to-orange fins and a more intense metallic sheen on its body. They inhabit flowing rivers with rocky substrates and require high water quality and strong aeration in a 55-to-75-gallon tank. Their temperament is semi-aggressive and highly territorial, often engaging in ""clicking"" sounds during territorial disputes. They are highly compatible with other robust, active species but should not be housed with long-finned or very small fish that could be easily intimidated or nipped.",6.0 - 7.5,30 – 55 gallons,"8.0 - 10.0 cm / 3.1 - 3.9""","Semi-aggressive; similar to other tiger loaches, it needs robust tankmates that can handle its active nature.",
Dwarf botia,Ambastaia sidthimunki,https://upload.wikimedia.org//wikipedia/commons/9/9b/Schachbrettschmerle.jpg,"The Dwarf botia, also known as the ""Chain Loach,"" is a small, charming species featuring an intricate black-and-gold chain-like pattern along its sides. Unlike many of its larger relatives, it reaches a maximum size of only about 2.5 inches, making it suitable for a 20-to-30-gallon planted aquarium. Their temperament is peaceful and highly social; they are diurnal and spend much of the day actively swimming in mid-water schools rather than hiding. They are excellently compatible with other peaceful community fish and are prized for their ability to control small nuisance snails while remaining safe for delicate plants.",24–28 degrees celsius,"The Dwarf botia, also known as the ""Chain Loach,"" is a small, charming species featuring an intricate black-and-gold chain-like pattern along its sides. Unlike many of its larger relatives, it reaches a maximum size of only about 2.5 inches, making it suitable for a 20-to-30-gallon planted aquarium. Their temperament is peaceful and highly social; they are diurnal and spend much of the day actively swimming in mid-water schools rather than hiding. They are excellently compatible with other peaceful community fish and are prized for their ability to control small nuisance snails while remaining safe for delicate plants.",6.0 - 7.5,20 – 30 gallons,"5.0 - 6.0 cm / 2.0 - 2.4""","Semi-aggressive; a fast, active loach that should be kept with other quick, non-aggressive fish.",https://en.wikipedia.org//wiki/Ambastaia_sidthimunki
Yoyo loach,Botia almorhae,https://upload.wikimedia.org//wikipedia/commons/9/9d/Yoyo_Loach.jpg,"The Yoyo loach is named for the dark, swirling patterns on its silver body that frequently look like the letters ""Y"" and ""O"". Native to the slow-moving waters of India and Pakistan, they are energetic and require at least 40 gallons with a soft substrate they can sift through. Their temperament is playful and active, though they can be quite boisterous during feeding times. They are highly compatible with other active community fish and should be kept in groups of five or more to see their natural social hierarchy and reduce stress.",24–28 degrees celsius,"The Yoyo loach is named for the dark, swirling patterns on its silver body that frequently look like the letters ""Y"" and ""O"". Native to the slow-moving waters of India and Pakistan, they are energetic and require at least 40 gallons with a soft substrate they can sift through. Their temperament is playful and active, though they can be quite boisterous during feeding times. They are highly compatible with other active community fish and should be kept in groups of five or more to see their natural social hierarchy and reduce stress.",6.0 - 7.5,30 – 40 gallons,"10.0 - 14.0 cm / 3.9 - 5.5""","Very peaceful; a small, social loach perfect for nano-planted tanks with other tiny community dwellers.",https://en.wikipedia.org//wiki/Botia_almorhae
Bengal loach,Botia dario,https://upload.wikimedia.org//wikipedia/commons/0/05/Botia_dario.jpg,"The Bengal loach features a series of clean, vertical golden-yellow and dark brown bands that wrap around its body. They originate from the Ganges and Brahmaputra river basins and thrive in a 30-to-40-gallon setup with plenty of hiding spots. Their temperament is peaceful and somewhat more shy than the Yoyo loach, though they become very active once they are comfortable in their surroundings. They are compatible with most peaceful community fish and are excellent for keeping the bottom of the tank clean of leftover food.",22–26 degrees celsius,"The Bengal loach features a series of clean, vertical golden-yellow and dark brown bands that wrap around its body. They originate from the Ganges and Brahmaputra river basins and thrive in a 30-to-40-gallon setup with plenty of hiding spots. Their temperament is peaceful and somewhat more shy than the Yoyo loach, though they become very active once they are comfortable in their surroundings. They are compatible with most peaceful community fish and are excellent for keeping the bottom of the tank clean of leftover food.",6.0 - 7.5,20 – 30 gallons,"5.0 - 6.0 cm / 2.0 - 2.4""",Peaceful and social; an active scavenger that gets along well with almost any peaceful community fish.,
Polka-Dot Loach,Botia kubotai,https://upload.wikimedia.org//wikipedia/commons/4/42/Botia_kubotai2.jpg,"The Polka-Dot loach, or ""Angelicus Loach,"" is a visually stunning species with a high-contrast black body covered in large, irregular white-to-gold spots. Found in the river systems of Myanmar, they require a 30-to-40-gallon tank with clean, well-oxygenated water. Their temperament is peaceful and highly inquisitive, often exploring every corner of the aquarium. They are highly compatible with other peaceful community fish and are known for being less aggressive than other members of the Botia genus.",24–28 degrees celsius,"The Polka-Dot loach, or ""Angelicus Loach,"" is a visually stunning species with a high-contrast black body covered in large, irregular white-to-gold spots. Found in the river systems of Myanmar, they require a 30-to-40-gallon tank with clean, well-oxygenated water. Their temperament is peaceful and highly inquisitive, often exploring every corner of the aquarium. They are highly compatible with other peaceful community fish and are known for being less aggressive than other members of the Botia genus.",6.0 - 7.5,30 – 55 gallons,"8.0 - 10.0 cm / 3.1 - 3.9""",Peaceful; an active schooling loach that prefers well-oxygenated water and peaceful neighbors.,https://en.wikipedia.org//wiki/Botia_kubotai
Gangetic loach,Botia rostrata,,"The Gangetic loach is very similar in appearance to the Bengal loach but often features thinner, more numerous vertical bands that may bifurcate as the fish matures. They inhabit the rocky riverbeds of South Asia and require a 30-to-40-gallon setup with moderate water flow. Their temperament is peaceful and social, and they spend significant time sifting through sand for small invertebrates. They are compatible with a wide range of community fish and should always be kept in a group to prevent shyness.",24–28 degrees celsius,"The Gangetic loach is very similar in appearance to the Bengal loach but often features thinner, more numerous vertical bands that may bifurcate as the fish matures. They inhabit the rocky riverbeds of South Asia and require a 30-to-40-gallon setup with moderate water flow. Their temperament is peaceful and social, and they spend significant time sifting through sand for small invertebrates. They are compatible with a wide range of community fish and should always be kept in a group to prevent shyness.",6.0 - 7.5,20 – 30 gallons,"8.0 - 10.0 cm / 3.1 - 3.9""",Peaceful and social; enjoys the company of its own kind and other non-aggressive bottom feeders.,
Zebra loach,Botia striata,https://upload.wikimedia.org//wikipedia/commons/1/18/Botia_striata.jpg,"The Zebra loach is a smaller, docile species covered in hundreds of very thin, vertical greenish-yellow and dark stripes. They are native to the Western Ghats of India and are highly valued for their peaceful temperament and ability to fit into smaller community tanks of 20 to 30 gallons. They are among the most compatible loaches for general community setups, as they rarely bother tank mates and are efficient at controlling snail populations. They appreciate a well-planted tank with plenty of shaded areas.",24–28 degrees celsius,"The Zebra loach is a smaller, docile species covered in hundreds of very thin, vertical greenish-yellow and dark stripes. They are native to the Western Ghats of India and are highly valued for their peaceful temperament and ability to fit into smaller community tanks of 20 to 30 gallons. They are among the most compatible loaches for general community setups, as they rarely bother tank mates and are efficient at controlling snail populations. They appreciate a well-planted tank with plenty of shaded areas.",6.5 - 7.5,20 – 30 gallons,"8.0 - 10.0 cm / 3.1 - 3.9""",Peaceful; a shy scavenger that thrives in planted tanks with plenty of hiding spots and calm tankmates.,https://en.wikipedia.org//wiki/Botia_striata
Redtail loach,Yasuhikotakia modesta,https://upload.wikimedia.org//wikipedia/commons/8/8e/Yasuhikotakia_modesta.jpg,"The Redtail loach features a solid, velvety blue-grey body that contrasts sharply with its bright orange-to-red fins. They can grow quite large (up to 7-8 inches) and are very powerful swimmers, requiring at least 55 to 75 gallons. Their temperament is semi-aggressive and they can be quite territorial, often establishing a ""lead"" fish in their group. They are compatible with other large, robust species but may bully smaller, more timid bottom-dwellers.",24–28 degrees celsius,"The Redtail loach features a solid, velvety blue-grey body that contrasts sharply with its bright orange-to-red fins. They can grow quite large (up to 7-8 inches) and are very powerful swimmers, requiring at least 55 to 75 gallons. Their temperament is semi-aggressive and they can be quite territorial, often establishing a ""lead"" fish in their group. They are compatible with other large, robust species but may bully smaller, more timid bottom-dwellers.",6.0 - 7.5,30 – 55 gallons,"15.0 - 20.0 cm / 5.9 - 7.9""",Peaceful and active; known for its bold patterns and compatibility with most community fish.,
Skunk loach,Yasuhikotakia morleti,https://upload.wikimedia.org//wikipedia/commons/3/33/Yasuhikotakia_morleti.jpg,"The Skunk loach is a small, cream-colored fish named for the single black stripe that runs from its nose, along its back, to its tail. While small and attractive, they are notoriously aggressive and territorial for their size. They require at least 30 gallons and should only be kept with very robust tank mates like tiger barbs. They are often incompatible with other bottom-dwellers due to their relentless chasing behaviors.",22–26 degrees celsius,"The Skunk loach is a small, cream-colored fish named for the single black stripe that runs from its nose, along its back, to its tail. While small and attractive, they are notoriously aggressive and territorial for their size. They require at least 30 gallons and should only be kept with very robust tank mates like tiger barbs. They are often incompatible with other bottom-dwellers due to their relentless chasing behaviors.",6.0 - 7.5,30 – 55 gallons,"4.0 - 5.0 cm / 1.6 - 2.0""","Semi-aggressive; can be territorial with other bottom-dwellers, so provide plenty of caves and space.",https://en.wikipedia.org//wiki/Yasuhikotakia_morleti
Borneo hillstream loach,Gastromyzon sp.,https://upload.wikimedia.org//wikipedia/commons/d/d7/Gastromyzon_fasciatus.jpg,"This specialized loach has a highly flattened body and broad fins that act as suction cups to hold it against rocks in torrential currents. They feature a dark body with fine, light-colored speckling and require a specialized ""river"" setup of 20 gallons with very high oxygen and strong flow. Their temperament is peaceful, though they may ""flutter"" over other loaches to defend a prime grazing spot. They are highly compatible with other high-flow species like Danios.",22–26 degrees celsius,"This specialized loach has a highly flattened body and broad fins that act as suction cups to hold it against rocks in torrential currents. They feature a dark body with fine, light-colored speckling and require a specialized ""river"" setup of 20 gallons with very high oxygen and strong flow. Their temperament is peaceful, though they may ""flutter"" over other loaches to defend a prime grazing spot. They are highly compatible with other high-flow species like Danios.",6.0 - 7.5,15 – 20 gallons,"4.0 - 5.5 cm / 1.6 - 2.2""",Semi-aggressive; a shy but territorial loach that is best kept with fast-moving mid-water fish.,
Tiger hillstream loach,Sewellia lineolata,https://upload.wikimedia.org//wikipedia/commons/2/2e/Hillstream_Loach.JPG,"The Tiger hillstream loach is one of the most intricately patterned ""sucker"" loaches, featuring a network of dark lines and spots that resemble a tiger’s camouflage. Like other hillstream species, they require cold, fast-moving, highly oxygenated water in a 20-to-30-gallon setup. Their temperament is peaceful and they spend their time grazing on biofilm and algae from smooth rocks. They are compatible with other small, cool-water species and are prized for their unique, alien-like appearance.",22–26 degrees celsius,"The Tiger hillstream loach is one of the most intricately patterned ""sucker"" loaches, featuring a network of dark lines and spots that resemble a tiger?s camouflage. Like other hillstream species, they require cold, fast-moving, highly oxygenated water in a 20-to-30-gallon setup. Their temperament is peaceful and they spend their time grazing on biofilm and algae from smooth rocks. They are compatible with other small, cool-water species and are prized for their unique, alien-like appearance.",6.5 - 7.5,15 – 20 gallons,"4.0 - 5.5 cm / 1.6 - 2.2""","Peaceful; requires high-flow, highly oxygenated water and is compatible with other hillstream species.",
Butterfly hillstream loach,Beaufortia kweichowensis,https://upload.wikimedia.org//wikipedia/commons/1/1c/Beaufortia_kweichowensis.jpg,"The Butterfly hillstream loach is the most commonly available hillstream loach, sporting a rounded, disk-like shape and a mottled brown-and-tan pattern. They are native to the fast-flowing streams of China and require a specialized environment with strong current and plenty of flat stones for grazing. Their temperament is peaceful and social, often congregating in areas of the highest flow. They are compatible with other hillstream specialists and are excellent for keeping algae in check in high-flow tanks.",22–26 degrees celsius,"The Butterfly hillstream loach is the most commonly available hillstream loach, sporting a rounded, disk-like shape and a mottled brown-and-tan pattern. They are native to the fast-flowing streams of China and require a specialized environment with strong current and plenty of flat stones for grazing. Their temperament is peaceful and social, often congregating in areas of the highest flow. They are compatible with other hillstream specialists and are excellent for keeping algae in check in high-flow tanks.",6.5 - 7.5,15 – 20 gallons,"3.0 - 5.0 cm / 1.2 - 2.0""","Peaceful; a specialized algae eater that needs fast-flowing water and peaceful, cool-water neighbors.",
Guppy,Poecilia reticulata,https://upload.wikimedia.org//wikipedia/commons/a/a6/Guppy_red_male.jpg,"The Guppy is arguably the world's most popular aquarium fish, available in an endless array of colors and fin shapes. They are incredibly adaptable and can thrive in as little as 5 to 10 gallons, though they prefer harder water. Their temperament is peaceful and very active, making them ideal for beginner community tanks. They are compatible with almost all small, non-predatory fish, but hobbyists should be prepared for their prolific breeding.",22–26 degrees celsius,"The Guppy is arguably the world's most popular aquarium fish, available in an endless array of colors and fin shapes. They are incredibly adaptable and can thrive in as little as 5 to 10 gallons, though they prefer harder water. Their temperament is peaceful and very active, making them ideal for beginner community tanks. They are compatible with almost all small, non-predatory fish, but hobbyists should be prepared for their prolific breeding.",6.5 - 7.5,5 – 10 gallons,"2.0 - 3.0 cm / 0.8 - 1.2""","Peaceful; like other hillstream loaches, it is harmless to tankmates but needs specific high-flow conditions.",https://en.wikipedia.org//wiki/Poecilia_reticulata
Endler's livebearer,Poecilia wingei,https://upload.wikimedia.org//wikipedia/commons/8/8d/Poecilia_reticulata_01.jpg,"The Endler's livebearer is a smaller, more vibrantly metallic relative of the guppy, featuring high-intensity neon greens, oranges, and blacks. They require a small 5-to-10-gallon tank and prefer slightly harder water with plenty of plants. Their temperament is peaceful and energetic, and they are highly compatible with other nano-species and shrimp. They are often used in specialized ""nano"" aquascapes due to their tiny size and brilliant flash of color.",22–26 degrees celsius,"The Endler's livebearer is a smaller, more vibrantly metallic relative of the guppy, featuring high-intensity neon greens, oranges, and blacks. They require a small 5-to-10-gallon tank and prefer slightly harder water with plenty of plants. Their temperament is peaceful and energetic, and they are highly compatible with other nano-species and shrimp. They are often used in specialized ""nano"" aquascapes due to their tiny size and brilliant flash of color.",7.0 - 8.5,5 – 10 gallons,"6.0 - 10.0 cm / 2.4 - 3.9""","Very peaceful; highly social and compatible with almost all small, non-predatory community fish.",
Black molly,Poecilia sphenops,https://upload.wikimedia.org//wikipedia/commons/6/61/Black_molly1.JPG,"The Black molly is a jet-black, velvety livebearer that is both a beautiful community fish and an excellent algae eater. They require a 20-to-30-gallon tank and are unique because they can live in freshwater, brackish water, or even full marine environments. Their temperament is generally peaceful, but they can be boisterous and may nip the fins of slow-moving tank mates. They are highly compatible with other robust livebearers and are valued for their hardiness.",22–26 degrees celsius,"The Black molly is a jet-black, velvety livebearer that is both a beautiful community fish and an excellent algae eater. They require a 20-to-30-gallon tank and are unique because they can live in freshwater, brackish water, or even full marine environments. Their temperament is generally peaceful, but they can be boisterous and may nip the fins of slow-moving tank mates. They are highly compatible with other robust livebearers and are valued for their hardiness.",7.0 - 8.5,20 – 30 gallons,"10.0 - 15.0 cm / 3.9 - 5.9""","Very peaceful; a tiny, colorful livebearer ideal for nano tanks and very small, gentle tankmates.",
Sailfin molly,Poecilia latipinna,https://upload.wikimedia.org//wikipedia/commons/1/16/Poecilia_latipinna.jpg,"The Sailfin molly is distinguished by the massive, sail-like dorsal fin found on mature males, which they flare to attract females or intimidate rivals. They can grow quite large (up to 5-6 inches) and require at least 30 to 40 gallons with hard, alkaline water. Their temperament is peaceful but active, and they spend significant time grazing on algae. They are highly compatible with other large livebearers and are particularly stunning in brackish water setups.",22–26 degrees celsius,"The Sailfin molly is distinguished by the massive, sail-like dorsal fin found on mature males, which they flare to attract females or intimidate rivals. They can grow quite large (up to 5-6 inches) and require at least 30 to 40 gallons with hard, alkaline water. Their temperament is peaceful but active, and they spend significant time grazing on algae. They are highly compatible with other large livebearers and are particularly stunning in brackish water setups.",7.5 - 8.5,30 – 55 gallons,"6.0 - 10.0 cm / 2.4 - 3.9""","Peaceful; hardy and social, making it a great addition to most standard community aquariums.",https://en.wikipedia.org//wiki/Poecilia_latipinna
Dalmatian molly,hybrid,https://upload.wikimedia.org//wikipedia/commons/b/b0/DalmationMolly.jpg,"The Dalmatian molly is a striking color variety featuring a white body covered in irregular black spots, resembling the famous dog breed. They share the same care requirements as other mollies, needing 20 to 30 gallons and a diet rich in vegetable matter. Their temperament is peaceful and social, making them great additions to community tanks. They are highly compatible with other livebearers and are known for their active, ""happy"" swimming style.",22–26 degrees celsius,"The Dalmatian molly is a striking color variety featuring a white body covered in irregular black spots, resembling the famous dog breed. They share the same care requirements as other mollies, needing 20 to 30 gallons and a diet rich in vegetable matter. Their temperament is peaceful and social, making them great additions to community tanks. They are highly compatible with other livebearers and are known for their active, ""happy"" swimming style.",7.5 - 8.5,20 – 30 gallons,"6.0 - 10.0 cm / 2.4 - 3.9""","Peaceful; its long fins make it a target for nippers, so avoid aggressive or boisterous tankmates.",https://en.wikipedia.org//wiki/Poecilia_latipinna
Lyretail Molly,hybrid,https://upload.wikimedia.org//wikipedia/commons/6/69/LyretailMolly.jpg,"The Lyretail molly is a fancy variety bred for its elongated, deeply forked tail that curves outward like a lyre. They require a 20-to-30-gallon tank and benefit from the addition of aquarium salt to their water. Their temperament is peaceful, though the long fins make them targets for nippy fish, so they should be housed with other gentle species. They are highly compatible with other mollies and platies.",22–26 degrees celsius,"The Lyretail molly is a fancy variety bred for its elongated, deeply forked tail that curves outward like a lyre. They require a 20-to-30-gallon tank and benefit from the addition of aquarium salt to their water. Their temperament is peaceful, though the long fins make them targets for nippy fish, so they should be housed with other gentle species. They are highly compatible with other mollies and platies.",7.5 - 8.5,20 – 30 gallons,"8.0 - 12.0 cm / 3.1 - 4.7""",Peaceful; a distinctively patterned livebearer that thrives in active community setups.,
"Platies and swordtails
",,,"These are among the most popular and colorful livebearers, available in nearly every color of the rainbow. Platies are stockier and shorter, while Swordtails feature a long, pointed extension on the male’s tail. They require a 20-to-30-gallon tank and prefer hard, alkaline water with plenty of swimming room. Their temperament is peaceful and active, though male swordtails can sometimes be territorial toward one another. They are highly compatible with most community fish and are excellent for beginners.",22–26 degrees celsius,"These are among the most popular and colorful livebearers, available in nearly every color of the rainbow. Platies are stockier and shorter, while Swordtails feature a long, pointed extension on the male?s tail. They require a 20-to-30-gallon tank and prefer hard, alkaline water with plenty of swimming room. Their temperament is peaceful and active, though male swordtails can sometimes be territorial toward one another. They are highly compatible with most community fish and are excellent for beginners.",7.5 - 8.5,15 – 20 gallons,"4.0 - 6.0 cm / 1.6 - 2.4""","Peaceful; another elegant variant that should be kept with other peaceful, non-nipping fish.",
Southern platy,Xiphophorus maculatus,https://upload.wikimedia.org//wikipedia/commons/1/1e/Xiphophorus_maculatus.jpg,"The Southern platy is the classic ""Platy,"" often seen in the ""Mickey Mouse"" or ""Sunset"" varieties. They are very hardy and thrive in a 15-to-20-gallon tank with moderate vegetation. Their temperament is peaceful and social, and they are highly compatible with almost any other non-aggressive fish. They are valued for their easy care and constant, colorful presence in the mid-water column.",22–26 degrees celsius,"The Southern platy is the classic ""Platy,"" often seen in the ""Mickey Mouse"" or ""Sunset"" varieties. They are very hardy and thrive in a 15-to-20-gallon tank with moderate vegetation. Their temperament is peaceful and social, and they are highly compatible with almost any other non-aggressive fish. They are valued for their easy care and constant, colorful presence in the mid-water column.",7.0 - 8.2,15 – 20 gallons,"4.0 - 6.0 cm / 1.6 - 2.4""","Peaceful; very hardy and social, compatible with a wide range of community species.",https://en.wikipedia.org//wiki/Xiphophorus_maculatus
Variable platy,Xiphophorus variatus,https://upload.wikimedia.org//wikipedia/commons/3/3d/Papagaienplaty.jpg,"The Variable platy is a slightly more elongated species that is often more cold-tolerant than the Southern platy. They require a 20-gallon tank and can even be kept in unheated indoor aquariums. Their temperament is peaceful and active, and they are highly compatible with other cool-water fish like White Cloud Mountain Minnows. They are known for their beautiful, shimmering blue-to-gold colorations.",22–26 degrees celsius,"The Variable platy is a slightly more elongated species that is often more cold-tolerant than the Southern platy. They require a 20-gallon tank and can even be kept in unheated indoor aquariums. Their temperament is peaceful and active, and they are highly compatible with other cool-water fish like White Cloud Mountain Minnows. They are known for their beautiful, shimmering blue-to-gold colorations.",7.0 - 8.2,15 – 20 gallons,"8.0 - 12.0 cm / 3.1 - 4.7""","Peaceful; very hardy and social, compatible with a wide range of community species.",https://en.wikipedia.org//wiki/Xiphophorus_variatus
Green swordtail,Xiphophorus hellerii,https://upload.wikimedia.org//wikipedia/commons/1/14/Xiphophorus_helleri_03.jpg,"The Green swordtail is the wild-type form of the swordtail, featuring a metallic green body with a red horizontal stripe and a long, yellow-and-black sword on the male. They are larger and more active than platies, requiring at least 30 gallons. Their temperament is peaceful but energetic, and they are powerful jumpers, so a secure lid is necessary. They are highly compatible with other active schooling fish like barbs.",22–26 degrees celsius,"The Green swordtail is the wild-type form of the swordtail, featuring a metallic green body with a red horizontal stripe and a long, yellow-and-black sword on the male. They are larger and more active than platies, requiring at least 30 gallons. Their temperament is peaceful but energetic, and they are powerful jumpers, so a secure lid is necessary. They are highly compatible with other active schooling fish like barbs.",7.0 - 8.2,15 – 20 gallons,"20.0 - 30.0 cm / 7.9 - 11.8""","Peaceful; an active, colorful fish that is perfect for beginners and gets along with most neighbors.",https://en.wikipedia.org//wiki/Xiphophorus_hellerii
Largescale four-eyed fish,Anableps anableps,https://upload.wikimedia.org//wikipedia/commons/a/ab/Anableps_anableps_qtl1.jpg,"The Four-eyed fish is one of the most unusual species in the hobby, featuring eyes that are divided into two parts, allowing them to see above and below the water simultaneously. They are surface-dwelling fish from brackish estuaries and require a large, long tank (at least 55-75 gallons) that is only half-filled with water to provide surface area. Their temperament is peaceful but social, and they must be kept in groups. They are compatible with other brackish species like Archers or Monos.",22–26 degrees celsius,"The Four-eyed fish is one of the most unusual species in the hobby, featuring eyes that are divided into two parts, allowing them to see above and below the water simultaneously. They are surface-dwelling fish from brackish estuaries and require a large, long tank (at least 55-75 gallons) that is only half-filled with water to provide surface area. Their temperament is peaceful but social, and they must be kept in groups. They are compatible with other brackish species like Archers or Monos.",7.0 - 8.2,30 – 55 gallons,"15.0 - 20.0 cm / 5.9 - 7.9""","Peaceful; very similar to the southern platy, preferring stable water and peaceful companions.",
Pike topminnow,Belonesox belizanus,https://upload.wikimedia.org//wikipedia/commons/0/03/Belonesox_belizanus_Aquarium_tropical_du_Palais_de_la_Porte_Dor%C3%A9e_10_04_2016.jpg,"The Pike topminnow looks like a miniature pike but is actually a highly predatory livebearer. They feature a long, toothy jaw and are specialized hunters of other small fish. They require at least 30 to 40 gallons and should only be kept in a species-only tank or with much larger, robust fish. Their temperament is aggressive toward anything that can fit in their mouth, making them poorly compatible with most community setups.",22–26 degrees celsius,"The Pike topminnow looks like a miniature pike but is actually a highly predatory livebearer. They feature a long, toothy jaw and are specialized hunters of other small fish. They require at least 30 to 40 gallons and should only be kept in a species-only tank or with much larger, robust fish. Their temperament is aggressive toward anything that can fit in their mouth, making them poorly compatible with most community setups.",7.5 - 8.5,30 – 55 gallons,"8.0 - 10.0 cm / 3.1 - 3.9""","Peaceful but active; the males can be territorial with each other, so provide plenty of space and plants.",https://en.wikipedia.org//wiki/Belonesox_belizanus
Cuban lima,Limia vittata,https://upload.wikimedia.org//wikipedia/commons/3/39/Limia_vittata.jpg,"The Cuban lima is a rare and delicate livebearer with a translucent body and black vertical bars. They are native to Cuba and require a small, 10-to-15-gallon tank with very stable water conditions and plenty of plants. Their temperament is peaceful and shy, and they are highly compatible with other small, peaceful livebearers or nano-fish. They are prized by specialized livebearer collectors for their subtle beauty.",22–26 degrees celsius,"The Cuban lima is a rare and delicate livebearer with a translucent body and black vertical bars. They are native to Cuba and require a small, 10-to-15-gallon tank with very stable water conditions and plenty of plants. Their temperament is peaceful and shy, and they are highly compatible with other small, peaceful livebearers or nano-fish. They are prized by specialized livebearer collectors for their subtle beauty.",7.0 - 8.0,55 – 75 gallons,"15.0 - 20.0 cm / 5.9 - 7.9""","Peaceful but specialized; swims at the surface and needs a very large, shallow tank with calm tankmates.",https://en.wikipedia.org//wiki/Limia_vittata
Knife livebearer,Alfaro cultratus,https://upload.wikimedia.org//wikipedia/commons/c/cf/Alfaro_cultratus.jpg,"The Knife livebearer is named for the sharp, knife-like edge on its underside. They are active, sleek fish from Central America that require a 30-gallon tank with strong water flow to mimic their native stream habitats. Their temperament is peaceful but boisterous, and they are highly compatible with other active schooling fish. They are known for their interesting, streamlined silhouette.",22–26 degrees celsius,"The Knife livebearer is named for the sharp, knife-like edge on its underside. They are active, sleek fish from Central America that require a 30-gallon tank with strong water flow to mimic their native stream habitats. Their temperament is peaceful but boisterous, and they are highly compatible with other active schooling fish. They are known for their interesting, streamlined silhouette.",7.0 - 8.0,30 – 55 gallons,"2.0 - 3.0 cm / 0.8 - 1.2""",Predatory; a fast-moving surface hunter that will eat any fish small enough to fit in its mouth.,
Least killifish,Heterandria formosa,https://upload.wikimedia.org//wikipedia/commons/8/89/Dwarf_Livebearer_or_Least_Killifish_%28Heterandria_formosa%29.jpg,"The Least killifish is one of the smallest fish in the world and, despite its name, is actually a livebearer. They reach less than an inch in size and are perfect for 5-gallon nano-tanks with dense moss and plants. Their temperament is peaceful but very shy, so they should be kept only with other tiny tank mates like shrimp. They are highly compatible with specialized nano-aquariums.",22–26 degrees celsius,"The Least killifish is one of the smallest fish in the world and, despite its name, is actually a livebearer. They reach less than an inch in size and are perfect for 5-gallon nano-tanks with dense moss and plants. Their temperament is peaceful but very shy, so they should be kept only with other tiny tank mates like shrimp. They are highly compatible with specialized nano-aquariums.",7.0 - 8.0,15 – 20 gallons,"8.0 - 10.0 cm / 3.1 - 3.9""","Predatory; similar to the pike topminnow, it is an aggressive hunter best kept with larger, robust fish.",
Tanganyika killifish,Lamprichthys tanganicanus,https://upload.wikimedia.org//wikipedia/commons/6/6c/Lamprichthys_tanganicanus.JPG,"This is a stunning, iridescent blue killifish from Lake Tanganyika that can grow quite large (up to 6 inches). They require at least 55 gallons with hard, alkaline water to mimic their Great Rift Valley home. Their temperament is peaceful but social, and they are tight schoolers that look magnificent in large groups. They are highly compatible with other Tanganyikan cichlids.",22–26 degrees celsius,"This is a stunning, iridescent blue killifish from Lake Tanganyika that can grow quite large (up to 6 inches). They require at least 55 gallons with hard, alkaline water to mimic their Great Rift Valley home. Their temperament is peaceful but social, and they are tight schoolers that look magnificent in large groups. They are highly compatible with other Tanganyikan cichlids.",7.0 - 8.0,15 – 20 gallons,"3.0 - 4.0 cm / 1.2 - 1.6""",Peaceful; a unique livebearer that is relatively rare and gets along well with other peaceful species.,https://en.wikipedia.org//wiki/Lamprichthys_tanganicanus
Norman's lampeye,Poropanchax normani,https://upload.wikimedia.org//wikipedia/commons/1/17/Aplocheilichthys_normani_3.jpg,"Norman's lampeye is a tiny, translucent killifish named for the brilliant, neon-blue ""eye"" that glows from the top of its head. They require a 10-to-15-gallon tank and look best against dark substrates and heavy planting. Their temperament is peaceful and schooling, and they are highly compatible with other nano-fish and shrimp. They are popular for adding a subtle but striking focal point to aquascapes.",22–26 degrees celsius,"Norman's lampeye is a tiny, translucent killifish named for the brilliant, neon-blue ""eye"" that glows from the top of its head. They require a 10-to-15-gallon tank and look best against dark substrates and heavy planting. Their temperament is peaceful and schooling, and they are highly compatible with other nano-fish and shrimp. They are popular for adding a subtle but striking focal point to aquascapes.",8.0 - 9.0,20 – 30 gallons,"6.0 - 8.0 cm / 2.4 - 3.1""","Very peaceful; one of the smallest fish in the hobby, best kept in a species-only or nano-only setup.",
Celebes halfbeak,Nomorhamphus liemi,https://upload.wikimedia.org//wikipedia/commons/5/56/Nomorhamphus_liemi_liemi_%28Wroclaw_zoo%29-2.JPG,"The Celebes halfbeak is a surface-dwelling predator with a unique, elongated lower jaw that looks like a beak. They require a 20-to-30-gallon tank with plenty of surface cover and a secure lid. Their temperament is peaceful toward other species but males can be territorial with one another. They are highly compatible with other peaceful community fish that stay in the mid-to-lower levels.",22–26 degrees celsius,"The Celebes halfbeak is a surface-dwelling predator with a unique, elongated lower jaw that looks like a beak. They require a 20-to-30-gallon tank with plenty of surface cover and a secure lid. Their temperament is peaceful toward other species but males can be territorial with one another. They are highly compatible with other peaceful community fish that stay in the mid-to-lower levels.",6.0 - 7.5,5 – 10 gallons,"4.0 - 6.0 cm / 1.6 - 2.4""","Peaceful; a hardy, surface-dwelling killifish that is compatible with other peaceful African species.",
Wrestling halfbeak,Dermogenys pusilla,https://upload.wikimedia.org//wikipedia/commons/b/b1/Dermogenys_pusilla.jpg,"The Wrestling halfbeak gets its name from the way males lock jaws to ""wrestle"" for dominance. They are small, silver surface-dwellers that require a 15-to-20-gallon tank. Their temperament is peaceful toward most tank mates but competitive within their own kind. They are highly compatible with other small, calm community fish.",22–26 degrees celsius,"The Wrestling halfbeak gets its name from the way males lock jaws to ""wrestle"" for dominance. They are small, silver surface-dwellers that require a 15-to-20-gallon tank. Their temperament is peaceful toward most tank mates but competitive within their own kind. They are highly compatible with other small, calm community fish.",6.5 - 8.0,5 – 10 gallons,"4.0 - 5.0 cm / 1.6 - 2.0""","Peaceful and shy; a tiny ""eye-catching"" fish that thrives in peaceful, planted nano tanks.",https://en.wikipedia.org//wiki/Dermogenys_pusilla
Forest halfbeak,Hemirhamphodon pogonognathus,https://upload.wikimedia.org//wikipedia/commons/c/cc/Hemirhamphodon_pogonognathus02.jpg,"The Forest halfbeak is a delicate, often colorful halfbeak found in the shaded forest streams of Southeast Asia. They require a 20-gallon tank with soft, acidic water and plenty of surface plants. Their temperament is peaceful and somewhat shy, and they are highly compatible with other blackwater species like rasboras. They are prized for their unique, elongated profile.",22–26 degrees celsius,"The Forest halfbeak is a delicate, often colorful halfbeak found in the shaded forest streams of Southeast Asia. They require a 20-gallon tank with soft, acidic water and plenty of surface plants. Their temperament is peaceful and somewhat shy, and they are highly compatible with other blackwater species like rasboras. They are prized for their unique, elongated profile.",6.5 - 8.0,10 – 15 gallons,"5.0 - 6.0 cm / 2.0 - 2.4""","Semi-aggressive; surface dwellers that can be ""beaky"" with each other; keep with peaceful mid-water fish.",
Blue Lyretail,Fundulopanchax gardneri,https://upload.wikimedia.org//wikipedia/commons/6/65/Fundulopanchax_gardneri.png,"The Blue Lyretail is a stunning, non-annual killifish featuring a metallic blue body covered in red spots and high-contrast yellow-and-red fins. They are relatively hardy and can be kept in a 10-to-15-gallon well-planted tank. Their temperament is peaceful toward other species but males can be aggressive with each other, so a ratio of several females to one male is best. They are highly compatible with other peaceful community fish.",22–26 degrees celsius,"The Blue Lyretail is a stunning, non-annual killifish featuring a metallic blue body covered in red spots and high-contrast yellow-and-red fins. They are relatively hardy and can be kept in a 10-to-15-gallon well-planted tank. Their temperament is peaceful toward other species but males can be aggressive with each other, so a ratio of several females to one male is best. They are highly compatible with other peaceful community fish.",6.0 - 7.0,5 – 10 gallons,"3.0 - 4.0 cm / 1.2 - 1.6""","Semi-aggressive; similar to the Celebes, they are territorial at the surface but peaceful toward bottom dwellers.",https://en.wikipedia.org//wiki/Fundulopanchax_gardneri
"Clown Killifish, rocket killifish",Epiplatys annulatus,https://upload.wikimedia.org//wikipedia/commons/8/82/Epiplaty_annulatus_-_Panchax_%C3%A0_bandes.jpg,"The Clown killifish is a tiny surface-dweller with bold black-and-cream vertical bands and a fiery red-and-blue tail that resembles a rocket flame. They are perfect for 5-to-10-gallon nano-tanks with floating plants and very calm water. Their temperament is peaceful and they are highly compatible with shrimp and other micro-fish. They are a favorite for small, artistic aquascapes",22–26 degrees celsius,"The Clown killifish is a tiny surface-dweller with bold black-and-cream vertical bands and a fiery red-and-blue tail that resembles a rocket flame. They are perfect for 5-to-10-gallon nano-tanks with floating plants and very calm water. Their temperament is peaceful and they are highly compatible with shrimp and other micro-fish. They are a favorite for small, artistic aquascapes",6.0 - 7.2,10 – 15 gallons,"4.0 - 6.0 cm / 1.6 - 2.4""",Semi-aggressive; an active surface hunter that should be kept with fish of a similar size to avoid predation.,https://en.wikipedia.org//wiki/Epiplatys_annulatus
"Bluefin Notho, Rachow's Notho, Rainbow Notho",Nothobranchius rachovii,https://upload.wikimedia.org//wikipedia/commons/7/72/Nothobranchius_rachovii_male.jpg,"These are ""annual"" killifish from Africa, famous for having some of the most intense, rainbow-like colors in the entire fish world. They require a small, 5-to-10-gallon tank and have a short natural lifespan of about one year. Their temperament is peaceful toward other species but males are very aggressive with one another. They are best kept in a species-only setup or with very small, calm tank mates.",22–26 degrees celsius,"These are ""annual"" killifish from Africa, famous for having some of the most intense, rainbow-like colors in the entire fish world. They require a small, 5-to-10-gallon tank and have a short natural lifespan of about one year. Their temperament is peaceful toward other species but males are very aggressive with one another. They are best kept in a species-only setup or with very small, calm tank mates.",4.0 - 7.0,10 – 15 gallons,"8.0 - 10.0 cm / 3.1 - 3.9""","Peaceful; a stunning, short-lived species that is best kept in specialized planted tanks with calm neighbors.",
"Striped panchax, Golden Wonder",Aplocheilus lineatus,https://upload.wikimedia.org//wikipedia/commons/5/53/Hechtlinge.jpg,"The Golden Wonder Killie is a large, predatory surface-dweller with a brilliant metallic yellow-gold body. They require at least 30 gallons and are notorious jumpers, so a tight-fitting lid is essential. Their temperament is semi-aggressive and they will eat any small fish that can fit in their large mouths. They are compatible with larger, robust community fish like barbs or gouramis.",22–26 degrees celsius,"The Golden Wonder Killie is a large, predatory surface-dweller with a brilliant metallic yellow-gold body. They require at least 30 gallons and are notorious jumpers, so a tight-fitting lid is essential. Their temperament is semi-aggressive and they will eat any small fish that can fit in their large mouths. They are compatible with larger, robust community fish like barbs or gouramis.",6.0 - 7.0,5 – 10 gallons,"5.0 - 6.0 cm / 2.0 - 2.4""","Peaceful; a tiny, surface-dwelling hunter that is safe with other peaceful, small community fish.",
American Flagfish,Jordanella floridae,https://upload.wikimedia.org//wikipedia/commons/d/d8/Jordanella_floridae.jpg,"The American Flagfish is a stocky killifish named for its pattern of red and blue stripes and a single dark ""star"" spot on its side. They are native to Florida and are famous for being one of the few fish that will eat nuisance hair algae. They require a 20-gallon tank and have a semi-aggressive temperament, especially during breeding. They are compatible with other robust, temperate-water species.",22–26 degrees celsius,"The American Flagfish is a stocky killifish named for its pattern of red and blue stripes and a single dark ""star"" spot on its side. They are native to Florida and are famous for being one of the few fish that will eat nuisance hair algae. They require a 20-gallon tank and have a semi-aggressive temperament, especially during breeding. They are compatible with other robust, temperate-water species.",6.0 - 7.5,5 – 10 gallons,"5.0 - 7.0 cm / 2.0 - 2.8""","Peaceful; very colorful and docile, though males may spar; best for dedicated planted setups.",https://en.wikipedia.org//wiki/Jordanella_floridae
Argentine Pearl,Austrolebias nigripinnis,https://upload.wikimedia.org//wikipedia/commons/1/1d/Austrolebias_nigripinnis992.jpg,"The Argentine Pearl is an annual killifish from South America, with males displaying a stunning dark blue body covered in shimmering white ""pearl"" spots. They require a small 10-gallon tank with soft water and peat substrate. Their temperament is peaceful but they have a short lifespan, focusing most of their energy on spawning. They are compatible with other peaceful, cool-water species.",22–26 degrees celsius,"The Argentine Pearl is an annual killifish from South America, with males displaying a stunning dark blue body covered in shimmering white ""pearl"" spots. They require a small 10-gallon tank with soft water and peat substrate. Their temperament is peaceful but they have a short lifespan, focusing most of their energy on spawning. They are compatible with other peaceful, cool-water species.",6.5 - 8.2,10 – 20 gallons,"6.0 - 8.0 cm / 2.4 - 3.1""",Semi-aggressive; a powerful surface predator that will eat smaller tankmates; keep with robust fish.,
Golden Toppminnow,Fundulus chrysotus,https://upload.wikimedia.org//wikipedia/commons/3/3d/Fundulus_chrysotus.jpg,"The Golden Toppminnow is a hardy North American native with a silver-gold body often covered in tiny red or gold flecks. They inhabit shallow, weedy areas and require at least 20 gallons with plenty of plant cover. Their temperament is peaceful and active, and they are highly compatible with other cool-water native species. They are prized for their hardiness and subtle, natural beauty.",22–26 degrees celsius,"The Golden Toppminnow is a hardy North American native with a silver-gold body often covered in tiny red or gold flecks. They inhabit shallow, weedy areas and require at least 20 gallons with plenty of plant cover. Their temperament is peaceful and active, and they are highly compatible with other cool-water native species. They are prized for their hardiness and subtle, natural beauty.",6.0 - 7.0,10 – 20 gallons,"6.0 - 8.0 cm / 2.4 - 3.1""","Peaceful but territorial; a great algae eater that can be ""bossy"" with its own kind but safe for community tanks.",https://en.wikipedia.org//wiki/Fundulus_chrysotus
Northern Studfish,Fundulus catenatus,https://upload.wikimedia.org//wikipedia/commons/2/25/Fundulus_catenatus.jpg,"The Northern studfish is a striking North American native, featuring a streamlined body covered in horizontal rows of brilliant blue-to-orange spots that create a ""chained"" appearance. They are typically found in clear, gravel-bottomed streams and require a 30-to-40-gallon aquarium with high oxygen levels and clean, moving water. Their temperament is active and generally peaceful, though males can be competitive with one another during the breeding season. They are highly compatible with other robust native species and are prized for their unique, sparkling coloration.",18–24 degrees celsius,"The Northern studfish is a striking North American native, featuring a streamlined body covered in horizontal rows of brilliant blue-to-orange spots that create a ""chained"" appearance. They are typically found in clear, gravel-bottomed streams and require a 30-to-40-gallon aquarium with high oxygen levels and clean, moving water. Their temperament is active and generally peaceful, though males can be competitive with one another during the breeding season. They are highly compatible with other robust native species and are prized for their unique, sparkling coloration.",6.5 - 7.5,20 – 30 gallons,"10.0 - 15.0 cm / 3.9 - 5.9""","Peaceful; social schooling fish that are best kept in groups with other non-aggressive, temperate species.",https://en.wikipedia.org//wiki/Fundulus_catenatus
Red-seam Killifish,Aphyosemion calliurum,,"The Red-seam Killifish is a colorful, non-annual species known for its vibrant body and high-contrast fins edged with a distinct red ""seam"" or border. They originate from the shaded forest streams of West Africa and thrive in a 10-to-20-gallon planted tank with soft, acidic water and low lighting. Their temperament is peaceful and somewhat shy, making them best suited for a species-only tank or a very calm community of nano-fish. They are particularly popular among killifish enthusiasts for their intricate fin patterns and relatively long lifespan compared to annual species.",22–26 degrees celsius,"The Red-seam Killifish is a colorful, non-annual species known for its vibrant body and high-contrast fins edged with a distinct red ""seam"" or border. They originate from the shaded forest streams of West Africa and thrive in a 10-to-20-gallon planted tank with soft, acidic water and low lighting. Their temperament is peaceful and somewhat shy, making them best suited for a species-only tank or a very calm community of nano-fish. They are particularly popular among killifish enthusiasts for their intricate fin patterns and relatively long lifespan compared to annual species.",6.5 - 7.5,15 – 20 gallons,"5.0 - 7.0 cm / 2.0 - 2.8""","Peaceful; beautiful and active, making them great additions to cool-water community setups.",
Arabian Killifish,Aphanius dispar,,"The Arabian Killifish is an incredibly hardy species native to the arid regions of the Middle East, where they inhabit everything from freshwater springs to hypersaline lagoons. They feature a silver-to-blue shimmering body with dark vertical bars and require a 15-to-20-gallon tank with hard, alkaline water. Their temperament is active and social, though they can be somewhat aggressive during spawning. They are unique in their ability to tolerate extreme water conditions and are highly compatible with other brackish-tolerant species.",24–32 degrees celsius,"The Arabian Killifish is an incredibly hardy species native to the arid regions of the Middle East, where they inhabit everything from freshwater springs to hypersaline lagoons. They feature a silver-to-blue shimmering body with dark vertical bars and require a 15-to-20-gallon tank with hard, alkaline water. Their temperament is active and social, though they can be somewhat aggressive during spawning. They are unique in their ability to tolerate extreme water conditions and are highly compatible with other brackish-tolerant species.",6.0 - 7.0,20 – 30 gallons,"4.0 - 5.0 cm / 1.6 - 2.0""","Peaceful; hardy and adaptable, they thrive in groups alongside other peaceful, cool-water tankmates.",https://en.wikipedia.org//wiki/Aphanius_dispar
Dwarf gourami,Trichogaster lalius,https://upload.wikimedia.org//wikipedia/commons/d/d6/Colisa_lalia.jpg,"The Dwarf gourami is a hobby staple, famous for its iridescent blue and orange-red diagonal stripes and its peaceful, slow-moving nature. They are labyrinth fish, meaning they can breathe atmospheric air, and require a 15-to-20-gallon tank with plenty of floating plants and low water flow. Their temperament is generally shy and gentle, though males can sometimes be territorial toward other gouramis. They are highly compatible with other peaceful community fish like rasboras and neon tetras.",24–28 degrees celsius,"The Dwarf gourami is a hobby staple, famous for its iridescent blue and orange-red diagonal stripes and its peaceful, slow-moving nature. They are labyrinth fish, meaning they can breathe atmospheric air, and require a 15-to-20-gallon tank with plenty of floating plants and low water flow. Their temperament is generally shy and gentle, though males can sometimes be territorial toward other gouramis. They are highly compatible with other peaceful community fish like rasboras and neon tetras.",7.0 - 8.5,10 – 15 gallons,"5.0 - 7.0 cm / 2.0 - 2.8""","Semi-aggressive; males can be territorial with each other, but they are generally peaceful toward other community species.",https://en.wikipedia.org//wiki/Colisa_lalia
Paradise fish,Macropodus opercularis,https://upload.wikimedia.org//wikipedia/commons/9/95/Paradise_fish_female_and_male_02.jpg,"The Paradise fish was one of the first ornamental fish imported to the West, recognized by its bold blue and orange vertical bars and flowing, forked tail. They are exceptionally hardy and can tolerate a wide range of temperatures, making them suitable for unheated indoor aquariums of at least 20 gallons. Their temperament is assertive and often aggressive, especially males toward one another or slow-moving tank mates. They are best compatible with other robust species like larger barbs or danios.",16–26 degrees celsius,"The Paradise fish was one of the first ornamental fish imported to the West, recognized by its bold blue and orange vertical bars and flowing, forked tail. They are exceptionally hardy and can tolerate a wide range of temperatures, making them suitable for unheated indoor aquariums of at least 20 gallons. Their temperament is assertive and often aggressive, especially males toward one another or slow-moving tank mates. They are best compatible with other robust species like larger barbs or danios.",6.0 - 7.5,15 – 20 gallons,"7.0 - 10.0 cm / 2.8 - 3.9""","Aggressive; highly territorial and prone to fighting with other labyrinth fish; best kept with fast, robust tankmates.",https://en.wikipedia.org//wiki/Macropodus_opercularis
"Pygmy gourami, Sparkling gourami",Trichopsis pumila,https://upload.wikimedia.org//wikipedia/commons/2/20/Trichopsis_pumila.jpg,"The Pygmy gourami is a tiny, jewel-like fish featuring a translucent body with shimmering blue spots and a dark mid-lateral stripe. They are famous for the ""croaking"" sound they produce during social interactions or breeding. They require a small 5-to-10-gallon tank with dense vegetation and calm water to feel secure. Their temperament is peaceful and shy, and they are highly compatible with freshwater shrimp and other micro-fish.",25–28 degrees celsius,"The Pygmy gourami is a tiny, jewel-like fish featuring a translucent body with shimmering blue spots and a dark mid-lateral stripe. They are famous for the ""croaking"" sound they produce during social interactions or breeding. They require a small 5-to-10-gallon tank with dense vegetation and calm water to feel secure. Their temperament is peaceful and shy, and they are highly compatible with freshwater shrimp and other micro-fish.",6.0 - 8.0,5 – 10 gallons,"3.0 - 4.5 cm / 1.2 - 1.8""","Peaceful; tiny and shy, these are perfect for nano-planted tanks with other very gentle, small fish.",https://en.wikipedia.org//wiki/Trichopsis_pumila
Moonlight gourami,Trichopodus microlepis,https://upload.wikimedia.org//wikipedia/commons/f/f3/Trichogaster_microlepis.jpg,"The Moonlight gourami is an elegant species featuring a solid, silvery-white body with a soft, iridescent sheen that resembles moonlight. They can grow up to 5 or 6 inches in length and require at least 30 to 40 gallons with plenty of tall plants and surface cover. Their temperament is exceptionally peaceful and timid, making them vulnerable to bullying by more aggressive species. They are highly compatible with other calm, medium-sized fish and are prized for their graceful movement.",24–30 degrees celsius,"The Moonlight gourami is an elegant species featuring a solid, silvery-white body with a soft, iridescent sheen that resembles moonlight. They can grow up to 5 or 6 inches in length and require at least 30 to 40 gallons with plenty of tall plants and surface cover. Their temperament is exceptionally peaceful and timid, making them vulnerable to bullying by more aggressive species. They are highly compatible with other calm, medium-sized fish and are prized for their graceful movement.",5.0 - 7.0,30 – 40 gallons,"12.0 - 15.0 cm / 4.7 - 5.9""","Peaceful; elegant and calm, they get along well with most medium-sized, non-aggressive community fish.",https://en.wikipedia.org//wiki/Trichopodus_microlepis
Snakeskin gourami,Trichopodus pectoralis,https://upload.wikimedia.org//wikipedia/commons/d/d4/Snakeskin_gourami.jpg,"Named for the intricate, dark wavy pattern that covers its olive-grey body, the Snakeskin gourami is a larger, robust species that can reach 8 inches in length. They require a 55-gallon tank and are known for being one of the most peaceful large gouramis available. Their temperament is docile, and they are excellent ""community giants"" that ignore most smaller tank mates. They are highly compatible with other large, peaceful fish and help add a unique texture to a planted display.",24–30 degrees celsius,"Named for the intricate, dark wavy pattern that covers its olive-grey body, the Snakeskin gourami is a larger, robust species that can reach 8 inches in length. They require a 55-gallon tank and are known for being one of the most peaceful large gouramis available. Their temperament is docile, and they are excellent ""community giants"" that ignore most smaller tank mates. They are highly compatible with other large, peaceful fish and help add a unique texture to a planted display.",6.0 - 7.5,40 – 55 gallons,"20.0 - 25.0 cm / 7.9 - 9.8""","Peaceful; known for their hardiness and docile nature, they are excellent for larger community aquariums.",https://en.wikipedia.org//wiki/Trichopodus_pectoralis
"Siamese fighting fish (sometimes Betta, esp. US)",Betta splendens,https://upload.wikimedia.org//wikipedia/commons/b/b8/Kampffisch_betta_splendenscele4.jpg,"The Siamese fighting fish is world-renowned for its spectacular finnage and intense colors, ranging from solid reds and blues to complex multi-color patterns. While they can live in small environments, they thrive in a 5-to-10-gallon filtered and heated tank with soft decor to protect their fins. Their temperament is highly aggressive toward other males and long-finned fish, so they are typically kept alone. They are compatible with certain snails and shrimp, provided the individual fish is not overly predatory.",25–30 degrees celsius,"The Siamese fighting fish is world-renowned for its spectacular finnage and intense colors, ranging from solid reds and blues to complex multi-color patterns. While they can live in small environments, they thrive in a 5-to-10-gallon filtered and heated tank with soft decor to protect their fins. Their temperament is highly aggressive toward other males and long-finned fish, so they are typically kept alone. They are compatible with certain snails and shrimp, provided the individual fish is not overly predatory.",6.0 - 8.0,10 - 15 gallons,"6.0 - 8.0 cm / 2.4 - 3.1""","Aggressive; males must be kept alone; can be kept with peaceful, short-finned bottom dwellers in larger setups.",https://en.wikipedia.org//wiki/Betta_splendens
Malay combtail,Belontia hasselti,https://upload.wikimedia.org//wikipedia/commons/b/b0/Belont_hasselt_100523-1755_sap.JPG,"The Malay combtail is a unique labyrinth fish featuring a ""honeycomb"" pattern on its fins and a thick, powerful body. They are native to Southeast Asia and require a 40-to-50-gallon tank with plenty of driftwood and caves. Their temperament is semi-aggressive and highly territorial, especially as they mature. They are best compatible with other robust, medium-sized fish and are prized by collectors for their unusual appearance and interesting social behaviors.",24–28 degrees celsius,"The Malay combtail is a unique labyrinth fish featuring a ""honeycomb"" pattern on its fins and a thick, powerful body. They are native to Southeast Asia and require a 40-to-50-gallon tank with plenty of driftwood and caves. Their temperament is semi-aggressive and highly territorial, especially as they mature. They are best compatible with other robust, medium-sized fish and are prized by collectors for their unusual appearance and interesting social behaviors.",6.0 - 7.5,15 – 20 gallons,"12.0 - 15.0 cm / 4.7 - 5.9""","Semi-aggressive; a larger relative of the fighting fish, they are territorial and best kept with robust neighbors.",
Slender betta,Betta bellica,,"The Slender betta is a wild-type species that is much longer and more streamlined than the common fancy betta, featuring a green-to-bronze iridescent body. They are bubble-nesters from the blackwater swamps of Malaysia and require a 20-gallon tank with soft, acidic water and plenty of leaf litter. Their temperament is peaceful compared to Betta splendens, though they can still be territorial during breeding. They are highly compatible with other calm, blackwater species like chocolate gouramis or rasboras.",22–28 degrees celsius,"The Slender betta is a wild-type species that is much longer and more streamlined than the common fancy betta, featuring a green-to-bronze iridescent body. They are bubble-nesters from the blackwater swamps of Malaysia and require a 20-gallon tank with soft, acidic water and plenty of leaf litter. Their temperament is peaceful compared to Betta splendens, though they can still be territorial during breeding. They are highly compatible with other calm, blackwater species like chocolate gouramis or rasboras.",6.0 - 7.5,10 – 15 gallons,"8.0 - 10.0 cm / 3.1 - 3.9""","Peaceful; very slender and shy, they require a quiet environment with other small, peaceful species.",
Scarlet betta,Betta coccina,https://upload.wikimedia.org//wikipedia/commons/8/8b/Betta_coccina_%22Jambi-Sumatra%22.JPG,"The Scarlet betta is a small, wine-red wild betta featuring a brilliant blue spot on its flank in certain populations. They are ""wine-red"" complex bettas that require a specialized 10-gallon blackwater setup with very low pH and plenty of moss. Their temperament is shy and reclusive, and they are best kept in pairs or small groups in a dedicated species tank. They are prized for their intense, deep red coloration and delicate nature.",24–28 degrees celsius,"The Scarlet betta is a small, wine-red wild betta featuring a brilliant blue spot on its flank in certain populations. They are ""wine-red"" complex bettas that require a specialized 10-gallon blackwater setup with very low pH and plenty of moss. Their temperament is shy and reclusive, and they are best kept in pairs or small groups in a dedicated species tank. They are prized for their intense, deep red coloration and delicate nature.",5.0 - 7.0,10 – 15 gallons,"4.0 - 5.0 cm / 1.6 - 2.0""","Peaceful; a small, delicate species that thrives in well-planted tanks with very calm tankmates.",
Crescent betta,Betta imbellis,https://upload.wikimedia.org//wikipedia/commons/1/19/Betta_imbellis_%28male%29_20100512_2.jpg,"Often called the ""Peaceful Betta,"" the Crescent betta looks similar to the wild Betta splendens but is far less aggressive. They display shimmering green and blue scales with red highlights on the fins and require a 10-to-15-gallon planted tank. Their temperament is peaceful enough that multiple individuals (including males) can sometimes be kept together in a large, heavily planted environment. They are highly compatible with other small, peaceful community fish.",20–30 degrees celsius,"Often called the ""Peaceful Betta,"" the Crescent betta looks similar to the wild Betta splendens but is far less aggressive. They display shimmering green and blue scales with red highlights on the fins and require a 10-to-15-gallon planted tank. Their temperament is peaceful enough that multiple individuals (including males) can sometimes be kept together in a large, heavily planted environment. They are highly compatible with other small, peaceful community fish.",5.0 - 7.0,10 – 15 gallons,"6.0 - 8.0 cm / 2.4 - 3.1""","Peaceful; social and active, they are best kept in schools with other peaceful, small-to-medium fish.",https://en.wikipedia.org//wiki/Betta_imbellis
Toba betta,Betta rubra,,"The Toba betta is a stunning mouth-brooding species featuring a bright red body with dark vertical bars and a black patch behind the eye. They are native to Sumatra and require a 10-to-20-gallon tank with soft water and plenty of hiding spots. Their temperament is peaceful and they are often kept in pairs, with the male carrying the eggs in his mouth until they hatch. They are highly compatible with other small, calm species and are a favorite among wild betta enthusiasts.",22–28 degrees celsius,"The Toba betta is a stunning mouth-brooding species featuring a bright red body with dark vertical bars and a black patch behind the eye. They are native to Sumatra and require a 10-to-20-gallon tank with soft water and plenty of hiding spots. Their temperament is peaceful and they are often kept in pairs, with the male carrying the eggs in his mouth until they hatch. They are highly compatible with other small, calm species and are a favorite among wild betta enthusiasts.",5.0 - 7.0,10 – 15 gallons,"6.0 - 8.0 cm / 2.4 - 3.1""","Peaceful; a rare and beautiful species that prefers specialized setups with other calm, non-aggressive fish.",https://en.wikipedia.org//wiki/Betta_rubra
Giant Pikehead,Luciocephalus pulcher,https://upload.wikimedia.org//wikipedia/commons/6/6f/Luciocephalus_pulcher_%28Gray%2C_1830%29.jpg,"The Giant Pikehead is a highly specialized, predatory labyrinth fish that looks more like a crocodile or a pike than a gourami. They are masters of camouflage, featuring a long, pointed snout and a brown mottled pattern, and require a 30-to-40-gallon blackwater setup with slow flow. Their temperament is predatory but stationary, as they wait for live prey to swim past. They are only compatible with fish too large to be eaten and are considered a ""challenge"" species due to their strict live-food requirements.",24–28 degrees celsius,"The Giant Pikehead is a highly specialized, predatory labyrinth fish that looks more like a crocodile or a pike than a gourami. They are masters of camouflage, featuring a long, pointed snout and a brown mottled pattern, and require a 30-to-40-gallon blackwater setup with slow flow. Their temperament is predatory but stationary, as they wait for live prey to swim past. They are only compatible with fish too large to be eaten and are considered a ""challenge"" species due to their strict live-food requirements.",5.0 - 7.0,40 – 55 gallons,"15.0 - 20.0 cm / 5.9 - 7.9""",Highly Predatory; a large surface-dweller that will eat any fish it can swallow; best kept alone or with very large fish.,
Chocolate gourami,Sphaerichthys osphromenoides,https://upload.wikimedia.org//wikipedia/commons/f/f6/Sphaerichthys_breeding.jpg,"The Chocolate gourami is a delicate and beautiful species with a rich brown body accented by vertical cream-colored bands. They are native to the peat swamps of Southeast Asia and are notoriously sensitive, requiring very soft, acidic water and consistent parameters in a 20-gallon tank. Their temperament is peaceful and shy, and they are best kept in a dedicated blackwater community. They are highly compatible with other tiny, calm species like dwarf rasboras.",24–28 degrees celsius,"The Chocolate gourami is a delicate and beautiful species with a rich brown body accented by vertical cream-colored bands. They are native to the peat swamps of Southeast Asia and are notoriously sensitive, requiring very soft, acidic water and consistent parameters in a 20-gallon tank. Their temperament is peaceful and shy, and they are best kept in a dedicated blackwater community. They are highly compatible with other tiny, calm species like dwarf rasboras.",5.0 - 6.5,15 – 20 gallons,"5.0 - 6.0 cm / 2.0 - 2.4""","Peaceful; very sensitive and shy, they require excellent water quality and very peaceful, quiet tankmates.",https://en.wikipedia.org//wiki/Sphaerichthys_osphromenoides
Pearl gourami,Trichopodus leerii,https://upload.wikimedia.org//wikipedia/commons/6/68/Fadenfisch_mosaik_m%C3%A4nnlich.jpg,"The Pearl gourami is widely considered one of the most beautiful aquarium fish, featuring a mosaic of white ""pearl"" spots over a violet-silver body and a deep orange throat on males. They require a 30-to-40-gallon tank and are famously peaceful, making them ideal community fish. Their temperament is gentle and social, and they look best in groups of three or more. They are highly compatible with almost all non-aggressive community fish.",24–27 degrees celsius,"The Pearl gourami is widely considered one of the most beautiful aquarium fish, featuring a mosaic of white ""pearl"" spots over a violet-silver body and a deep orange throat on males. They require a 30-to-40-gallon tank and are famously peaceful, making them ideal community fish. Their temperament is gentle and social, and they look best in groups of three or more. They are highly compatible with almost all non-aggressive community fish.",4.0 - 6.0,30 – 40 gallons,"10.0 - 12.0 cm / 3.9 - 4.7""",Peaceful; a stunning community favorite that is very social and gets along with almost any peaceful fish.,https://en.wikipedia.org//wiki/Trichopodus_leerii
Three spot gourami,Trichopodus trichopterus,https://upload.wikimedia.org//wikipedia/commons/2/2a/Fadenfisch_blau_m%C3%A4nnlich_%282010%29_2.jpg,"The Three spot gourami, which includes the ""Blue"" and ""Gold"" varieties, is a hardy and active species named for the two spots on its side (the eye being the third). They require at least 30 gallons and are much more boisterous than the Pearl or Moonlight gouramis. Their temperament is semi-aggressive, and they may bully smaller, more timid fish. They are compatible with other robust schooling fish like barbs or large tetras.",23–27 degrees celsius,"The Three spot gourami, which includes the ""Blue"" and ""Gold"" varieties, is a hardy and active species named for the two spots on its side (the eye being the third). They require at least 30 gallons and are much more boisterous than the Pearl or Moonlight gouramis. Their temperament is semi-aggressive, and they may bully smaller, more timid fish. They are compatible with other robust schooling fish like barbs or large tetras.",6.0 - 8.0,30 – 40 gallons,"10.0 - 15.0 cm / 3.9 - 5.9""","Semi-aggressive; can be territorial and ""bossy"" during feeding; best kept with other medium-to-large active fish.",https://en.wikipedia.org//wiki/Trichopodus_trichopterus
Croaking gourami,Trichopsis vittata,https://upload.wikimedia.org//wikipedia/commons/8/81/Trichopsis_vittata_LCK_8707.JPG,"The Croaking gourami is a larger cousin of the Sparkling gourami, featuring a more elongated body and a more audible ""croaking"" sound. They require a 20-to-30-gallon tank with plenty of plants and enjoy a social environment. Their temperament is peaceful, though they can be territorial during spawning. They are highly compatible with other medium-sized community fish and add a unique ""vocal"" element to the aquarium.",22–27 degrees celsius,"The Croaking gourami is a larger cousin of the Sparkling gourami, featuring a more elongated body and a more audible ""croaking"" sound. They require a 20-to-30-gallon tank with plenty of plants and enjoy a social environment. Their temperament is peaceful, though they can be territorial during spawning. They are highly compatible with other medium-sized community fish and add a unique ""vocal"" element to the aquarium.",6.0 - 8.0,20 – 30 gallons,"6.0 - 8.0 cm / 2.4 - 3.1""","Peaceful; smaller and more vocal than others, they are social and best kept with other peaceful nano fish.",https://en.wikipedia.org//wiki/Trichopsis_vittata
Giant gourami,Osphronemus goramy,https://upload.wikimedia.org//wikipedia/commons/2/21/Giant.gourami.arp.jpg,"The Giant gourami is a massive species that can grow up to 24 inches in length and develop a distinct ""nuchal hump"" on its forehead. They are intelligent and can become quite tame, but they require a massive aquarium of at least 200 to 300 gallons. Their temperament is generally peaceful for their size, but their sheer bulk makes them incompatible with small fish. They are compatible with other large, robust species like oscars or large catfish",22–26 degrees celsius,"The Giant gourami is a massive species that can grow up to 24 inches in length and develop a distinct ""nuchal hump"" on its forehead. They are intelligent and can become quite tame, but they require a massive aquarium of at least 200 to 300 gallons. Their temperament is generally peaceful for their size, but their sheer bulk makes them incompatible with small fish. They are compatible with other large, robust species like oscars or large catfish",5.0 - 7.0,180 – 300+ gallons,"45.0 - 70.0 cm / 17.7 - 27.6""","Peaceful but grows massive; only suitable for enormous tanks with other very large, peaceful ""gentle giants.""",https://en.wikipedia.org//wiki/Osphronemus_goramy
Kissing gourami,Helostoma temminckii,https://upload.wikimedia.org//wikipedia/commons/5/55/Helostoma_temminkii_01.jpg,"The Kissing gourami is famous for its ""kissing"" behavior, which is actually a form of ritualized social combat used to establish dominance. They are large, active fish that can reach 10 inches and require at least 55 to 75 gallons. Their temperament is semi-aggressive, and they are constant grazers that will rasp algae off glass and plants. They are compatible with other medium-to-large community fish.",24–28 degrees celsius,"The Kissing gourami is famous for its ""kissing"" behavior, which is actually a form of ritualized social combat used to establish dominance. They are large, active fish that can reach 10 inches and require at least 55 to 75 gallons. Their temperament is semi-aggressive, and they are constant grazers that will rasp algae off glass and plants. They are compatible with other medium-to-large community fish.",6.5 - 8.0,55 – 75 gallons,"20.0 - 30.0 cm / 7.9 - 11.8""","Semi-aggressive; famous for their behavior, they can be pushy; best kept in groups with other active, robust fish.",https://en.wikipedia.org//wiki/Helostoma_temminckii
Climbing perch,Anabas testudineus,https://upload.wikimedia.org//wikipedia/commons/e/ec/Pla_mo-Thailand25.JPG,"The Climbing perch is a robust and hardy fish capable of using its pectoral fins to ""walk"" across land between bodies of water. They are slate-grey to olive in color and require a 40-to-50-gallon tank with a very secure lid. Their temperament is predatory and aggressive, and they will eat any fish small enough to fit in their mouths. They are best compatible with other large, tough species and are prized for their incredible survival instincts.",22–30 degrees celsius,"The Climbing perch is a robust and hardy fish capable of using its pectoral fins to ""walk"" across land between bodies of water. They are slate-grey to olive in color and require a 40-to-50-gallon tank with a very secure lid. Their temperament is predatory and aggressive, and they will eat any fish small enough to fit in their mouths. They are best compatible with other large, tough species and are prized for their incredible survival instincts.",6.0 - 8.0,30 – 55 gallons,"15.0 - 25.0 cm / 5.9 - 9.8""","Predatory; an active hunter that will eat smaller tankmates; best kept with other medium-sized, fast fish.",
Leopard bush fish,Ctenopoma acutirostre,https://upload.wikimedia.org//wikipedia/commons/2/26/Ctenopoma_acutirostre_1.JPG,"The Leopard bush fish is a stunning African labyrinth fish covered in large, irregular dark spots on a golden-brown body, providing perfect camouflage. They are ambush predators that require a 30-to-40-gallon tank with plenty of plants and driftwood. Their temperament is peaceful toward anything too large to eat, but they are highly efficient at hunting small tank mates. They are compatible with medium-sized fish like Congo tetras or larger barbs.",23–28 degrees celsius,"The Leopard bush fish is a stunning African labyrinth fish covered in large, irregular dark spots on a golden-brown body, providing perfect camouflage. They are ambush predators that require a 30-to-40-gallon tank with plenty of plants and driftwood. Their temperament is peaceful toward anything too large to eat, but they are highly efficient at hunting small tank mates. They are compatible with medium-sized fish like Congo tetras or larger barbs.",6.0 - 8.0,40 – 55 gallons,"15.0 - 20.0 cm / 5.9 - 7.9""","Predatory; a ""sit-and-wait"" predator that uses camouflage; keep with robust fish that are too large to be swallowed.",https://en.wikipedia.org//wiki/Ctenopoma_acutirostre
African leaffish,Polycentropsis abbreviata,,"The African leaffish is a master of mimicry, shaped and colored exactly like a dead leaf to surprise its prey. They require a 20-to-30-gallon tank with very slow water flow and plenty of broad-leafed plants. Their temperament is predatory and sedentary; they rarely move unless a small fish swims too close to their massive mouth. They are only compatible with fish much larger than themselves and are a fascinating ""specialist"" species.",23–27 degrees celsius,"The African leaffish is a master of mimicry, shaped and colored exactly like a dead leaf to surprise its prey. They require a 20-to-30-gallon tank with very slow water flow and plenty of broad-leafed plants. Their temperament is predatory and sedentary; they rarely move unless a small fish swims too close to their massive mouth. They are only compatible with fish much larger than themselves and are a fascinating ""specialist"" species.",6.0 - 7.5,30 – 50 gallons,"15.0 - 20.0 cm / 5.9 - 7.9""","Highly Predatory; a powerful ambush hunter; only compatible with other very large, sturdy ""monster"" fish.",https://en.wikipedia.org//wiki/Polycentropsis_abbreviata
Bornean leaffish,Nandus nebulosus,,"These Leaffish are similar in behavior to their African cousins but originate from the river systems of Southeast Asia. They feature mottled brown patterns and are highly effective ambush hunters that require at least 30 gallons. Their temperament is aggressive toward smaller fish and they are highly territorial with their own kind. They are best kept in a species-specific tank or with robust, large companions.",24–28 degrees celsius,"These Leaffish are similar in behavior to their African cousins but originate from the river systems of Southeast Asia. They feature mottled brown patterns and are highly effective ambush hunters that require at least 30 gallons. Their temperament is aggressive toward smaller fish and they are highly territorial with their own kind. They are best kept in a species-specific tank or with robust, large companions.",6.0 - 7.5,20 – 30 gallons,"15.0 - 20.0 cm / 5.9 - 7.9""","Highly Predatory; similar to other leaf-mimics, it is a specialized hunter that should be kept with large tankmates.",
Malayan leaffish,Pristolepis fasciata,https://upload.wikimedia.org//wikipedia/commons/7/7d/Pristol_fasci_100614-3518_awr.JPG,"The Malayan leaffish, also known as the Catopra, is a master of mimicry and a highly specialized ambush predator native to the slow-moving rivers, swamps, and flooded forests across Thailand, Malaysia, and Indonesia. This species features a deep, laterally compressed body with a jagged dorsal fin and a mottled, brownish-gold or olive-green coloration that allows it to blend seamlessly with the submerged leaf litter and driftwood of its native blackwater habitats. Reaching an adult size of about 6 to 8 inches, they require a well-structured aquarium of at least 40 to 50 gallons that provides plenty of ""low-light"" hiding spots among dense vegetation and root tangles. Their temperament is generally sedentary and calm, but they possess a remarkably large, protrusible mouth designed to swallow unsuspecting small fish and crustaceans whole in a split-second strike. While they are peaceful toward tank mates that are too large to be considered prey, they are highly incompatible with small community fish like tetras or guppies and can be quite demanding in their diet, often requiring live or frozen meaty foods such as shrimp and small feeder fish to thrive.",24–28 degrees celsius,"The Malayan leaffish, also known as the Catopra, is a master of mimicry and a highly specialized ambush predator native to the slow-moving rivers, swamps, and flooded forests across Thailand, Malaysia, and Indonesia. This species features a deep, laterally compressed body with a jagged dorsal fin and a mottled, brownish-gold or olive-green coloration that allows it to blend seamlessly with the submerged leaf litter and driftwood of its native blackwater habitats. Reaching an adult size of about 6 to 8 inches, they require a well-structured aquarium of at least 40 to 50 gallons that provides plenty of ""low-light"" hiding spots among dense vegetation and root tangles. Their temperament is generally sedentary and calm, but they possess a remarkably large, protrusible mouth designed to swallow unsuspecting small fish and crustaceans whole in a split-second strike. While they are peaceful toward tank mates that are too large to be considered prey, they are highly incompatible with small community fish like tetras or guppies and can be quite demanding in their diet, often requiring live or frozen meaty foods such as shrimp and small feeder fish to thrive.",6.0 - 7.0,20 – 30 gallons,"12.0 - 15.0 cm / 4.7 - 5.9""","Highly Predatory; a fast-moving hunter that prefers live foods; keep only with other large, robust species.",
Forest snakehead,Channa lucius,https://upload.wikimedia.org//wikipedia/commons/8/89/Channa_lucius_2.jpg,"The Forest snakehead is a powerful predator with a long, cylindrical body and a pattern of dark blotches designed for hiding in jungle streams. They can grow up to 12 inches and require at least 55 to 75 gallons with a very secure lid. Their temperament is highly predatory and aggressive, and they should generally be kept alone. They are prized by monster fish keepers for their striking ""primeval"" appearance.",22–28 degrees celsius,"The Forest snakehead is a powerful predator with a long, cylindrical body and a pattern of dark blotches designed for hiding in jungle streams. They can grow up to 12 inches and require at least 55 to 75 gallons with a very secure lid. Their temperament is highly predatory and aggressive, and they should generally be kept alone. They are prized by monster fish keepers for their striking ""primeval"" appearance.",6.0 - 7.0,20 – 30 gallons,"20.0 - 30.0 cm / 7.9 - 11.8""",Highly Predatory; very aggressive and territorial; generally doesn't need a tankmate as it is a top-tier predator.,https://en.wikipedia.org//wiki/Channa_lucius
Dwarf snakehead,Channa gachua,https://upload.wikimedia.org//wikipedia/commons/d/d2/Channa_gachua_TH203_-_W004.jpg,"The Dwarf snakehead is one of the most colorful and manageable snakeheads, often displaying blue-to-orange fin edges and reaching only about 6 to 8 inches. They require a 30-to-40-gallon tank and are mouth-brooders with complex social behaviors. Their temperament is predatory but less explosive than larger snakeheads, though they are still incompatible with most community fish. They are highly compatible with a dedicated species-only setup.",18–25 degrees celsius,"The Dwarf snakehead is one of the most colorful and manageable snakeheads, often displaying blue-to-orange fin edges and reaching only about 6 to 8 inches. They require a 30-to-40-gallon tank and are mouth-brooders with complex social behaviors. Their temperament is predatory but less explosive than larger snakeheads, though they are still incompatible with most community fish. They are highly compatible with a dedicated species-only setup.",6.0 - 7.5,20 – 30 gallons,"12.0 - 15.0 cm / 4.7 - 5.9""",Highly Predatory; a smaller but very aggressive predator; best kept in a species-only setup or with larger fish.,
Emperor snakehead,Channa marulioides,,"The Emperor snakehead is a massive and stunningly beautiful species, featuring large ""ocelli"" (eye-spots) along its flanks that glow with orange and gold as it matures. They can reach nearly 3 feet in length and require a massive custom aquarium or indoor pond. Their temperament is highly predatory and powerful, making them unsuitable for any standard community. They are a ""holy grail"" species for specialized large-predator enthusiasts.",24–28 degrees celsius,"The Emperor snakehead is a massive and stunningly beautiful species, featuring large ""ocelli"" (eye-spots) along its flanks that glow with orange and gold as it matures. They can reach nearly 3 feet in length and require a massive custom aquarium or indoor pond. Their temperament is highly predatory and powerful, making them unsuitable for any standard community. They are a ""holy grail"" species for specialized large-predator enthusiasts.",6.0 - 7.5,40 – 55 gallons,"60.0 - 80.0 cm / 23.6 - 31.5""","Highly Predatory; grows very large and is highly territorial; best suited for a massive, species-specific tank.",
Giant snakehead,Channa micropeltes,https://upload.wikimedia.org//wikipedia/commons/3/3b/Channa_micropeltes%2C.jpg,"The Giant snakehead is the most aggressive and powerful member of the genus, capable of reaching 3 feet and known for its devastating strike. As juveniles, they have bright orange stripes, but they mature into a solid, sleek blue-grey. They require a massive environment of several hundred gallons and are generally kept solo. Their temperament is hyper-predatory, and they are famous for their strength and intelligence.",25–30 degrees celsius,"The Giant snakehead is the most aggressive and powerful member of the genus, capable of reaching 3 feet and known for its devastating strike. As juveniles, they have bright orange stripes, but they mature into a solid, sleek blue-grey. They require a massive environment of several hundred gallons and are generally kept solo. Their temperament is hyper-predatory, and they are famous for their strength and intelligence.",6.0 - 7.5,30 – 55 gallons,"100.0 - 130.0 cm / 39.4 - 51.2""",Highly Predatory; an apex predator that grows massive; not compatible with standard community or even large fish.,
Ocellated snakehead,Channa pleurophthalma,https://upload.wikimedia.org//wikipedia/commons/b/b7/Channidae_-_Channa_pleurophthalma.JPG,"The Ocellated snakehead is one of the most visually distinct members of its genus, featuring a series of bright, black-and-orange eye-spots (ocelli) along its shimmering blue-green flanks. Unlike many other snakeheads that are solitary lurkers, this species is more active and open-water oriented, requiring a large aquarium of at least 75 to 100 gallons with a very secure, weighted lid. Their temperament is highly predatory but relatively social compared to their cousins, often doing better when kept in small groups as juveniles. They are compatible only with other large, robust fish that cannot be swallowed, and they require high-quality meaty foods to maintain their brilliant iridescent colors.",22–28 degrees celsius,"The Ocellated snakehead is one of the most visually distinct members of its genus, featuring a series of bright, black-and-orange eye-spots (ocelli) along its shimmering blue-green flanks. Unlike many other snakeheads that are solitary lurkers, this species is more active and open-water oriented, requiring a large aquarium of at least 75 to 100 gallons with a very secure, weighted lid. Their temperament is highly predatory but relatively social compared to their cousins, often doing better when kept in small groups as juveniles. They are compatible only with other large, robust fish that cannot be swallowed, and they require high-quality meaty foods to maintain their brilliant iridescent colors.",6.0 - 7.5,125 – 180 gallons,"40.0 - 60.0 cm / 15.7 - 23.6""","Highly Predatory; a beautiful but deadly hunter; only compatible with other very large, robust ""monster"" fish.",
African snakehead,Parachanna obscura,https://upload.wikimedia.org//wikipedia/commons/f/fd/Parachanna_obscura_-_Aqua_Porte_Dor%C3%A9e_11.JPG,"The African snakehead features a long, cylindrical body covered in a pattern of large, dark, mottled blotches that provide perfect camouflage against riverbank debris. Native to the river basins of West and Central Africa, they can reach lengths of 14 to 18 inches and require a 75-gallon tank with plenty of hiding spots made of large driftwood and pipework. Their temperament is shy and nocturnal, often spending the daylight hours hidden before becoming an efficient ambush predator at night. They are not suitable for community tanks and are best kept alone or with very large, non-aggressive African species like larger Catfish.",25–30 degrees celsius,"The African snakehead features a long, cylindrical body covered in a pattern of large, dark, mottled blotches that provide perfect camouflage against riverbank debris. Native to the river basins of West and Central Africa, they can reach lengths of 14 to 18 inches and require a 75-gallon tank with plenty of hiding spots made of large driftwood and pipework. Their temperament is shy and nocturnal, often spending the daylight hours hidden before becoming an efficient ambush predator at night. They are not suitable for community tanks and are best kept alone or with very large, non-aggressive African species like larger Catfish.",6.0 - 7.5,250 – 500+ gallons,"30.0 - 45.0 cm / 11.8 - 17.7""","Highly Predatory; active and aggressive; requires a large, specialized setup with other similarly sized predators.",https://en.wikipedia.org//wiki/Parachanna_obscura
Red rainbowfish,Glossolepis incisus,https://upload.wikimedia.org//wikipedia/commons/2/24/GlossolepisIncisus.JPG,"The Red rainbowfish is a stunning centerpiece fish where mature males develop a deep, fiery crimson-red color and a distinctively high-backed body shape. They are endemic to Lake Sentani in West Papua and require a 55-gallon tank with hard, alkaline water and plenty of swimming room to accommodate their active nature. Their temperament is peaceful and highly social, thriving best in schools of six or more where males will ""flash"" their colors to impress females. They are highly compatible with other medium-sized community fish and add a massive burst of color to any well-lit, planted aquarium.",22–28 degrees celsius,"The Red rainbowfish is a stunning centerpiece fish where mature males develop a deep, fiery crimson-red color and a distinctively high-backed body shape. They are endemic to Lake Sentani in West Papua and require a 55-gallon tank with hard, alkaline water and plenty of swimming room to accommodate their active nature. Their temperament is peaceful and highly social, thriving best in schools of six or more where males will ""flash"" their colors to impress females. They are highly compatible with other medium-sized community fish and add a massive burst of color to any well-lit, planted aquarium.",6.0 - 7.5,125 – 180 gallons,"10.0 - 15.0 cm / 3.9 - 5.9""","Peaceful; very active and social, they are ideal schooling fish for most standard community aquariums.",https://en.wikipedia.org//wiki/Glossolepis_incisus
Lake Wanam rainbowfish,Glossolepis wanamensis,https://upload.wikimedia.org//wikipedia/commons/d/dc/Glossolepis_wanamensis.jpg,"The Lake Wanam rainbowfish is an increasingly rare species in the wild, prized for its unique greenish-bronze body and the brilliant rosy-red flush that appears on the lower half of dominant males. They require a 40-to-55-gallon setup with stable water parameters and frequent water changes to thrive. Their temperament is peaceful and active, and they spend most of their time in the upper and middle layers of the water column. They are compatible with other Rainbowfish and peaceful community residents, and they benefit greatly from a diet rich in carotenoids to maintain their subtle color highlights.",25–30 degrees celsius,"The Lake Wanam rainbowfish is an increasingly rare species in the wild, prized for its unique greenish-bronze body and the brilliant rosy-red flush that appears on the lower half of dominant males. They require a 40-to-55-gallon setup with stable water parameters and frequent water changes to thrive. Their temperament is peaceful and active, and they spend most of their time in the upper and middle layers of the water column. They are compatible with other Rainbowfish and peaceful community residents, and they benefit greatly from a diet rich in carotenoids to maintain their subtle color highlights.",7.0 - 8.0,125 – 180 gallons,"8.0 - 12.0 cm / 3.1 - 4.7""","Peaceful; a rare and beautiful rainbowfish that thrives in schools with other peaceful, active neighbors.",https://en.wikipedia.org//wiki/Glossolepis_wanamensis
Threadfin rainbowfish,Iriatherina werneri,https://upload.wikimedia.org//wikipedia/commons/a/ad/Iriatherina_Werneri-Yellow_Finned_Male.jpg,"The Threadfin rainbowfish is a delicate, ""nano"" species famous for the incredibly long, feather-like fin extensions found on the males. They reach only about 2 inches in size and are perfect for a 15-to-20-gallon planted aquarium with very gentle water flow to avoid damaging their fins. Their temperament is exceptionally peaceful and shy, meaning they should only be kept with other tiny, non-nippy species like Blue-eyes or freshwater shrimp. They are tight schoolers that display spectacular ""flicking"" behaviors with their fins when competing for the attention of females.",23–28 degrees celsius,"The Threadfin rainbowfish is a delicate, ""nano"" species famous for the incredibly long, feather-like fin extensions found on the males. They reach only about 2 inches in size and are perfect for a 15-to-20-gallon planted aquarium with very gentle water flow to avoid damaging their fins. Their temperament is exceptionally peaceful and shy, meaning they should only be kept with other tiny, non-nippy species like Blue-eyes or freshwater shrimp. They are tight schoolers that display spectacular ""flicking"" behaviors with their fins when competing for the attention of females.",7.0 - 8.0,30 – 55 gallons,"4.0 - 5.0 cm / 1.6 - 2.0""","Peaceful; small and delicate, they are best kept in schools with other tiny, non-aggressive community species.",https://en.wikipedia.org//wiki/Iriatherina_werneri
New Guinea rainbowfish,Melanotaenia affinis,,"The New Guinea rainbowfish is a hardy and adaptable species featuring a silver-to-gold body with a dark mid-lateral stripe and fins that can range from yellow to red depending on the specific collection locality. They inhabit a wide variety of environments from fast streams to stagnant pools and require at least a 30-to-40-gallon tank. Their temperament is active and social, making them an excellent choice for a community aquarium. They are highly compatible with almost any peaceful fish of a similar size and are known for being one of the easier rainbowfish to care for and breed.",24–30 degrees celsius,"The New Guinea rainbowfish is a hardy and adaptable species featuring a silver-to-gold body with a dark mid-lateral stripe and fins that can range from yellow to red depending on the specific collection locality. They inhabit a wide variety of environments from fast streams to stagnant pools and require at least a 30-to-40-gallon tank. Their temperament is active and social, making them an excellent choice for a community aquarium. They are highly compatible with almost any peaceful fish of a similar size and are known for being one of the easier rainbowfish to care for and breed.",6.0 - 7.5,30 – 55 gallons,"8.0 - 10.0 cm / 3.1 - 3.9""",Peaceful; a hardy and colorful species that is very social and gets along with most community fish.,
Western rainbowfish,Melanotaenia australis,https://upload.wikimedia.org//wikipedia/commons/d/da/300_Melanotaenia_australis_Western_rainbowfish_Mitchell_River_NP_VIII-2013.jpg,"The Western rainbowfish is a highly variable species from Australia, typically displaying a shimmering silver-blue body with two distinct dark lines along the sides and reddish-orange fins. They are very active swimmers that require a 40-gallon tank with a tight-fitting lid, as they are prone to jumping when excited. Their temperament is peaceful and they thrive in a group, where they will constantly interact and ""play"" in the current. They are highly compatible with other Australian natives and larger tetras.",20–30 degrees celsius,"The Western rainbowfish is a highly variable species from Australia, typically displaying a shimmering silver-blue body with two distinct dark lines along the sides and reddish-orange fins. They are very active swimmers that require a 40-gallon tank with a tight-fitting lid, as they are prone to jumping when excited. Their temperament is peaceful and they thrive in a group, where they will constantly interact and ""play"" in the current. They are highly compatible with other Australian natives and larger tetras.",7.0 - 8.0,15 – 20 gallons,"8.0 - 12.0 cm / 3.1 - 4.7""","Peaceful; active and easy-going, they are great for beginners and compatible with many other species.",
Boeseman's rainbowfish,Melanotaenia boesemani,https://upload.wikimedia.org//wikipedia/commons/1/1b/Sunny1.jpg,"Boeseman's rainbowfish is perhaps the most iconic rainbowfish, known for its ""half-and-half"" coloration where the front of the fish is a brilliant blue and the back half is a fiery orange-yellow. They require a 55-gallon tank and, most importantly, very hard, alkaline water to display their best colors. Their temperament is peaceful and energetic, and they are most active during the morning hours. They are highly compatible with other active community fish and are a favorite for large, high-tech planted displays.",21–30 degrees celsius,"Boeseman's rainbowfish is perhaps the most iconic rainbowfish, known for its ""half-and-half"" coloration where the front of the fish is a brilliant blue and the back half is a fiery orange-yellow. They require a 55-gallon tank and, most importantly, very hard, alkaline water to display their best colors. Their temperament is peaceful and energetic, and they are most active during the morning hours. They are highly compatible with other active community fish and are a favorite for large, high-tech planted displays.",7.0 - 8.0,30 – 55 gallons,"10.0 - 12.0 cm / 3.9 - 4.7""",Peaceful; an iconic rainbowfish known for its stunning half-and-half color; very social and peaceful.,https://en.wikipedia.org//wiki/Melanotaenia_boesemani
Duboulayi's rainbowfish,Melanotaenia duboulayi,https://upload.wikimedia.org//wikipedia/commons/6/62/M_duboulayi.jpg,"Also known as the Crimson-spotted rainbowfish, this species features a silver-green body with a prominent red spot on the gill cover and intricate red patterning on the fins. They are very hardy and can tolerate cooler temperatures than many other tropical species, making them suitable for unheated indoor tanks of 30 to 40 gallons. Their temperament is peaceful and schooling, and they are excellent at keeping a tank lively with their constant motion. They are highly compatible with other temperate species and are valued for their natural, wild appearance.",22–28 degrees celsius,"Also known as the Crimson-spotted rainbowfish, this species features a silver-green body with a prominent red spot on the gill cover and intricate red patterning on the fins. They are very hardy and can tolerate cooler temperatures than many other tropical species, making them suitable for unheated indoor tanks of 30 to 40 gallons. Their temperament is peaceful and schooling, and they are excellent at keeping a tank lively with their constant motion. They are highly compatible with other temperate species and are valued for their natural, wild appearance.",7.0 - 8.0,30 – 55 gallons,"10.0 - 12.0 cm / 3.9 - 4.7""","Peaceful; active and robust, they get along well with other medium-sized, energetic community dwellers.",
Australian rainbowfish,Melanotaenia fluviatilis,https://upload.wikimedia.org//wikipedia/commons/3/34/Australian_rainbow.jpg,"The Australian rainbowfish, or Murray River rainbowfish, is a robust species with a silvery-green body that takes on a brilliant turquoise sheen under the right lighting. Like the Duboulayi, they are very cold-tolerant and require a 40-gallon tank with plenty of open swimming space. Their temperament is peaceful and they are known for their longevity and hardiness. They are highly compatible with a wide range of tank mates and are an ideal choice for beginners looking to enter the world of rainbowfish.",20–28 degrees celsius,"The Australian rainbowfish, or Murray River rainbowfish, is a robust species with a silvery-green body that takes on a brilliant turquoise sheen under the right lighting. Like the Duboulayi, they are very cold-tolerant and require a 40-gallon tank with plenty of open swimming space. Their temperament is peaceful and they are known for their longevity and hardiness. They are highly compatible with a wide range of tank mates and are an ideal choice for beginners looking to enter the world of rainbowfish.",7.0 - 8.0,30 – 55 gallons,"10.0 - 12.0 cm / 3.9 - 4.7""",Peaceful; a classic community fish that is very hardy and social; best kept in groups of six or more.,
Lake Tebera rainbowfish,Melanotaenia herbertaxelrodi,https://upload.wikimedia.org//wikipedia/commons/b/b4/Regenbogenfisch_im_Zooaquarium_Berlin.jpg,"The Lake Tebera rainbowfish is a stunning species featuring a solid, vibrant yellow body with a bold black horizontal stripe running through the middle. They require a 40-to-55-gallon tank and prefer slightly softer, more acidic water than many of their cousins, reflecting their highland lake origin. Their temperament is peaceful and social, and they are particularly striking when kept in a school against a dark background. They are highly compatible with other rainbowfish and mid-sized community species.",20–30 degrees celsius,"The Lake Tebera rainbowfish is a stunning species featuring a solid, vibrant yellow body with a bold black horizontal stripe running through the middle. They require a 40-to-55-gallon tank and prefer slightly softer, more acidic water than many of their cousins, reflecting their highland lake origin. Their temperament is peaceful and social, and they are particularly striking when kept in a school against a dark background. They are highly compatible with other rainbowfish and mid-sized community species.",7.0 - 8.0,30 – 55 gallons,"10.0 - 12.0 cm / 3.9 - 4.7""",Peaceful; a beautiful and active species that thrives in schools alongside other peaceful tankmates.,https://en.wikipedia.org//wiki/Melanotaenia_herbertaxelrodi
Lake Kutubu rainbowfish,Melanotaenia lacustris,https://upload.wikimedia.org//wikipedia/commons/3/3b/Melanotaenia_lacustris_thomnight_001.jpg,"Commonly called the Turquoise rainbowfish, this species is famous for its intense, cobalt-blue-to-turquoise coloration that seems to glow from within. They are deep-bodied fish that require a 55-gallon tank with hard water and high oxygen levels. Their temperament is peaceful but they are very fast swimmers, so they should not be kept with overly slow or nervous fish. They are highly compatible with other active species and are a top choice for hobbyists wanting a ""pop"" of blue in their aquarium.",21–26 degrees celsius,"Commonly called the Turquoise rainbowfish, this species is famous for its intense, cobalt-blue-to-turquoise coloration that seems to glow from within. They are deep-bodied fish that require a 55-gallon tank with hard water and high oxygen levels. Their temperament is peaceful but they are very fast swimmers, so they should not be kept with overly slow or nervous fish. They are highly compatible with other active species and are a top choice for hobbyists wanting a ""pop"" of blue in their aquarium.",7.0 - 8.0,30 – 55 gallons,"10.0 - 12.0 cm / 3.9 - 4.7""","Peaceful; similar to other lake-dwelling rainbows, they are social and prefer well-oxygenated, clean water.",https://en.wikipedia.org//wiki/Melanotaenia_lacustris
Lake Kurumoi rainbowfish,Melanotaenia parva,https://upload.wikimedia.org//wikipedia/commons/3/37/Melanotaenia_parva_male.jpg,"The Lake Kurumoi rainbowfish is a smaller, more intensely colored species where males develop a deep, sunset-orange or mauve body with dark fin edges. They reach about 3 to 4 inches and are well-suited for a 30-gallon planted aquarium. Their temperament is peaceful and they are known for being slightly more reclusive than the larger Melanotaenia species, appreciating plenty of plant cover. They are highly compatible with other small rainbowfish and look magnificent when their colors are intensified by a high-quality, varied diet.",24–30 degrees celsius,"The Lake Kurumoi rainbowfish is a smaller, more intensely colored species where males develop a deep, sunset-orange or mauve body with dark fin edges. They reach about 3 to 4 inches and are well-suited for a 30-gallon planted aquarium. Their temperament is peaceful and they are known for being slightly more reclusive than the larger Melanotaenia species, appreciating plenty of plant cover. They are highly compatible with other small rainbowfish and look magnificent when their colors are intensified by a high-quality, varied diet.",7.0 - 8.5,30 – 55 gallons,"8.0 - 10.0 cm / 3.1 - 3.9""","Peaceful; a smaller, active species that is perfect for planted tanks with other calm community fish.",https://en.wikipedia.org//wiki/Melanotaenia_parva
Neon rainbowfish,Melanotaenia praecox,https://upload.wikimedia.org//wikipedia/commons/9/9d/Dwarf_neon_rainbows.jpg,"The Neon rainbowfish, also known as the Dwarf Neon, is a highly popular species prized for its brilliant, shimmering metallic blue scales and contrasting deep red fins. They stay relatively small compared to their cousins, reaching only about 2.5 to 3 inches, making them an excellent choice for a 20-to-30-gallon planted aquarium. Their temperament is peaceful and incredibly social; they are tight schoolers that look most impressive when kept in groups of eight or more. They are highly compatible with other peaceful community fish and are known for being more adaptable to slightly softer water than some other rainbowfish species.",22–28 degrees celsius,"The Neon rainbowfish, also known as the Dwarf Neon, is a highly popular species prized for its brilliant, shimmering metallic blue scales and contrasting deep red fins. They stay relatively small compared to their cousins, reaching only about 2.5 to 3 inches, making them an excellent choice for a 20-to-30-gallon planted aquarium. Their temperament is peaceful and incredibly social; they are tight schoolers that look most impressive when kept in groups of eight or more. They are highly compatible with other peaceful community fish and are known for being more adaptable to slightly softer water than some other rainbowfish species.",7.0 - 8.0,30 – 55 gallons,"4.0 - 5.0 cm / 1.6 - 2.0""",Peaceful; very popular for their bright neon color and active nature; compatible with most small fish.,https://en.wikipedia.org//wiki/Melanotaenia_praecox
Eastern rainbowfish,Melanotaenia splendida splendida,https://upload.wikimedia.org//wikipedia/commons/a/a1/Eastern_Rainbowfish_01.jpg,"The Eastern rainbowfish is a robust and highly variable species from Australia that serves as a classic representative of the genus. They feature a silvery-green body with checkered patterns of red and yellow on their fins, which can become incredibly intense in mature, dominant males. They require at least a 40-to-55-gallon tank to accommodate their powerful swimming and active social structure. Their temperament is peaceful but energetic, and they thrive in a well-oxygenated environment with a mix of open swimming space and dense peripheral planting.",20–28 degrees celsius,"The Eastern rainbowfish is a robust and highly variable species from Australia that serves as a classic representative of the genus. They feature a silvery-green body with checkered patterns of red and yellow on their fins, which can become incredibly intense in mature, dominant males. They require at least a 40-to-55-gallon tank to accommodate their powerful swimming and active social structure. Their temperament is peaceful but energetic, and they thrive in a well-oxygenated environment with a mix of open swimming space and dense peripheral planting.",6.5 - 7.5,30 – 55 gallons,"10.0 - 12.0 cm / 3.9 - 4.7""",Peaceful; a hardy and active schooling fish that is a great addition to any peaceful community tank.,https://en.wikipedia.org//wiki/Melanotaenia_splendida_splendida
Banded rainbowfish,Melanotaenia trifasciata,https://upload.wikimedia.org//wikipedia/commons/3/3b/Banded_rainbowfish_Melanotaenia_trifasciata.jpg,"The Banded rainbowfish is famous for the dark mid-lateral stripe that splits its body, often accented by intense red, gold, or blue hues depending on the specific river system it originates from. They are large, deep-bodied fish that can reach 5 inches and require a 55-gallon aquarium to feel secure. Their temperament is peaceful and they are known for their spectacular morning spawning displays, where males flare their fins and ""dance"" to attract mates. They are highly compatible with other large, active schooling fish and are valued for their impressive size and longevity.",22–28 degrees celsius,"The Banded rainbowfish is famous for the dark mid-lateral stripe that splits its body, often accented by intense red, gold, or blue hues depending on the specific river system it originates from. They are large, deep-bodied fish that can reach 5 inches and require a 55-gallon aquarium to feel secure. Their temperament is peaceful and they are known for their spectacular morning spawning displays, where males flare their fins and ""dance"" to attract mates. They are highly compatible with other large, active schooling fish and are valued for their impressive size and longevity.",7.0 - 8.0,20 – 30 gallons,"10.0 - 12.0 cm / 3.9 - 4.7""","Peaceful; social and lively, they are best kept in schools to bring out their best colors and behaviors.",https://en.wikipedia.org//wiki/Melanotaenia_trifasciata
Celebes rainbow,Marosatherina ladigesi,https://upload.wikimedia.org//wikipedia/commons/1/1d/Marosatherina_ladigesi.jpg,"The Celebes rainbow is a unique, slender species featuring translucent yellowish scales and two distinct, separated dorsal fins that give it a ""double-finned"" appearance. They are native to the hard-water streams of Sulawesi and require an aquarium with high alkalinity and plenty of aeration to mimic their natural habitat. Their temperament is peaceful and somewhat shy, meaning they should not be kept with overly boisterous or nippy tank mates. They are highly compatible with other calm, hard-water species and look stunning when their subtle neon-blue highlights catch the light.",20–30 degrees celsius,"The Celebes rainbow is a unique, slender species featuring translucent yellowish scales and two distinct, separated dorsal fins that give it a ""double-finned"" appearance. They are native to the hard-water streams of Sulawesi and require an aquarium with high alkalinity and plenty of aeration to mimic their natural habitat. Their temperament is peaceful and somewhat shy, meaning they should not be kept with overly boisterous or nippy tank mates. They are highly compatible with other calm, hard-water species and look stunning when their subtle neon-blue highlights catch the light.",7.0 - 8.0,30 – 55 gallons,"6.0 - 8.0 cm / 2.4 - 3.1""","Peaceful; a specialized rainbowfish that prefers slightly harder water and peaceful, active neighbors.",https://en.wikipedia.org//wiki/Marosatherina_ladigesi
Forktail blue-eye,Pseudomugil furcatus,https://upload.wikimedia.org//wikipedia/commons/8/84/Pseudomugil_furcatus_m_Aquarium_DG.jpg,"The Forktail blue-eye is a tiny, high-energy fish featuring brilliant blue eyes and yellow-tipped fins that it ""flicks"" constantly as it swims. They reach only about 2 inches and are perfect for 15-to-20-gallon nano-tanks with moderate water flow. Their temperament is peaceful and social, though males will engage in harmless ""sparring"" matches to show off their vibrant colors. They are highly compatible with other nano-species and are prized for adding constant movement and a splash of bright yellow to the upper levels of the tank.",23–28 degrees celsius,"The Forktail blue-eye is a tiny, high-energy fish featuring brilliant blue eyes and yellow-tipped fins that it ""flicks"" constantly as it swims. They reach only about 2 inches and are perfect for 15-to-20-gallon nano-tanks with moderate water flow. Their temperament is peaceful and social, though males will engage in harmless ""sparring"" matches to show off their vibrant colors. They are highly compatible with other nano-species and are prized for adding constant movement and a splash of bright yellow to the upper levels of the tank.",7.0 - 8.0,30 – 55 gallons,"5.0 - 6.0 cm / 2.0 - 2.4""","Peaceful; very small and delicate with unique fins; best kept in schools with other tiny, peaceful nano fish.",https://en.wikipedia.org//wiki/Pseudomugil_furcatus
Spotted blue-eye,Pseudomugil gertrudae,https://upload.wikimedia.org//wikipedia/commons/1/1a/Pseudomugil_gertrudae_ARUII_Maennchen.jpg,"The Spotted blue-eye is one of the most delicate-looking fish in the hobby, featuring intricate black spots on its fins and a shimmering, translucent body. They are native to the forest streams of Australia and New Guinea and thrive in 10-to-15-gallon tanks with soft water and plenty of mosses or fine-leafed plants. Their temperament is peaceful and reclusive; they prefer calm environments without strong currents or aggressive neighbors. They are highly compatible with freshwater shrimp and other micro-fish, making them a favorite for specialized ""botanical"" or blackwater aquascapes.",24–28 degrees celsius,"The Spotted blue-eye is one of the most delicate-looking fish in the hobby, featuring intricate black spots on its fins and a shimmering, translucent body. They are native to the forest streams of Australia and New Guinea and thrive in 10-to-15-gallon tanks with soft water and plenty of mosses or fine-leafed plants. Their temperament is peaceful and reclusive; they prefer calm environments without strong currents or aggressive neighbors. They are highly compatible with freshwater shrimp and other micro-fish, making them a favorite for specialized ""botanical"" or blackwater aquascapes.",7.0 - 8.0,20 – 30 gallons,"3.0 - 4.0 cm / 1.2 - 1.6""","Peaceful; similar to other blue-eyes, they are social and thrive in quiet, well-planted aquariums.",https://en.wikipedia.org//wiki/Pseudomugil_gertrudae
Pacific blue-eye,Pseudomugil signifer,https://upload.wikimedia.org//wikipedia/commons/3/30/052fishcropped.jpg,"The Pacific blue-eye is a hardy and adaptable species found in a wide range of habitats, including full freshwater and even brackish estuaries. They feature a silver body with yellow-to-orange fin edges and the characteristic bright blue iris common to the genus. They require at least 15 to 20 gallons and can tolerate a wide range of water conditions, making them more resilient than many other blue-eyes. Their temperament is peaceful and active, and they are highly compatible with a variety of community fish in both freshwater and low-end brackish setups.",20–26 degrees celsius,"The Pacific blue-eye is a hardy and adaptable species found in a wide range of habitats, including full freshwater and even brackish estuaries. They feature a silver body with yellow-to-orange fin edges and the characteristic bright blue iris common to the genus. They require at least 15 to 20 gallons and can tolerate a wide range of water conditions, making them more resilient than many other blue-eyes. Their temperament is peaceful and active, and they are highly compatible with a variety of community fish in both freshwater and low-end brackish setups.",6.5 - 7.5,10 – 15 gallons,"3.0 - 4.0 cm / 1.2 - 1.6""","Peaceful; a tiny, energetic species that is perfect for nano setups with other very small, gentle tankmates.",https://en.wikipedia.org//wiki/Pseudomugil_signifer
Delicate blue-eye,Pseudomugil tenellus,,"The Delicate blue-eye is a slender, honey-colored nano-fish reaching only about 1 to 1.5 inches in size. They inhabit the swampy, slow-moving coastal waters of Northern Australia and New Guinea. Their temperament is peaceful and highly social, though they are quite shy and require a well-planted 10-gallon tank to feel secure. They are highly compatible with other micro-fish and shrimp, provided the water is kept warm and well-filtered.",23–28 degrees celsius,"The Delicate blue-eye is a slender, honey-colored nano-fish reaching only about 1 to 1.5 inches in size. They inhabit the swampy, slow-moving coastal waters of Northern Australia and New Guinea. Their temperament is peaceful and highly social, though they are quite shy and require a well-planted 10-gallon tank to feel secure. They are highly compatible with other micro-fish and shrimp, provided the water is kept warm and well-filtered.",6.5 - 8.0,10 – 15 gallons,"3.0 - 4.0 cm / 1.2 - 1.6""","Peaceful; a delicate blue-eye that thrives in schools with other small, gentle community fish.",https://en.wikipedia.org//wiki/Pseudomugil_tenellus
Madagascar rainbowfish,Bedotia madagascariensis,https://upload.wikimedia.org//wikipedia/commons/f/fe/Bedotia_geayi_1.jpg,"Distinct from the Australian varieties, the Madagascar rainbowfish features a sleek, torpedo-shaped silver body with a bold black mid-lateral stripe and bright red or yellow highlights on the fins. They require at least a 30-to-40-gallon tank with moderate water flow to mimic their native river habitats. Their temperament is active and peaceful, making them excellent dither fish for medium-sized community tanks. They are highly compatible with other active schooling fish but are sensitive to poor water quality.",20–28 degrees celsius,"Distinct from the Australian varieties, the Madagascar rainbowfish features a sleek, torpedo-shaped silver body with a bold black mid-lateral stripe and bright red or yellow highlights on the fins. They require at least a 30-to-40-gallon tank with moderate water flow to mimic their native river habitats. Their temperament is active and peaceful, making them excellent dither fish for medium-sized community tanks. They are highly compatible with other active schooling fish but are sensitive to poor water quality.",6.0 - 7.5,30 – 55 gallons,"10.0 - 12.0 cm / 3.9 - 4.7""","Peaceful; an active, large-growing rainbowfish best kept in groups with robust tankmates.",
Empire gudgeon,Hypseleotris compressa,https://upload.wikimedia.org//wikipedia/commons/7/72/Hypseleotris_compressa.jpg,"The Empire gudgeon is a true standout during the breeding season, when males transform from a plain silver to a mind-blowing display of fiery orange and jet black. They are native to Australian coastal streams and require a 30-to-40-gallon tank with plenty of hiding spots. Their temperament is peaceful toward other species but can be territorial with other males during spawning. They are unique because they are ""amphidromous,"" meaning they can live in both fresh and brackish water, and they are highly compatible with other robust schooling fish.",20–30 degrees celsius,"The Empire gudgeon is a true standout during the breeding season, when males transform from a plain silver to a mind-blowing display of fiery orange and jet black. They are native to Australian coastal streams and require a 30-to-40-gallon tank with plenty of hiding spots. Their temperament is peaceful toward other species but can be territorial with other males during spawning. They are unique because they are ""amphidromous,"" meaning they can live in both fresh and brackish water, and they are highly compatible with other robust schooling fish.",7.0 - 8.0,30 – 40 gallons,"10.0 - 12.0 cm / 3.9 - 4.7""","Semi-aggressive; males can be territorial, but they are generally compatible with other active, medium-sized fish.",
Purple sleeper gudgeon,Mogurnda mogurnda,https://upload.wikimedia.org//wikipedia/commons/f/f8/Mogurnda_mogurnda.png,"The Purple sleeper gudgeon is a stocky, bottom-dwelling species covered in a pattern of purple, red, and gold spots that resemble a galaxy of stars. They are very hardy and require at least 30 gallons with plenty of caves and rockwork to establish their territory. Their temperament is semi-aggressive and predatory; they will eat small fish or shrimp that wander too close to their hiding spot. They are compatible with larger, more active tank mates and are valued for their cryptic beauty and interesting ""sneaking"" behavior.",20–30 degrees celsius,"The Purple sleeper gudgeon is a stocky, bottom-dwelling species covered in a pattern of purple, red, and gold spots that resemble a galaxy of stars. They are very hardy and require at least 30 gallons with plenty of caves and rockwork to establish their territory. Their temperament is semi-aggressive and predatory; they will eat small fish or shrimp that wander too close to their hiding spot. They are compatible with larger, more active tank mates and are valued for their cryptic beauty and interesting ""sneaking"" behavior.",6.5 - 8.5,40 – 55 gallons,"15.0 - 20.0 cm / 5.9 - 7.9""",Semi-aggressive; a larger sleeper goby that should be kept with fish too large to be swallowed.,
Peacock gudgeon,Tateurndina ocellicauda,https://upload.wikimedia.org//wikipedia/commons/1/19/Tateurndina_ocellicauda_male_DG.jpg,"The Peacock gudgeon is a vibrant, peaceful nano-fish featuring pastel blues, reds, and yellows, with a distinct ""eye-spot"" on the tail that mimics a peacock’s feather. They reach only about 2.5 inches and are perfect for a 15-to-20-gallon planted aquarium. Their temperament is docile and social, and they are one of the few gudgeons that is truly ""community safe"" for small setups. They are highly compatible with other peaceful fish like rasboras and are famous for being easy to breed in small caves or PVC pipes.",22–26 degrees celsius,"The Peacock gudgeon is a vibrant, peaceful nano-fish featuring pastel blues, reds, and yellows, with a distinct ""eye-spot"" on the tail that mimics a peacock?s feather. They reach only about 2.5 inches and are perfect for a 15-to-20-gallon planted aquarium. Their temperament is docile and social, and they are one of the few gudgeons that is truly ""community safe"" for small setups. They are highly compatible with other peaceful fish like rasboras and are famous for being easy to breed in small caves or PVC pipes.",6.5 - 8.0,15 – 20 gallons,"5.0 - 7.0 cm / 2.0 - 2.8""","Peaceful; a small, colorful gudgeon perfect for nano-planted tanks with very calm tankmates.",https://en.wikipedia.org//wiki/Tateurndina_ocellicauda
Black toraja goby,Mugilogobius sarasinorum,,"The Black Toraja goby is a small, peaceful freshwater goby native to slow-moving streams in Sulawesi, Indonesia, recognized for its slender body, dark brown to charcoal-black coloration, subtle mottled patterning, and fused pelvic fins that form a suction cup for gripping rocks and glass in flowing water. It typically grows to about 2–3 inches (5–7 cm) and does best in a minimum 15–20 gallon tank, though larger setups are preferred for stability and small groups. This species prefers moderately warm temperatures of 24–28 °C (75–82 °F), slightly acidic to neutral water, gentle current, sandy or fine gravel substrate, and plenty of hiding spots like rocks and driftwood. In terms of compatibility, it is generally peaceful and shy, suitable with small, non-aggressive community fish such as rasboras, small tetras, and other calm bottom dwellers, but should not be housed with large, territorial, or highly boisterous species that may outcompete it for food; it also appreciates live or frozen foods like bloodworms and brine shrimp due to its micropredatory nature.",24–28 degrees celsius,"The Black Toraja goby is a small, peaceful freshwater goby native to slow-moving streams in Sulawesi, Indonesia, recognized for its slender body, dark brown to charcoal-black coloration, subtle mottled patterning, and fused pelvic fins that form a suction cup for gripping rocks and glass in flowing water. It typically grows to about 2?3 inches (5?7 cm) and does best in a minimum 15?20 gallon tank, though larger setups are preferred for stability and small groups. This species prefers moderately warm temperatures of 24?28 ?C (75?82 ?F), slightly acidic to neutral water, gentle current, sandy or fine gravel substrate, and plenty of hiding spots like rocks and driftwood. In terms of compatibility, it is generally peaceful and shy, suitable with small, non-aggressive community fish such as rasboras, small tetras, and other calm bottom dwellers, but should not be housed with large, territorial, or highly boisterous species that may outcompete it for food; it also appreciates live or frozen foods like bloodworms and brine shrimp due to its micropredatory nature.",6.5 - 7.5,30 – 40 gallons,"8.0 - 10.0 cm / 3.1 - 3.9""","Peaceful; a specialized goby that prefers clean, high-oxygen water and peaceful neighbors.",https://en.wikipedia.org//wiki/Mugilogobius_sarasinorum
Bumblebee goby,Brachygobius doriae,https://upload.wikimedia.org//wikipedia/commons/a/ac/Brachygobius_doriae.jpg,"The Bumblebee goby is a tiny, charming fish with bold black-and-yellow vertical stripes that make it look exactly like its namesake insect. They are primarily brackish-water fish, requiring a 10-gallon setup with a small amount of marine salt and plenty of shells or caves to hide in. Their temperament is peaceful but territorial toward other gobies, often claiming a specific rock as their own. They are highly compatible with other small brackish species and are prized for their unique ""hopping"" style of swimming along the bottom.",22–28 degrees celsius,"The Bumblebee goby is a tiny, charming fish with bold black-and-yellow vertical stripes that make it look exactly like its namesake insect. They are primarily brackish-water fish, requiring a 10-gallon setup with a small amount of marine salt and plenty of shells or caves to hide in. Their temperament is peaceful but territorial toward other gobies, often claiming a specific rock as their own. They are highly compatible with other small brackish species and are prized for their unique ""hopping"" style of swimming along the bottom.",7.0 - 8.5,5 – 10 gallons,"4.0 - 4.5 cm / 1.6 - 1.8""","Peaceful; small and social, but requires specific brackish water conditions to thrive with similar tankmates.",
Knight goby,Stigmatogobius sadanundio,https://upload.wikimedia.org//wikipedia/commons/2/2e/Babka_nakrapiana_-_Podwodne_Kr%C3%B3lestwo.jpg,"The Knight goby is a more substantial species featuring a silver-grey body with dark spots and a high, pointed dorsal fin that gives it a regal appearance. They are brackish-water specialists that can reach 3.5 inches and require a 30-gallon tank with moderate salinity. Their temperament is semi-aggressive and they are known to be quite nippy toward long-finned tank mates. They are highly compatible with larger brackish fish like mollies or archerfish and are efficient scavengers of the aquarium floor.",22–28 degrees celsius,"The Knight goby is a more substantial species featuring a silver-grey body with dark spots and a high, pointed dorsal fin that gives it a regal appearance. They are brackish-water specialists that can reach 3.5 inches and require a 30-gallon tank with moderate salinity. Their temperament is semi-aggressive and they are known to be quite nippy toward long-finned tank mates. They are highly compatible with larger brackish fish like mollies or archerfish and are efficient scavengers of the aquarium floor.",7.0 - 8.5,20 – 30 gallons,"8.0 - 10.0 cm / 3.1 - 3.9""",Semi-aggressive; a larger goby that can be territorial; best kept with other robust brackish-water species.,
Rainbow stiphodon,Stiphodon ornatus,https://upload.wikimedia.org//wikipedia/commons/3/3d/Stiphodon_ornatus.jpg,"The Rainbow stiphodon is a stunning, slender goby where males display brilliant iridescent blues, greens, and reds along their bodies. They are specialized ""rock-grazers"" from fast-flowing tropical streams and require a 20-gallon tank with high oxygen, strong flow, and plenty of smooth stones covered in biofilm. Their temperament is peaceful and they spend their day scraping algae off surfaces using their specialized mouths. They are highly compatible with other high-flow species and are essential for hobbyists looking for a unique, functional algae eater.",22–28 degrees celsius,"The Rainbow stiphodon is a stunning, slender goby where males display brilliant iridescent blues, greens, and reds along their bodies. They are specialized ""rock-grazers"" from fast-flowing tropical streams and require a 20-gallon tank with high oxygen, strong flow, and plenty of smooth stones covered in biofilm. Their temperament is peaceful and they spend their day scraping algae off surfaces using their specialized mouths. They are highly compatible with other high-flow species and are essential for hobbyists looking for a unique, functional algae eater.",7.0 - 8.5,10 – 15 gallons,"5.0 - 6.0 cm / 2.0 - 2.4""",Peaceful; an algae-grazing goby that needs high-flow water and non-aggressive tankmates.,
Cobalt blue goby,Stiphodon semoni,,"The cobalt blue goby is a striking, small freshwater goby admired for the males’ intense metallic blue coloration contrasted with darker fins, while females appear more subdued in gray or tan tones. Growing only about 1.5–2 inches (4–5 cm), this species is ideal for nano or small aquariums of at least 10–15 gallons, though larger tanks with strong oxygenation and gentle current better replicate their native fast-flowing Sulawesi streams. They prefer 24–28 °C (75–82 °F) with clean, well-filtered water and smooth rocks or sand where they can cling and graze on algae and biofilm. Generally peaceful and shy, they are compatible with other small, non-aggressive fish like rasboras and small tetras but may show mild territorial behavior toward other gobies of the same species, making groups possible only with adequate space and hiding spots.",22–28 degrees celsius,"The cobalt blue goby is a striking, small freshwater goby admired for the males? intense metallic blue coloration contrasted with darker fins, while females appear more subdued in gray or tan tones. Growing only about 1.5?2 inches (4?5 cm), this species is ideal for nano or small aquariums of at least 10?15 gallons, though larger tanks with strong oxygenation and gentle current better replicate their native fast-flowing Sulawesi streams. They prefer 24?28 ?C (75?82 ?F) with clean, well-filtered water and smooth rocks or sand where they can cling and graze on algae and biofilm. Generally peaceful and shy, they are compatible with other small, non-aggressive fish like rasboras and small tetras but may show mild territorial behavior toward other gobies of the same species, making groups possible only with adequate space and hiding spots.",6.5 - 7.5,10 – 15 gallons,"5.0 - 6.0 cm / 2.0 - 2.4""","Peaceful; another algae-eating specialist requiring clean, fast-moving water and peaceful companions.",
Bearded worm goby,Taenioides cirratus,,"The bearded worm goby is an elongated, eel-like goby with sensory barbels around the mouth that give it a “bearded” appearance and help it locate food in soft substrates. Reaching 3–4 inches (7–10 cm) or slightly larger, it thrives in 20 gallons or more with deep sand or mud for burrowing and low to moderate flow. It prefers 24–28 °C (75–82 °F) and slightly brackish to freshwater conditions depending on the population. This species is peaceful but secretive, spending much of its time buried, and should be housed with calm tankmates that won’t disturb it or outcompete it during feeding; aggressive or large fish may stress or injure it.",24–30 degrees celsius,"The bearded worm goby is an elongated, eel-like goby with sensory barbels around the mouth that give it a ?bearded? appearance and help it locate food in soft substrates. Reaching 3?4 inches (7?10 cm) or slightly larger, it thrives in 20 gallons or more with deep sand or mud for burrowing and low to moderate flow. It prefers 24?28 ?C (75?82 ?F) and slightly brackish to freshwater conditions depending on the population. This species is peaceful but secretive, spending much of its time buried, and should be housed with calm tankmates that won?t disturb it or outcompete it during feeding; aggressive or large fish may stress or injure it.",6.5 - 7.5,15 – 25 gallons,"15.0 - 20.0 cm / 5.9 - 7.9""",Peaceful but shy; an unusual-looking fish that prefers quiet tanks with plenty of hiding spots.,
Marbled goby,Oxyeleotris marmorata,https://upload.wikimedia.org//wikipedia/commons/d/d7/Oxyel_marmor_080425_7661_tdp.jpg,"The marbled goby is a large, predatory sleeper goby recognized for its heavy body, broad head, and mottled brown camouflage pattern that blends into muddy riverbeds. It can grow quite large, often 12–20 inches (30–50 cm), requiring a 75–100+ gallon tank or pond-like setup with warm water at 24–30 °C (75–86 °F). It is not a community fish, as it is an ambush predator that will eat any smaller tankmate, including fish nearly half its size. Best kept alone or with similarly sized robust species, it demands strong filtration and a protein-rich diet of fish or invertebrates.",22–28 degrees celsius,"The marbled goby is a large, predatory sleeper goby recognized for its heavy body, broad head, and mottled brown camouflage pattern that blends into muddy riverbeds. It can grow quite large, often 12?20 inches (30?50 cm), requiring a 75?100+ gallon tank or pond-like setup with warm water at 24?30 ?C (75?86 ?F). It is not a community fish, as it is an ambush predator that will eat any smaller tankmate, including fish nearly half its size. Best kept alone or with similarly sized robust species, it demands strong filtration and a protein-rich diet of fish or invertebrates.",7.0 - 8.5,20 – 30 gallons,"10.0 - 15.0 cm / 3.9 - 5.9""",Highly Predatory; grows very large and will eat anything small enough; best kept with other massive fish.,
Crazy fish,Butis butis,https://upload.wikimedia.org//wikipedia/commons/b/b5/Butis_butis_%28Hamilton%2C_1822%29.jpg,"Often called the “crazy fish” because of its sudden darting movements and quirky resting postures, this small sleeper goby has a cryptic brown-and-cream pattern and grows to 3–4 inches (7–10 cm). A 20–30 gallon aquarium with sandy substrate and hiding structures suits it well, and it tolerates freshwater to slightly brackish setups at 22–28 °C (72–82 °F). It is generally peaceful but opportunistic, potentially eating very small fish or shrimp, so tankmates should be similar-sized, calm species.",22–28 degrees celsius,"Often called the ?crazy fish? because of its sudden darting movements and quirky resting postures, this small sleeper goby has a cryptic brown-and-cream pattern and grows to 3?4 inches (7?10 cm). A 20?30 gallon aquarium with sandy substrate and hiding structures suits it well, and it tolerates freshwater to slightly brackish setups at 22?28 ?C (72?82 ?F). It is generally peaceful but opportunistic, potentially eating very small fish or shrimp, so tankmates should be similar-sized, calm species.",6.5 - 8.0,30 – 55 gallons,"20.0 - 25.0 cm / 7.9 - 9.8""","Highly Predatory; an ambush hunter that can be territorial; only compatible with robust, large tankmates.",https://en.wikipedia.org//wiki/Butis_butis
"Dragon goby, Violet goby",Gobioides broussonnetii,https://upload.wikimedia.org//wikipedia/commons/c/c9/Gobioides_broussonnetii_-_Gobie_violet_-_Aqua_Porte_Dor%C3%A9e_13.JPG,"Also known as the violet goby, this unusual species has an elongated, dragon-like body, purple-gray sheen, and large toothy mouth used for sifting sand rather than hunting fish. Growing 12–20 inches (30–50 cm), it requires a 55–75+ gallon tank with deep sand and slightly brackish water, along with 22–28 °C (72–82 °F) temperatures. Despite its fierce appearance, it is mostly peaceful and a detritivore, compatible with medium, non-aggressive brackish fish, but should not be housed with fin-nippers or tiny species that may be accidentally swallowed.",24–28 degrees celsius,"Also known as the violet goby, this unusual species has an elongated, dragon-like body, purple-gray sheen, and large toothy mouth used for sifting sand rather than hunting fish. Growing 12?20 inches (30?50 cm), it requires a 55?75+ gallon tank with deep sand and slightly brackish water, along with 22?28 ?C (72?82 ?F) temperatures. Despite its fierce appearance, it is mostly peaceful and a detritivore, compatible with medium, non-aggressive brackish fish, but should not be housed with fin-nippers or tiny species that may be accidentally swallowed.",6.5 - 7.5,55 – 75 gallons,"40.0 - 60.0 cm / 15.7 - 23.6""","Peaceful; a large but gentle scavenger that needs brackish water and large, non-aggressive neighbors.",https://en.wikipedia.org//wiki/Gobioides_broussonnetii
Striped sleeper goby,Dormitator maculatus,https://upload.wikimedia.org//wikipedia/commons/b/b8/Fat_Sleeper_%28Dormitator_maculatus%29.jpg,"The striped sleeper goby has a robust body with dark longitudinal striping and can adapt to freshwater or brackish habitats. Growing to 6–10 inches (15–25 cm), it needs at least a 40–55 gallon tank with sandy substrate and hiding spaces, maintained at 22–28 °C (72–82 °F). It is semi-aggressive and predatory, likely to eat smaller fish, so it pairs best with larger, equally sturdy tankmates rather than peaceful community species.",20–26 degrees celsius,"The striped sleeper goby has a robust body with dark longitudinal striping and can adapt to freshwater or brackish habitats. Growing to 6?10 inches (15?25 cm), it needs at least a 40?55 gallon tank with sandy substrate and hiding spaces, maintained at 22?28 ?C (72?82 ?F). It is semi-aggressive and predatory, likely to eat smaller fish, so it pairs best with larger, equally sturdy tankmates rather than peaceful community species.",7.0 - 8.5,30 – 55 gallons,"20.0 - 30.0 cm / 7.9 - 11.8""",Peaceful; a bottom-dweller that is generally social and works well in medium-sized community setups.,
Pygmy sunfish,Elassomatidae,https://upload.wikimedia.org//wikipedia/commons/3/34/Elassoma_Gilberti_male_in_breeding_colors.jpg,"The pygmy sunfish is a tiny North American native fish, rarely exceeding 1–1.5 inches (2.5–4 cm), with males displaying dark bodies with iridescent blue speckles during breeding. They thrive in planted 5–10 gallon species tanks at cooler temperatures of 18–24 °C (65–75 °F) with gentle flow. Extremely peaceful and shy, they do best alone or with other pygmy sunfish and microfauna, as larger fish easily outcompete them for food.",22–26 degrees celsius,"The pygmy sunfish is a tiny North American native fish, rarely exceeding 1?1.5 inches (2.5?4 cm), with males displaying dark bodies with iridescent blue speckles during breeding. They thrive in planted 5?10 gallon species tanks at cooler temperatures of 18?24 ?C (65?75 ?F) with gentle flow. Extremely peaceful and shy, they do best alone or with other pygmy sunfish and microfauna, as larger fish easily outcompete them for food.",7.0 - 8.0,5 – 10 gallons,"3.0 - 4.0 cm / 1.2 - 1.6""","Peaceful; a tiny, colorful native fish ideal for dedicated nano tanks with other gentle species.",https://en.wikipedia.org//wiki/Elassomatidae
Blackbanded sunfish,Enneacanthus chaetodon,https://upload.wikimedia.org//wikipedia/commons/9/97/Enneacanthus_chaetodon_02.jpg,"The blackbanded sunfish is a small, beautifully patterned fish with vertical black bars over a golden body, reaching 3–4 inches (7–10 cm). A 20–30 gallon planted aquarium with tannin-stained water suits them, kept at 18–24 °C (65–75 °F). They are peaceful and somewhat shy, compatible with other calm native or cool-water species but easily stressed by aggressive fish.",10–22 degrees celsius,"The blackbanded sunfish is a small, beautifully patterned fish with vertical black bars over a golden body, reaching 3?4 inches (7?10 cm). A 20?30 gallon planted aquarium with tannin-stained water suits them, kept at 18?24 ?C (65?75 ?F). They are peaceful and somewhat shy, compatible with other calm native or cool-water species but easily stressed by aggressive fish.",6.5 - 7.5,15 – 25 gallons,"8.0 - 10.0 cm / 3.1 - 3.9""",Semi-aggressive; territorial during breeding; best kept with other active native fish in a spacious tank.,https://en.wikipedia.org//wiki/Enneacanthus_chaetodon
Blue-spotted sunfish,Enneacanthus gloriosus,https://upload.wikimedia.org//wikipedia/commons/7/75/Enneacanthus_gloriosus.jpg,"Known for its shimmering turquoise spots over a dark body, the blue-spotted sunfish grows to 3–4 inches (7–10 cm) and thrives in 20–30 gallons of soft, slightly acidic water at 18–24 °C (65–75 °F). It is peaceful but territorial during breeding and should be housed with similarly gentle fish in well-planted tanks.",20–28 degrees celsius,"Known for its shimmering turquoise spots over a dark body, the blue-spotted sunfish grows to 3?4 inches (7?10 cm) and thrives in 20?30 gallons of soft, slightly acidic water at 18?24 ?C (65?75 ?F). It is peaceful but territorial during breeding and should be housed with similarly gentle fish in well-planted tanks.",6.0 - 7.5,15 – 25 gallons,"8.0 - 10.0 cm / 3.1 - 3.9""",Semi-aggressive; a colorful sunfish that can be bossy; best suited for a native-themed community tank.,https://en.wikipedia.org//wiki/Enneacanthus_gloriosus
Redbreast sunfish,Lepomis auritus,https://upload.wikimedia.org//wikipedia/commons/2/24/Lepomis_auritus.jpg,"The redbreast sunfish is a colorful, active species with orange-red breast coloration and elongated ear flaps, growing 6–8 inches (15–20 cm). It requires a 55+ gallon aquarium or pond and prefers 18–24 °C (65–75 °F). Semi-aggressive and territorial, it may bully smaller fish, so it is best kept with other medium-sized, robust natives.",10–22 degrees celsius,"The redbreast sunfish is a colorful, active species with orange-red breast coloration and elongated ear flaps, growing 6?8 inches (15?20 cm). It requires a 55+ gallon aquarium or pond and prefers 18?24 ?C (65?75 ?F). Semi-aggressive and territorial, it may bully smaller fish, so it is best kept with other medium-sized, robust natives.",6.5 - 7.5,30 – 55 gallons,"15.0 - 20.0 cm / 5.9 - 7.9""",Aggressive; very territorial and protective of its space; keep with robust fish or in a species-only tank.,https://en.wikipedia.org//wiki/Lepomis_auritus
Green sunfish,Lepomis cyanellus,https://upload.wikimedia.org//wikipedia/commons/7/79/Green_sunfish.JPG,"The green sunfish is hardy and adaptable with a chunky body, blue-green speckles, and large mouth, reaching 8–10 inches (20–25 cm). It needs at least a 55–75 gallon tank and tolerates a wide 18–26 °C (65–78 °F) range. Highly territorial and predatory, it is not suited for peaceful communities and is best kept alone or with similarly tough fish.",10–25 degrees celsius,"The green sunfish is hardy and adaptable with a chunky body, blue-green speckles, and large mouth, reaching 8?10 inches (20?25 cm). It needs at least a 55?75 gallon tank and tolerates a wide 18?26 ?C (65?78 ?F) range. Highly territorial and predatory, it is not suited for peaceful communities and is best kept alone or with similarly tough fish.",7.0 - 7.5,40 – 75 gallons,"20.0 - 30.0 cm / 7.9 - 11.8""",Highly Aggressive; known for its high level of territoriality; best kept with other very sturdy sunfish.,https://en.wikipedia.org//wiki/Lepomis_cyanellus
Orangespotted sunfish,Lepomis humilis,https://upload.wikimedia.org//wikipedia/commons/6/68/Orangespottednctc.png,"Smaller and less aggressive than many sunfish, the orangespotted sunfish grows to 4–5 inches (10–13 cm) with scattered orange spots and blue facial markings. A 30–40 gallon setup with cooler water at 18–24 °C (65–75 °F) works well. It is moderately peaceful and can coexist with other native species of similar size if given space and cover.",4–28 degrees celsius,"Smaller and less aggressive than many sunfish, the orangespotted sunfish grows to 4?5 inches (10?13 cm) with scattered orange spots and blue facial markings. A 30?40 gallon setup with cooler water at 18?24 ?C (65?75 ?F) works well. It is moderately peaceful and can coexist with other native species of similar size if given space and cover.",6.5 - 8.5,30 – 55 gallons,"10.0 - 15.0 cm / 3.9 - 5.9""",Semi-aggressive; an active and colorful species that needs space to minimize its territorial behavior.,https://en.wikipedia.org//wiki/Lepomis_humilis
Pumpkinseed,Lepomis gibbosus,https://upload.wikimedia.org//wikipedia/commons/e/eb/Lepomis_gibbosus_PAQ.jpg,"The pumpkinseed sunfish is one of the most colorful North American sunfish, displaying orange bellies, turquoise lines, and a red-edged ear flap, reaching 6–8 inches (15–20 cm). They need at least a 55+ gallon aquarium or pond with 18–24 °C (65–75 °F) water. Semi-aggressive and territorial, they may nip smaller fish, so they are best kept with other medium-sized, sturdy tankmates rather than delicate community species.",15–26 degrees celsius,"The pumpkinseed sunfish is one of the most colorful North American sunfish, displaying orange bellies, turquoise lines, and a red-edged ear flap, reaching 6?8 inches (15?20 cm). They need at least a 55+ gallon aquarium or pond with 18?24 ?C (65?75 ?F) water. Semi-aggressive and territorial, they may nip smaller fish, so they are best kept with other medium-sized, sturdy tankmates rather than delicate community species.",7.0 - 7.5,40 – 75 gallons,"15.0 - 25.0 cm / 5.9 - 9.8""","Semi-aggressive; a hardy sunfish that is territorial but manageable in large, diverse setups.",https://en.wikipedia.org//wiki/Lepomis_gibbosus
Warmouth,Lepomis gulosus,https://upload.wikimedia.org//wikipedia/commons/5/5b/Warmouth_Sunfish_%28Lepomis_gulosus%29_%282497915731%29.jpg,"The warmouth is a stocky, big-mouthed North American sunfish with mottled brown camouflage and a bold dark eye stripe, adapted to swamps, ponds, and sluggish streams where it behaves as an opportunistic predator. It typically reaches 6–10 inches (15–25 cm) and requires a 55–75+ gallon aquarium or outdoor pond with moderate cover and strong filtration, preferring 18–24 °C (65–75 °F). Tough and hardy, it is semi-aggressive and will eat smaller fish or invertebrates, so it is best housed with similarly sized, robust tankmates rather than peaceful community species.",4–28 degrees celsius,"The warmouth is a stocky, big-mouthed North American sunfish with mottled brown camouflage and a bold dark eye stripe, adapted to swamps, ponds, and sluggish streams where it behaves as an opportunistic predator. It typically reaches 6?10 inches (15?25 cm) and requires a 55?75+ gallon aquarium or outdoor pond with moderate cover and strong filtration, preferring 18?24 ?C (65?75 ?F). Tough and hardy, it is semi-aggressive and will eat smaller fish or invertebrates, so it is best housed with similarly sized, robust tankmates rather than peaceful community species.",7.0 - 7.5,40 – 75 gallons,"20.0 - 25.0 cm / 7.9 - 9.8""","Aggressive; a predator that will hunt smaller fish; only compatible with other large, robust species.",https://en.wikipedia.org//wiki/Lepomis_gulosus
Bluegill,Lepomis macrochirus,https://upload.wikimedia.org//wikipedia/commons/d/d2/Bluegill_%28Lepomis_macrochirus%29.jpg,"Bluegills are deep-bodied sunfish with iridescent blues, oranges, and a black opercular “ear” flap, known for schooling when young and territorial nesting as adults. Reaching 8–12 inches (20–30 cm), they need a 75+ gallon tank or pond, cooler 18–24 °C (65–75 °F) water, and strong filtration due to heavy waste production. They are active and moderately aggressive, often dominating smaller fish, and are best kept with other medium to large native species rather than peaceful community fish.",10–26 degrees celsius,"Bluegills are deep-bodied sunfish with iridescent blues, oranges, and a black opercular ?ear? flap, known for schooling when young and territorial nesting as adults. Reaching 8?12 inches (20?30 cm), they need a 75+ gallon tank or pond, cooler 18?24 ?C (65?75 ?F) water, and strong filtration due to heavy waste production. They are active and moderately aggressive, often dominating smaller fish, and are best kept with other medium to large native species rather than peaceful community fish.",7.0 - 7.5,55 – 75 gallons,"15.0 - 25.0 cm / 5.9 - 9.8""",Aggressive; very territorial and can be difficult to house with others unless the tank is very large.,https://en.wikipedia.org//wiki/Lepomis_macrochirus
Dollar sunfish,Lepomis marginatus,https://upload.wikimedia.org//wikipedia/commons/9/9b/Lepomis_marginatus_UMFS_2014_1.JPG,"The dollar sunfish is a smaller, more compact sunfish with round body proportions and subtle metallic green and orange markings, typically reaching only 4–5 inches (10–13 cm). It thrives in planted 30–40 gallon aquariums with tannin-stained, slightly acidic water and 18–24 °C (65–75 °F) temperatures. More peaceful than many sunfish, it can coexist with other calm natives of similar size but may still show mild territorial behavior during breeding.",4–28 degrees celsius,"The dollar sunfish is a smaller, more compact sunfish with round body proportions and subtle metallic green and orange markings, typically reaching only 4?5 inches (10?13 cm). It thrives in planted 30?40 gallon aquariums with tannin-stained, slightly acidic water and 18?24 ?C (65?75 ?F) temperatures. More peaceful than many sunfish, it can coexist with other calm natives of similar size but may still show mild territorial behavior during breeding.",6.5 - 8.5,30 – 55 gallons,"10.0 - 12.0 cm / 3.9 - 4.7""",Semi-aggressive; best kept with other larger native species that can handle its energetic nature.,https://en.wikipedia.org//wiki/Lepomis_marginatus
Longear sunfish,Lepomis megalotis,https://upload.wikimedia.org//wikipedia/commons/6/69/Lepomis_megalotis_%28Longear_Sunfish%29_%2820396406%29.jpg,"Famous for its elongated ear flap and vivid turquoise, orange, and red breeding colors, the longear sunfish is one of the most ornamental native species. Growing 4–6 inches (10–15 cm), it fits well in a 40–55 gallon tank with sandy substrate and good flow at 18–24 °C (65–75 °F). Males are territorial but generally less aggressive than larger sunfish, making them compatible with similarly sized, moderately active species.",10–26 degrees celsius,"Famous for its elongated ear flap and vivid turquoise, orange, and red breeding colors, the longear sunfish is one of the most ornamental native species. Growing 4?6 inches (10?15 cm), it fits well in a 40?55 gallon tank with sandy substrate and good flow at 18?24 ?C (65?75 ?F). Males are territorial but generally less aggressive than larger sunfish, making them compatible with similarly sized, moderately active species.",7.0 - 7.5,55 – 75 gallons,"10.0 - 20.0 cm / 3.9 - 7.9""","Semi-aggressive; territorial during spawning; compatible with other mid-sized, active native fish.",https://en.wikipedia.org//wiki/Lepomis_megalotis
Redear sunfish,Lepomis microlophus,https://upload.wikimedia.org//wikipedia/commons/d/d0/Redear_Sunfish_002.jpg,"The redear sunfish, often called the shellcracker, has a copper-red ear spot and specialized pharyngeal teeth for crushing snails and hard-shelled prey. It grows 8–10 inches (20–25 cm) and needs 75+ gallons or a pond with 18–24 °C (65–75 °F) water. Typically calmer than bluegills but still predatory toward small fish, it is best housed with other sturdy mid-sized species.",10–26 degrees celsius,"The redear sunfish, often called the shellcracker, has a copper-red ear spot and specialized pharyngeal teeth for crushing snails and hard-shelled prey. It grows 8?10 inches (20?25 cm) and needs 75+ gallons or a pond with 18?24 ?C (65?75 ?F) water. Typically calmer than bluegills but still predatory toward small fish, it is best housed with other sturdy mid-sized species.",7.0 - 7.5,75 – 125 gallons,"20.0 - 30.0 cm / 7.9 - 11.8""",Semi-aggressive; a colorful species that is best kept in a spacious tank with plenty of cover.,https://en.wikipedia.org//wiki/Lepomis_microlophus
Redspotted sunfish,Lepomis miniatus,https://upload.wikimedia.org//wikipedia/commons/7/74/Lepomis_miniatus_2.jpg,"Redspotted sunfish display speckled red and blue highlights across an olive body and stay relatively compact at 4–6 inches (10–15 cm). They prefer warm temperate 20–26 °C (68–78 °F) water in a 40+ gallon aquarium with plants and driftwood. Semi-aggressive but manageable, they coexist with similar-sized natives while potentially preying on very small fish or shrimp.",10–26 degrees celsius,"Redspotted sunfish display speckled red and blue highlights across an olive body and stay relatively compact at 4?6 inches (10?15 cm). They prefer warm temperate 20?26 ?C (68?78 ?F) water in a 40+ gallon aquarium with plants and driftwood. Semi-aggressive but manageable, they coexist with similar-sized natives while potentially preying on very small fish or shrimp.",7.0 - 7.5,55 – 75 gallons,"10.0 - 15.0 cm / 3.9 - 5.9""","Semi-aggressive; similar to other sunfish, it is territorial and requires robust companions.",https://en.wikipedia.org//wiki/Lepomis_miniatus
Northern sunfish,Lepomis peltastes,https://upload.wikimedia.org//wikipedia/commons/9/90/Lepomis_megalotis_2.jpg,"This small, cool-water sunfish has bold vertical bars and yellow-orange belly tones and typically grows 4–5 inches (10–13 cm). A 30–40 gallon tank with gentle current and dense cover at 18–22 °C (64–72 °F) suits them well. Generally peaceful but territorial in breeding season, they do best with other small, non-aggressive natives.",10–26 degrees celsius,"This small, cool-water sunfish has bold vertical bars and yellow-orange belly tones and typically grows 4?5 inches (10?13 cm). A 30?40 gallon tank with gentle current and dense cover at 18?22 ?C (64?72 ?F) suits them well. Generally peaceful but territorial in breeding season, they do best with other small, non-aggressive natives.",7.0 - 7.5,55 – 75 gallons,"10.0 - 15.0 cm / 3.9 - 5.9""",Semi-aggressive; an active species that should be kept with other fish of a similar size and temperament.,https://en.wikipedia.org//wiki/Lepomis_peltastes
Spotted sunfish,Lepomis punctatus,https://upload.wikimedia.org//wikipedia/commons/3/3b/FMIB_51023_Chinquapin_Perch.jpeg,"– The spotted sunfish has a sleek profile and rows of dark speckles along a bronze body, reaching 4–6 inches (10–15 cm). It requires 30–40 gallons, soft or slightly tannic water, and 18–24 °C (65–75 °F). Shy yet mildly territorial, it is compatible with calm species but stressed by fast or aggressive tankmates.",10–26 degrees celsius,"? The spotted sunfish has a sleek profile and rows of dark speckles along a bronze body, reaching 4?6 inches (10?15 cm). It requires 30?40 gallons, soft or slightly tannic water, and 18?24 ?C (65?75 ?F). Shy yet mildly territorial, it is compatible with calm species but stressed by fast or aggressive tankmates.",7.0 - 7.5,55 – 75 gallons,"10.0 - 15.0 cm / 3.9 - 5.9""",Semi-aggressive; territorial but can coexist with other native fish if provided with enough territory.,https://en.wikipedia.org//wiki/Lepomis_punctatus
"Gray bichir, Senegal bichir, or dinosaur bichir",Polypterus senegalus,https://upload.wikimedia.org//wikipedia/commons/5/5b/Polypterus_senegalus_senegalus_headstand.jpg,"he Senegal bichir, often called the gray or dinosaur bichir, is an ancient, eel-like predator with armored ganoid scales, a row of small dorsal finlets, and primitive lungs that allow it to gulp air at the surface. It typically grows 10–14 inches (25–35 cm) and requires a 55–75+ gallon aquarium with tight-fitting lids, soft sand, dim lighting, and many caves or driftwood shelters. It prefers warm 24–28 °C (75–82 °F) water and is generally slow-moving and peaceful toward fish too large to swallow, but it will eat anything small enough to fit in its mouth, so compatible tankmates must be medium to large, non-aggressive species. Bichirs are said to predate dinosaurs.",10–26 degrees celsius,"he Senegal bichir, often called the gray or dinosaur bichir, is an ancient, eel-like predator with armored ganoid scales, a row of small dorsal finlets, and primitive lungs that allow it to gulp air at the surface. It typically grows 10?14 inches (25?35 cm) and requires a 55?75+ gallon aquarium with tight-fitting lids, soft sand, dim lighting, and many caves or driftwood shelters. It prefers warm 24?28 ?C (75?82 ?F) water and is generally slow-moving and peaceful toward fish too large to swallow, but it will eat anything small enough to fit in its mouth, so compatible tankmates must be medium to large, non-aggressive species. Bichirs are said to predate dinosaurs.",7.0 - 7.5,55 – 75 gallons,"30.0 - 40.0 cm / 11.8 - 15.7""",Semi-aggressive; an ancient-looking predator; compatible with other large fish that cannot be swallowed.,
Ornate bichir,Polypterus ornatipinnis,https://upload.wikimedia.org//wikipedia/commons/4/40/Polypterus-ornatipinnis.jpg,"The ornate bichir is one of the most striking bichirs, marked with bold black and yellow reticulated patterns that provide camouflage among roots and leaf litter. Growing larger than most relatives at 18–24 inches (45–60 cm), it needs a 125+ gallon tank with sandy substrate and heavy filtration. It thrives at 24–28 °C (75–82 °F) and is more predatory and robust than the Senegal bichir, often requiring equally large tankmates and plenty of space to prevent territorial disputes.",24–30 degrees celsius,"The ornate bichir is one of the most striking bichirs, marked with bold black and yellow reticulated patterns that provide camouflage among roots and leaf litter. Growing larger than most relatives at 18?24 inches (45?60 cm), it needs a 125+ gallon tank with sandy substrate and heavy filtration. It thrives at 24?28 ?C (75?82 ?F) and is more predatory and robust than the Senegal bichir, often requiring equally large tankmates and plenty of space to prevent territorial disputes.",6.0 - 8.0,55 – 75 gallons,"45.0 - 60.0 cm / 17.7 - 23.6""","Semi-aggressive; a large, powerful predator that needs to be housed with other massive ""monster"" fish.",
Retropinnis bichir,Polypterus retropinnis,,"The retropinnis bichir is a rarer, medium-sized species characterized by a shorter head, strong body, and cryptic brown markings suited for muddy riverbeds. Reaching about 12–16 inches (30–40 cm), it does well in 75+ gallons with subdued lighting and fine sand to protect its belly while foraging. Like other bichirs it prefers 24–28 °C (75–82 °F) and is nocturnal and predatory but calm, compatible only with tankmates too large to be eaten.",24–30 degrees celsius,"The retropinnis bichir is a rarer, medium-sized species characterized by a shorter head, strong body, and cryptic brown markings suited for muddy riverbeds. Reaching about 12?16 inches (30?40 cm), it does well in 75+ gallons with subdued lighting and fine sand to protect its belly while foraging. Like other bichirs it prefers 24?28 ?C (75?82 ?F) and is nocturnal and predatory but calm, compatible only with tankmates too large to be eaten.",6.0 - 8.0,55 – 75 gallons,"20.0 - 30.0 cm / 7.9 - 11.8""",Semi-aggressive; a sleeker bichir that is predatory toward small fish but peaceful with large ones.,https://en.wikipedia.org//wiki/Polypterus_retropinnis
Barred bichir,Polypterus delhezi,https://upload.wikimedia.org//wikipedia/commons/a/a3/Polypterus_delhezi_2.jpg,"The barred bichir has distinct vertical bands across a tan body and a more slender build, making it a popular choice for large community predator tanks. It grows 12–14 inches (30–35 cm) and needs 55–75+ gallons with soft substrate and secure covers. Preferring 24–28 °C (75–82 °F), it is peaceful by bichir standards but opportunistic, consuming small fish while ignoring similarly sized companions.",24–30 degrees celsius,"The barred bichir has distinct vertical bands across a tan body and a more slender build, making it a popular choice for large community predator tanks. It grows 12?14 inches (30?35 cm) and needs 55?75+ gallons with soft substrate and secure covers. Preferring 24?28 ?C (75?82 ?F), it is peaceful by bichir standards but opportunistic, consuming small fish while ignoring similarly sized companions.",6.0 - 7.5,75 – 125 gallons,"30.0 - 45.0 cm / 11.8 - 17.7""","Semi-aggressive; a large, armored predator that requires a massive tank and robust tankmates.",https://en.wikipedia.org//wiki/Polypterus_delhezi
Saddled bichir,Polypterus endlicheri,https://upload.wikimedia.org//wikipedia/commons/f/f0/Polypterus_endlicherii.jpg,"The saddled bichir is a massive, heavy-bodied species with broad dark “saddle” blotches and a prehistoric appearance, capable of reaching 24–30+ inches (60–75+ cm). It demands a 180–300+ gallon aquarium or indoor pond, strong filtration, and warm 24–28 °C (75–82 °F) water. Highly predatory and powerful, it is unsuitable for community setups and should only be kept with very large, durable fish.",24–30 degrees celsius,"The saddled bichir is a massive, heavy-bodied species with broad dark ?saddle? blotches and a prehistoric appearance, capable of reaching 24?30+ inches (60?75+ cm). It demands a 180?300+ gallon aquarium or indoor pond, strong filtration, and warm 24?28 ?C (75?82 ?F) water. Highly predatory and powerful, it is unsuitable for community setups and should only be kept with very large, durable fish.",6.0 - 8.0,55 – 75 gallons,"40.0 - 50.0 cm / 15.7 - 19.7""","Semi-aggressive; similar to other large bichirs, it is a nocturnal hunter best kept with large fish.",
Reedfish,Erpetoichthys calabaricus,https://upload.wikimedia.org//wikipedia/commons/6/62/Akwa19_reedfish.jpg,"Also called the ropefish, the reedfish has an extremely elongated, snake-like body with tiny fins and the ability to wriggle through small openings, making tight lids essential. It grows 12–16 inches (30–40 cm) and needs a 55+ gallon tank with soft sand, plants, and dim lighting at 24–28 °C (75–82 °F). Generally peaceful and social with its own kind, it coexists with medium fish but will consume very small tankmates.",24–30 degrees celsius,"Also called the ropefish, the reedfish has an extremely elongated, snake-like body with tiny fins and the ability to wriggle through small openings, making tight lids essential. It grows 12?16 inches (30?40 cm) and needs a 55+ gallon tank with soft sand, plants, and dim lighting at 24?28 ?C (75?82 ?F). Generally peaceful and social with its own kind, it coexists with medium fish but will consume very small tankmates.",6.0 - 8.0,125 – 180+ gallons,"40.0 - 60.0 cm / 15.7 - 23.6""",Semi-aggressive; an eel-like predator that is peaceful toward large fish but will eat anything small.,https://en.wikipedia.org//wiki/Erpetoichthys_calabaricus
Hingemouth,Phractolaemus ansorgii,,"The hingemouth, a relative of elephantnoses, has a long tubular snout and flexible jaw used to probe substrates for worms and insect larvae, relying heavily on weak electrical sensing. Growing 8–10 inches (20–25 cm), it requires 55+ gallons, soft sand, low light, and very clean water at 24–28 °C (75–82 °F). Sensitive and shy, it should only be housed with peaceful, non-competitive fish and fed live or frozen foods.",22–28 degrees celsius,"The hingemouth, a relative of elephantnoses, has a long tubular snout and flexible jaw used to probe substrates for worms and insect larvae, relying heavily on weak electrical sensing. Growing 8?10 inches (20?25 cm), it requires 55+ gallons, soft sand, low light, and very clean water at 24?28 ?C (75?82 ?F). Sensitive and shy, it should only be housed with peaceful, non-competitive fish and fed live or frozen foods.",6.5 - 7.5,75 – 125 gallons,"15.0 - 20.0 cm / 5.9 - 7.9""","Peaceful but shy; a specialized feeder that needs a quiet tank and peaceful, non-competitive neighbors.",https://en.wikipedia.org//wiki/Phractolaemus_ansorgii
Blunt-jawed elephantnose,Campylomormyrus tamandua,https://upload.wikimedia.org//wikipedia/commons/1/10/Campylomormyrus_tamandua.png,"This elephantnose species has a shorter, thicker snout compared to the classic Peters’ elephantnose and displays interesting social and electric communication behaviors. It grows 7–9 inches (18–23 cm) and thrives in 40–55 gallons with sandy bottoms and subdued lighting at 25–28 °C (77–82 °F). It is delicate and easily stressed, making it compatible only with calm tankmates and stable, well-oxygenated water.",24–28 degrees celsius,"This elephantnose species has a shorter, thicker snout compared to the classic Peters? elephantnose and displays interesting social and electric communication behaviors. It grows 7?9 inches (18?23 cm) and thrives in 40?55 gallons with sandy bottoms and subdued lighting at 25?28 ?C (77?82 ?F). It is delicate and easily stressed, making it compatible only with calm tankmates and stable, well-oxygenated water.",6.5 - 7.5,125 – 180+ gallons,"20.0 - 25.0 cm / 7.9 - 9.8""","Peaceful; an unusual fish with a sensitive electrical sense; best kept with very calm, docile tankmates.",https://en.wikipedia.org//wiki/Campylomormyrus_tamandua
Peters' elephant nose,Gnathonemus petersii,https://upload.wikimedia.org//wikipedia/commons/e/e5/Gnathonemus_petersii_by_OpenCage.jpg,"Peters’ elephantnose is famous for its elongated trunk-like mouth and weak electric organ used for navigation and hunting in murky waters. It reaches 8–10 inches (20–25 cm) and requires a 55–75 gallon tank with soft substrate and excellent filtration at 25–28 °C (77–82 °F). Intelligent but timid, it is best kept in species groups or peaceful communities and can suffer if housed with aggressive or fast-feeding fish.",24–28 degrees celsius,"Peters? elephantnose is famous for its elongated trunk-like mouth and weak electric organ used for navigation and hunting in murky waters. It reaches 8?10 inches (20?25 cm) and requires a 55?75 gallon tank with soft substrate and excellent filtration at 25?28 ?C (77?82 ?F). Intelligent but timid, it is best kept in species groups or peaceful communities and can suffer if housed with aggressive or fast-feeding fish.",6.0 - 7.5,150 – 200+ gallons,"20.0 - 30.0 cm / 7.9 - 11.8""",Peaceful but delicate; requires a very quiet environment and specialized feeding to thrive.,https://en.wikipedia.org//wiki/Gnathonemus_petersii
African butterflyfish,Pantodon buchholzi,https://upload.wikimedia.org//wikipedia/commons/3/36/Pantodon_buchholzi.jpg,"The African butterflyfish is a surface-dwelling predator with broad pectoral fins resembling wings and a camouflaged body that allows it to ambush insects. Growing 4–5 inches (10–13 cm), it needs a 30–40 gallon tank with floating plants and minimal surface agitation at 24–28 °C (75–82 °F). It is peaceful toward mid- and bottom-dwellers but will eat small fish that swim near the surface.",24–28 degrees celsius,"The African butterflyfish is a surface-dwelling predator with broad pectoral fins resembling wings and a camouflaged body that allows it to ambush insects. Growing 4?5 inches (10?13 cm), it needs a 30?40 gallon tank with floating plants and minimal surface agitation at 24?28 ?C (75?82 ?F). It is peaceful toward mid- and bottom-dwellers but will eat small fish that swim near the surface.",6.0 - 7.5,55 – 90 gallons,"10.0 - 15.0 cm / 3.9 - 5.9""","Predatory; an ambush hunter that stays at the surface; compatible with other large, peaceful fish.",https://en.wikipedia.org//wiki/Pantodon_buchholzi
Aba aba,Gymnarchus niloticus,https://upload.wikimedia.org//wikipedia/commons/5/57/Gymnarchus_007.jpg,"he aba aba, or African knifefish, is a massive, electric-sensing predator with a long, scaleless body and continuous undulating fin, capable of exceeding 5–6 feet (1.5–2 m) in length. It requires an extremely large custom tank or pond (500+ gallons) and warm 25–28 °C (77–82 °F) water. Highly predatory and territorial, it is unsuitable for typical aquariums and must be kept alone or in very specialized setups.",24–30 degrees celsius,"he aba aba, or African knifefish, is a massive, electric-sensing predator with a long, scaleless body and continuous undulating fin, capable of exceeding 5?6 feet (1.5?2 m) in length. It requires an extremely large custom tank or pond (500+ gallons) and warm 25?28 ?C (77?82 ?F) water. Highly predatory and territorial, it is unsuitable for typical aquariums and must be kept alone or in very specialized setups.",6.0 - 7.5,75 – 125 gallons,"100.0 - 150.0 cm / 39.4 - 59.1""",Highly Aggressive; an electrical predator that is usually kept alone due to its powerful shocks.,https://en.wikipedia.org//wiki/Gymnarchus_niloticus
Reticulated knifefish,Papyrocranus afer,,"The reticulated knifefish has intricate net-like body patterns and uses weak electric fields to navigate in darkness, typically reaching 10–12 inches (25–30 cm). It needs 55+ gallons, soft sand, dim lighting, and warm 24–28 °C (75–82 °F) conditions. Peaceful but sensitive, it does best with slow, non-aggressive tankmates.",24–30 degrees celsius,"The reticulated knifefish has intricate net-like body patterns and uses weak electric fields to navigate in darkness, typically reaching 10?12 inches (25?30 cm). It needs 55+ gallons, soft sand, dim lighting, and warm 24?28 ?C (75?82 ?F) conditions. Peaceful but sensitive, it does best with slow, non-aggressive tankmates.",6.5 - 7.5,40 – 55 gallons,"40.0 - 60.0 cm / 15.7 - 23.6""","Highly Predatory; a large nocturnal hunter; only compatible with other very large ""monster"" fish.",
African brown knifefish,Xenomystus nigri,https://upload.wikimedia.org//wikipedia/commons/a/ac/Xenomystus_nigri_1.JPG,"The African brown knifefish is a hardy, chocolate-colored species with smooth swimming motions and mild electric sensing ability, growing 8–10 inches (20–25 cm). A 40–55 gallon tank with hiding caves and subdued light at 24–28 °C (75–82 °F) suits it well. It is one of the more community-friendly knifefish, compatible with medium peaceful fish.",22–28 degrees celsius,"The African brown knifefish is a hardy, chocolate-colored species with smooth swimming motions and mild electric sensing ability, growing 8?10 inches (20?25 cm). A 40?55 gallon tank with hiding caves and subdued light at 24?28 ?C (75?82 ?F) suits it well. It is one of the more community-friendly knifefish, compatible with medium peaceful fish.",6.0 - 7.5,40 – 55 gallons,"20.0 - 30.0 cm / 7.9 - 11.8""",Highly Predatory; a shy but powerful predator that requires a massive tank and large neighbors.,https://en.wikipedia.org//wiki/Xenomystus_nigri
Clown knifefish,Chitala ornata,https://upload.wikimedia.org//wikipedia/commons/a/a3/Chitala_ornata_%28Zoo_Brno%2C_Czech_Republic%29.jpg,"The clown knifefish is a large, silver predator marked with bold black eye-spots along its flanks and capable of reaching 30–40+ inches (75–100 cm). It demands a 200+ gallon aquarium and warm 24–28 °C (75–82 °F) water. Aggressive and predatory, it will eat most tankmates and is best kept alone or with very large companions.",24–28 degrees celsius,"The clown knifefish is a large, silver predator marked with bold black eye-spots along its flanks and capable of reaching 30?40+ inches (75?100 cm). It demands a 200+ gallon aquarium and warm 24?28 ?C (75?82 ?F) water. Aggressive and predatory, it will eat most tankmates and is best kept alone or with very large companions.",6.0 - 7.5,20 – 30 gallons,"60.0 - 100.0 cm / 23.6 - 39.4""",Highly Predatory; grows enormous and is very aggressive; best suited for specialized monster fish tanks.,https://en.wikipedia.org//wiki/Chitala_ornata
Asian arowana,Scleropages formosus,https://upload.wikimedia.org//wikipedia/commons/e/ec/Scleropages_formosus_Prague_2012_1.jpg,"The Asian arowana is a legendary, dragon-like surface predator prized for its metallic scales, upturned mouth, and long pectoral fins that allow slow, graceful cruising near the surface. It commonly reaches 24–36 inches (60–90 cm) and requires a minimum 180–250+ gallon aquarium with a tightly covered lid to prevent jumping, strong filtration, and open swimming space. Preferring warm 24–30 °C (75–86 °F) water, it is highly territorial and predatory, often consuming smaller fish and showing aggression toward other surface dwellers, so it is best kept singly or with large, robust tankmates of similar size.",24–28 degrees celsius,"The Asian arowana is a legendary, dragon-like surface predator prized for its metallic scales, upturned mouth, and long pectoral fins that allow slow, graceful cruising near the surface. It commonly reaches 24?36 inches (60?90 cm) and requires a minimum 180?250+ gallon aquarium with a tightly covered lid to prevent jumping, strong filtration, and open swimming space. Preferring warm 24?30 ?C (75?86 ?F) water, it is highly territorial and predatory, often consuming smaller fish and showing aggression toward other surface dwellers, so it is best kept singly or with large, robust tankmates of similar size.",6.0 - 8.0,"1,000+ gallons (Pond)","60.0 - 90.0 cm / 23.6 - 35.4""","Highly Predatory; an apex predator that is often kept alone or with other massive, sturdy fish.",https://en.wikipedia.org//wiki/Scleropages_formosus
Silver arowana,Osteoglossum bicirrhosum,https://upload.wikimedia.org//wikipedia/commons/b/bf/Osteoglossum_bicirrhosum.JPG,"The silver arowana is a sleek, fast-growing South American species with elongated fins and a powerful jumping ability that lets it snatch insects or small prey from above the waterline. It grows even larger than its Asian counterpart at 30–40+ inches (75–100+ cm) and needs 250–300+ gallons or indoor pond setups with warm 24–28 °C (75–82 °F) water. Active and sometimes skittish, it is predatory toward smaller fish and best housed with large, midwater species that cannot fit in its mouth.",24–30 degrees celsius,"The silver arowana is a sleek, fast-growing South American species with elongated fins and a powerful jumping ability that lets it snatch insects or small prey from above the waterline. It grows even larger than its Asian counterpart at 30?40+ inches (75?100+ cm) and needs 250?300+ gallons or indoor pond setups with warm 24?28 ?C (75?82 ?F) water. Active and sometimes skittish, it is predatory toward smaller fish and best housed with large, midwater species that cannot fit in its mouth.",6.0 - 7.5,125 – 180+ gallons,"90.0 - 120.0 cm / 35.4 - 47.2""",Highly Predatory; a giant surface hunter that will eat almost anything it can catch.,https://en.wikipedia.org//wiki/Osteoglossum_bicirrhosum
Freshwater pipefish,Doryichthys martensii,,"Freshwater pipefish are delicate, stick-like relatives of seahorses with elongated snouts used to suction tiny crustaceans, and their slow, hovering swimming style makes them fascinating but fragile aquarium residents. Usually only 4–6 inches (10–15 cm) long, they require a species-focused 15–20 gallon tank with dense plants, gentle flow, and pristine water at 22–26 °C (72–79 °F). Extremely peaceful and poor competitors, they should only be kept with similarly tiny, non-aggressive fish or alone, and they require frequent live foods such as baby brine shrimp or daphnia.",24–30 degrees celsius,"Freshwater pipefish are delicate, stick-like relatives of seahorses with elongated snouts used to suction tiny crustaceans, and their slow, hovering swimming style makes them fascinating but fragile aquarium residents. Usually only 4?6 inches (10?15 cm) long, they require a species-focused 15?20 gallon tank with dense plants, gentle flow, and pristine water at 22?26 ?C (72?79 ?F). Extremely peaceful and poor competitors, they should only be kept with similarly tiny, non-aggressive fish or alone, and they require frequent live foods such as baby brine shrimp or daphnia.",6.0 - 7.5,40 – 55 gallons,"15.0 - 20.0 cm / 5.9 - 7.9""","Peaceful but highly specialized; requires live food and a very calm, species-only or expert-level tank.",
African freshwater pipefish,Enneacampus ansorgii,,"This African pipefish has a slightly thicker body and subtle banding, inhabiting slow rivers and estuaries where it clings among vegetation. Growing 5–7 inches (13–18 cm), it needs 20–30 gallons, gentle current, and very clean water at 24–28 °C (75–82 °F), sometimes tolerating slight brackishness. Peaceful and shy, it must be housed with tiny, calm species and fed small live or frozen microfoods due to its slow feeding behavior.",24–28 degrees celsius,"This African pipefish has a slightly thicker body and subtle banding, inhabiting slow rivers and estuaries where it clings among vegetation. Growing 5?7 inches (13?18 cm), it needs 20?30 gallons, gentle current, and very clean water at 24?28 ?C (75?82 ?F), sometimes tolerating slight brackishness. Peaceful and shy, it must be housed with tiny, calm species and fed small live or frozen microfoods due to its slow feeding behavior.",7.0 - 8.0,125 – 180+ gallons,"15.0 - 40.0 cm / 5.9 - 15.7""","Peaceful; like other pipefish, it is very delicate and should only be kept with the gentlest tankmates.",
Fire eel,Mastacembelus erythrotaenia,https://upload.wikimedia.org//wikipedia/commons/0/00/Ildaal.jpg,"The fire eel is a striking, snake-like spiny eel with dark brown coloration accented by bright red or orange lateral streaks and a curious, interactive personality. It can reach 30–40 inches (75–100 cm) and requires a 125–180+ gallon tank with deep sand for burrowing, tight covers, and warm 25–28 °C (77–82 °F) water. Generally peaceful toward larger fish but predatory toward small ones, it is compatible with medium to large community species and often recognizes its keeper during feeding.",24–28 degrees celsius,"The fire eel is a striking, snake-like spiny eel with dark brown coloration accented by bright red or orange lateral streaks and a curious, interactive personality. It can reach 30?40 inches (75?100 cm) and requires a 125?180+ gallon tank with deep sand for burrowing, tight covers, and warm 25?28 ?C (77?82 ?F) water. Generally peaceful toward larger fish but predatory toward small ones, it is compatible with medium to large community species and often recognizes its keeper during feeding.",7.0 - 8.0,180 – 300+ gallons,"50.0 - 100.0 cm / 19.7 - 39.4""","Predatory; a large, nocturnal eel that is peaceful with large fish but will eat anything small.",https://en.wikipedia.org//wiki/Mastacembelus_erythrotaenia
Tire track eel,Mastacembelus armatus,https://upload.wikimedia.org//wikipedia/commons/1/10/Tire_Track_Eel.jpg,"The tire track eel features intricate maze-like patterns across a long body and is more rugged and active than many spiny eels. Growing 24–30 inches (60–75 cm), it needs 100–125+ gallons, soft substrate, and 24–28 °C (75–82 °F) conditions. It may become territorial with age and will eat small fish, so tankmates should be robust and similarly sized.",24–28 degrees celsius,"The tire track eel features intricate maze-like patterns across a long body and is more rugged and active than many spiny eels. Growing 24?30 inches (60?75 cm), it needs 100?125+ gallons, soft substrate, and 24?28 ?C (75?82 ?F) conditions. It may become territorial with age and will eat small fish, so tankmates should be robust and similarly sized.",6.0 - 7.5,180 – 300+ gallons,"50.0 - 75.0 cm / 19.7 - 29.5""","Predatory; a massive, powerful eel that needs a very large tank and robust, large-sized tankmates.",https://en.wikipedia.org//wiki/Mastacembelus_armatus
Spotfinned spiny eel,Macrognathus siamensis,https://upload.wikimedia.org//wikipedia/commons/c/c6/Macrognathus_siamenis.jpg,"This smaller spiny eel has delicate spotting along its dorsal region and a slender build, reaching 8–10 inches (20–25 cm). A 30–40 gallon aquarium with sand, plants, and hiding tubes at 24–28 °C (75–82 °F) suits it well. Peaceful and shy, it coexists nicely with calm community fish and spends much time partially buried.",24–28 degrees celsius,"This smaller spiny eel has delicate spotting along its dorsal region and a slender build, reaching 8?10 inches (20?25 cm). A 30?40 gallon aquarium with sand, plants, and hiding tubes at 24?28 ?C (75?82 ?F) suits it well. Peaceful and shy, it coexists nicely with calm community fish and spends much time partially buried.",6.0 - 8.0,30 – 55 gallons,"15.0 - 20.0 cm / 5.9 - 7.9""","Peaceful but shy; a slender bottom-dweller that thrives in groups with other small, gentle community fish.",
Half-banded spiny eel,Macrognathus circumcinctus,,"Recognizable by alternating pale and dark body bands, the half-banded spiny eel stays small at 6–8 inches (15–20 cm) and fits comfortably in a 20–30 gallon tank. It prefers soft sand and warm 24–28 °C (75–82 °F) water and is gentle and nocturnal, making it suitable for peaceful community tanks so long as tankmates are not small enough to be eaten.",24–28 degrees celsius,"Recognizable by alternating pale and dark body bands, the half-banded spiny eel stays small at 6?8 inches (15?20 cm) and fits comfortably in a 20?30 gallon tank. It prefers soft sand and warm 24?28 ?C (75?82 ?F) water and is gentle and nocturnal, making it suitable for peaceful community tanks so long as tankmates are not small enough to be eaten.",6.0 - 8.0,15 – 25 gallons,"15.0 - 20.0 cm / 5.9 - 7.9""",Peaceful and social; an active scavenger that gets along well with almost any peaceful community tankmate.,
Lesser spiny eel,Macrognathus aculeatus,,"The lesser spiny eel has a thin, pointed snout and subdued earth-toned coloration, reaching about 7–9 inches (18–23 cm). It requires 30+ gallons with sandy substrate and numerous hiding spots at 24–28 °C (75–82 °F). Mild-mannered and somewhat secretive, it works well with other small to medium peaceful species and feeds primarily on worms and frozen foods.",22–28 degrees celsius,"The lesser spiny eel has a thin, pointed snout and subdued earth-toned coloration, reaching about 7?9 inches (18?23 cm). It requires 30+ gallons with sandy substrate and numerous hiding spots at 24?28 ?C (75?82 ?F). Mild-mannered and somewhat secretive, it works well with other small to medium peaceful species and feeds primarily on worms and frozen foods.",6.0 - 8.0,15 – 25 gallons,"15.0 - 25.0 cm / 5.9 - 9.8""","Peaceful but smaller than most; ideal for nano tanks with other tiny, docile neighbors.",https://en.wikipedia.org//wiki/Macrognathus_aculeatus
Freshwater sole,Brachirus panoides,https://upload.wikimedia.org//wikipedia/commons/4/4a/Synaptura_panoides_-_1866-1872_-_Print_-_Iconographia_Zoologica_-_Special_Collections_University_of_Amsterdam_-_UBA01_IZ14000237.tif,"The freshwater sole is a flat, bottom-hugging fish that resembles a miniature flounder, using camouflage and burying behavior to hide in sand while waiting for small prey. Growing 4–6 inches (10–15 cm), it needs a 20–30 gallon tank with fine sand and low lighting at 24–28 °C (75–82 °F). Extremely peaceful but slow-moving, it should only be kept with gentle tankmates that will not disturb or outcompete it for food.",24–28 degrees celsius,"The freshwater sole is a flat, bottom-hugging fish that resembles a miniature flounder, using camouflage and burying behavior to hide in sand while waiting for small prey. Growing 4?6 inches (10?15 cm), it needs a 20?30 gallon tank with fine sand and low lighting at 24?28 ?C (75?82 ?F). Extremely peaceful but slow-moving, it should only be kept with gentle tankmates that will not disturb or outcompete it for food.",6.0 - 8.0,20 – 30 gallons,"12.0 - 15.0 cm / 4.7 - 5.9""","Peaceful but highly specialized; a flat bottom-dweller that needs a quiet, sandy environment with non-aggressive tankmates.",
Freshwater needlefish,Xenentodon cancila,https://upload.wikimedia.org//wikipedia/commons/5/5c/Xenentodon_cancila_%28Wroclaw_zoo%29-1.JPG,"The freshwater needlefish is a long, slender surface predator with a pointed beak lined with teeth, resembling a miniature gar. It grows 10–14 inches (25–35 cm) and requires a 55+ gallon long tank with tight lids and warm 24–28 °C (75–82 °F) water. Fast and skittish but not overtly aggressive, it will eat small fish and does best with mid-sized, quick tankmates that occupy different water levels.",22–28 degrees celsius,"The freshwater needlefish is a long, slender surface predator with a pointed beak lined with teeth, resembling a miniature gar. It grows 10?14 inches (25?35 cm) and requires a 55+ gallon long tank with tight lids and warm 24?28 ?C (75?82 ?F) water. Fast and skittish but not overtly aggressive, it will eat small fish and does best with mid-sized, quick tankmates that occupy different water levels.",7.0 - 8.0,30 – 55 gallons,"30.0 - 45.0 cm / 11.8 - 17.7""","Highly Predatory; a fast, surface-dwelling hunter that will eat any fish small enough to fit in its mouth.",
Javanese ricefish,Oryzias javanicus,https://upload.wikimedia.org//wikipedia/commons/b/b3/Oryzias_javanicus.jpg,"The Javanese ricefish is a slender, surface-oriented micro-predator with a translucent silver body and subtle yellow or blue highlights that shimmer under light, commonly inhabiting coastal swamps, rice paddies, and mildly brackish estuaries. Adults grow only 1.5–2 inches (4–5 cm), making them ideal for nano to small aquariums of 10–15 gallons or larger, where dense plants, floating cover, and gentle flow help them feel secure. They tolerate a surprisingly wide range of conditions, from freshwater to slightly brackish, and prefer 22–28 °C (72–82 °F). Peaceful and social, they should be kept in groups of at least six to encourage natural schooling and breeding behavior, and they coexist well with other tiny, calm fish, though they may eat very small fry or micro-invertebrates.",22–26 degrees celsius,"The Javanese ricefish is a slender, surface-oriented micro-predator with a translucent silver body and subtle yellow or blue highlights that shimmer under light, commonly inhabiting coastal swamps, rice paddies, and mildly brackish estuaries. Adults grow only 1.5?2 inches (4?5 cm), making them ideal for nano to small aquariums of 10?15 gallons or larger, where dense plants, floating cover, and gentle flow help them feel secure. They tolerate a surprisingly wide range of conditions, from freshwater to slightly brackish, and prefer 22?28 ?C (72?82 ?F). Peaceful and social, they should be kept in groups of at least six to encourage natural schooling and breeding behavior, and they coexist well with other tiny, calm fish, though they may eat very small fry or micro-invertebrates.",7.0 - 7.5,5 – 10 gallons,"3.0 - 4.5 cm / 1.2 - 1.8""",Peaceful; an active surface swimmer that is social and best kept in groups with other small community fish.,
Daisy's Ricefish,Oryzias woworae,https://upload.wikimedia.org//wikipedia/commons/4/4e/Oryzias_woworae.jpg,"Daisy’s ricefish is prized for its vivid coloration, with males displaying electric blue bodies, red fin edges, and reflective scales that make them look almost neon in planted aquariums. Reaching 1–1.5 inches (2.5–4 cm), they thrive in 10–20 gallon planted tanks with dark substrate and soft, slightly alkaline to neutral water kept at 24–28 °C (75–82 °F). Active yet gentle, they are constant mid- to surface swimmers that feel safest in groups, and their peaceful temperament makes them excellent nano community fish with shrimp or other tiny species, though strong currents or aggressive tankmates will easily stress them.",23–27 degrees celsius,"Daisy?s ricefish is prized for its vivid coloration, with males displaying electric blue bodies, red fin edges, and reflective scales that make them look almost neon in planted aquariums. Reaching 1?1.5 inches (2.5?4 cm), they thrive in 10?20 gallon planted tanks with dark substrate and soft, slightly alkaline to neutral water kept at 24?28 ?C (75?82 ?F). Active yet gentle, they are constant mid- to surface swimmers that feel safest in groups, and their peaceful temperament makes them excellent nano community fish with shrimp or other tiny species, though strong currents or aggressive tankmates will easily stress them.",6.5 - 8.0,5 – 10 gallons,"3.0 - 4.0 cm / 1.2 - 1.6""","Peaceful; very similar to other ricefish, requiring a calm environment and peaceful schooling companions.",
Indian glassy fish,Parambassis ranga,https://upload.wikimedia.org//wikipedia/commons/7/77/Parambassis_ranga_2.jpg,"The Indian glassy fish, often called the glass perchlet, has a semi-transparent body through which the spine and organs are visible, giving it a ghostlike appearance that becomes especially striking when light catches its reflective scales. Growing 2–3 inches (5–7 cm), it prefers 20–30 gallons with open swimming space and planted cover, and it thrives in slightly brackish to freshwater conditions at 24–28 °C (75–82 °F). Naturally schooling and timid, it must be kept in groups to prevent stress and works well with peaceful midwater species; it should never be housed with aggressive fish or subjected to dyed or artificially colored varieties, which are unhealthy.",20–30 degrees celsius,"The Indian glassy fish, often called the glass perchlet, has a semi-transparent body through which the spine and organs are visible, giving it a ghostlike appearance that becomes especially striking when light catches its reflective scales. Growing 2?3 inches (5?7 cm), it prefers 20?30 gallons with open swimming space and planted cover, and it thrives in slightly brackish to freshwater conditions at 24?28 ?C (75?82 ?F). Naturally schooling and timid, it must be kept in groups to prevent stress and works well with peaceful midwater species; it should never be housed with aggressive fish or subjected to dyed or artificially colored varieties, which are unhealthy.",6.5 - 8.0,15 – 25 gallons,"6.0 - 8.0 cm / 2.4 - 3.1""",Peaceful and translucent; a social fish that prefers being in large schools to feel secure.,
Amazon leaffish,Monocirrhus polyacanthus,https://upload.wikimedia.org//wikipedia/commons/2/26/Monocirrhus_polyacanthus.jpg,"The Amazon leaffish is a master of camouflage, resembling a dead leaf complete with mottled browns and pointed fins, allowing it to drift motionless before striking prey with lightning speed. It reaches 3–4 inches (7–10 cm) and does best in a 20–30 gallon heavily planted aquarium with leaf litter, driftwood, and dim lighting that mimics blackwater habitats at 24–28 °C (75–82 °F). While fascinating to observe, it is strictly predatory and will swallow any fish that fits in its mouth, so it is best kept alone or with similarly sized, non-aggressive species that are too large to be eaten; live or frozen foods are usually required.",22–28 degrees celsius,"The Amazon leaffish is a master of camouflage, resembling a dead leaf complete with mottled browns and pointed fins, allowing it to drift motionless before striking prey with lightning speed. It reaches 3?4 inches (7?10 cm) and does best in a 20?30 gallon heavily planted aquarium with leaf litter, driftwood, and dim lighting that mimics blackwater habitats at 24?28 ?C (75?82 ?F). While fascinating to observe, it is strictly predatory and will swallow any fish that fits in its mouth, so it is best kept alone or with similarly sized, non-aggressive species that are too large to be eaten; live or frozen foods are usually required.",7.0 - 8.0,20 – 30 gallons,"6.0 - 10.0 cm / 2.4 - 3.9""",Highly Predatory; a specialized ambush hunter that looks like a leaf; must be kept with fish too large to be swallowed.,https://en.wikipedia.org//wiki/Monocirrhus_polyacanthus
Indonesian tigerfish,Datnioides microlepis,https://upload.wikimedia.org//wikipedia/commons/9/90/Tigerfish037.JPG,"The Indonesian tigerfish has a bold, vertical black-and-gold banded pattern and a powerful, muscular body that gives it a commanding presence in large aquariums. Growing 12–18 inches (30–45 cm), it requires at least a 125–180 gallon tank with strong filtration, open swimming space, and warm 24–28 °C (75–82 °F) water. Though not overtly aggressive, it is highly predatory and will eat smaller fish, making it suitable only for large, similarly sized tankmates; when properly housed, it becomes an intelligent, responsive centerpiece fish.",22–26 degrees celsius,"The Indonesian tigerfish has a bold, vertical black-and-gold banded pattern and a powerful, muscular body that gives it a commanding presence in large aquariums. Growing 12?18 inches (30?45 cm), it requires at least a 125?180 gallon tank with strong filtration, open swimming space, and warm 24?28 ?C (75?82 ?F) water. Though not overtly aggressive, it is highly predatory and will eat smaller fish, making it suitable only for large, similarly sized tankmates; when properly housed, it becomes an intelligent, responsive centerpiece fish.",5.0 - 6.8,40 – 75 gallons,"25.0 - 40.0 cm / 9.8 - 15.7""","Highly Predatory; an active and aggressive hunter that is only compatible with other large, robust ""monster"" fish.",
Silver tigerfish,Datnioides polota,https://upload.wikimedia.org//wikipedia/commons/c/cb/Datnioides_polota_%28Hamilton%2C_1822%29.jpg,"The silver tigerfish, sometimes called the Siamese tiger perch, has a brighter silver base color with crisp black bars and a deep, laterally compressed body adapted for powerful bursts of speed. It grows 10–12 inches (25–30 cm) and needs a 90–125+ gallon aquarium with strong current and pristine water at 24–28 °C (75–82 °F). Semi-aggressive and territorial, it may spar with conspecifics but generally coexists with other large, robust species, while very small fish will inevitably be preyed upon.",22–26 degrees celsius,"The silver tigerfish, sometimes called the Siamese tiger perch, has a brighter silver base color with crisp black bars and a deep, laterally compressed body adapted for powerful bursts of speed. It grows 10?12 inches (25?30 cm) and needs a 90?125+ gallon aquarium with strong current and pristine water at 24?28 ?C (75?82 ?F). Semi-aggressive and territorial, it may spar with conspecifics but generally coexists with other large, robust species, while very small fish will inevitably be preyed upon.",6.5 - 7.5,40 – 75 gallons,"20.0 - 30.0 cm / 7.9 - 11.8""","Highly Predatory; similar to its Indonesian cousin, this powerful predator requires a massive tank and sturdy tankmates.",
Banded archerfish,Toxotes jaculatrix,https://upload.wikimedia.org//wikipedia/commons/2/27/Toxotes_jaculatrix_Porte_dor%C3%A9e.jpg,"The banded archerfish is famous for its unique hunting strategy of shooting jets of water to knock insects off branches, a behavior that makes it one of the most interactive and entertaining aquarium species. Growing 8–12 inches (20–30 cm), it requires a 55–75+ gallon brackish tank with open surface space and mangrove-style décor, preferring 24–30 °C (75–86 °F). Social and active, they should be kept in groups and housed with medium brackish companions; however, they may consume small fish and require a secure lid due to jumping.",25–30 degrees celsius,"The banded archerfish is famous for its unique hunting strategy of shooting jets of water to knock insects off branches, a behavior that makes it one of the most interactive and entertaining aquarium species. Growing 8?12 inches (20?30 cm), it requires a 55?75+ gallon brackish tank with open surface space and mangrove-style d?cor, preferring 24?30 ?C (75?86 ?F). Social and active, they should be kept in groups and housed with medium brackish companions; however, they may consume small fish and require a secure lid due to jumping.",6.5 - 7.5,55 – 90 gallons (Brackish),"20.0 - 30.0 cm / 7.9 - 11.8""","Peaceful; a specialized surface-dweller that needs brackish water as it matures and is safe with large, calm fish.",https://en.wikipedia.org//wiki/Toxotes_jaculatrix
Spotted scat,Scatophagus argus,https://upload.wikimedia.org//wikipedia/commons/2/2c/Scatophagus_argus_%28Wroclaw_zoo%29-2.JPG,"The spotted scat is a round, disc-shaped fish with greenish-bronze coloration and dark spots, known for its constant grazing and comical personality. It grows 10–12 inches (25–30 cm) and demands a 75–100+ gallon brackish aquarium with strong filtration and high oxygenation at 24–30 °C (75–86 °F). Hardy and social, it does best in groups and with other brackish fish but produces heavy waste and may nibble delicate plants, making robust setups essential.",20–28 degrees celsius,"The spotted scat is a round, disc-shaped fish with greenish-bronze coloration and dark spots, known for its constant grazing and comical personality. It grows 10?12 inches (25?30 cm) and demands a 75?100+ gallon brackish aquarium with strong filtration and high oxygenation at 24?30 ?C (75?86 ?F). Hardy and social, it does best in groups and with other brackish fish but produces heavy waste and may nibble delicate plants, making robust setups essential.",7.0 - 8.0,55 – 90 gallons (Brackish),"25.0 - 35.0 cm / 9.8 - 13.8""","Peaceful but social; requires brackish water and is compatible with other active, mid-to-large brackish species.",
Green spotted puffer,Dichotomyctere nigroviridis,https://upload.wikimedia.org//wikipedia/commons/b/b6/Tetraodon_nigroviridis_1.jpg,"The green spotted puffer has bright green markings over a pale belly and expressive eyes that constantly scan its surroundings, giving it a curious, almost puppy-like demeanor. Growing 6–7 inches (15–18 cm), it requires a 30–40+ gallon brackish to marine tank, warm 24–28 °C (75–82 °F) water, and hard foods to wear down ever-growing teeth. Despite its charm, it is territorial and fin-nippy, often best kept singly or with carefully selected tankmates.",24–28 degrees celsius,"The green spotted puffer has bright green markings over a pale belly and expressive eyes that constantly scan its surroundings, giving it a curious, almost puppy-like demeanor. Growing 6?7 inches (15?18 cm), it requires a 30?40+ gallon brackish to marine tank, warm 24?28 ?C (75?82 ?F) water, and hard foods to wear down ever-growing teeth. Despite its charm, it is territorial and fin-nippy, often best kept singly or with carefully selected tankmates.",7.5 - 8.5,30 – 40 gallons (Brackish),"12.0 - 17.0 cm / 4.7 - 6.7""",Aggressive; a specialized brackish-water puffer known for its nipping behavior; best kept in a species-only tank.,
Humpback Puffer,Pao palembangensis,,"The humpback puffer is a rare, robust brackish species with a distinctive arched back and cryptic mottled coloration that helps it blend into muddy estuaries. Growing 4–5 inches (10–13 cm), it needs 30–40 gallons, warm slightly brackish water at 24–28 °C (75–82 °F), and a varied diet of snails and crustaceans. It is moderately territorial and best kept alone or with carefully chosen, non-fin-nipping companions.",24–28 degrees celsius,"The humpback puffer is a rare, robust brackish species with a distinctive arched back and cryptic mottled coloration that helps it blend into muddy estuaries. Growing 4?5 inches (10?13 cm), it needs 30?40 gallons, warm slightly brackish water at 24?28 ?C (75?82 ?F), and a varied diet of snails and crustaceans. It is moderately territorial and best kept alone or with carefully chosen, non-fin-nipping companions.",7.5 - 8.5,40 – 55 gallons,"12.0 - 15.0 cm / 4.7 - 5.9""",Highly Aggressive; an ambush predator that is extremely territorial; generally doesn't need a tankmate.,
Red-tail dwarf puffer,Carinotetraodon irrubesco,https://upload.wikimedia.org//wikipedia/commons/5/50/Carinotetraodon_irrubesco_male.JPG,"This small puffer displays rich reddish tail and fin coloration contrasted against dark brown or black bodies, creating a jewel-like appearance. Reaching only 2 inches (5 cm), it thrives in 10–15 gallon planted tanks at 24–28 °C (75–82 °F). Though tiny, it is surprisingly territorial and often aggressive toward its own kind, making species-only or carefully arranged setups ideal.",22–28 degrees celsius,"This small puffer displays rich reddish tail and fin coloration contrasted against dark brown or black bodies, creating a jewel-like appearance. Reaching only 2 inches (5 cm), it thrives in 10?15 gallon planted tanks at 24?28 ?C (75?82 ?F). Though tiny, it is surprisingly territorial and often aggressive toward its own kind, making species-only or carefully arranged setups ideal.",6.0 - 7.5,10 – 15 gallons,"2.5 - 3.5 cm / 1.0 - 1.4""","Semi-Aggressive; a tiny but spunky puffer that can be nippy; best kept with fast-moving, short-finned community fish.",
Golden puffer,Auriglobus modestus,,"The golden puffer has a metallic yellow-bronze body with darker patches and a bold personality, growing 4–5 inches (10–13 cm). It prefers 30–40 gallons, warm freshwater at 24–28 °C (75–82 °F), and a diet of crunchy foods to maintain dental health. Often aggressive and prone to biting tankmates, it is usually best kept singly.",25–30 degrees celsius,"The golden puffer has a metallic yellow-bronze body with darker patches and a bold personality, growing 4?5 inches (10?13 cm). It prefers 30?40 gallons, warm freshwater at 24?28 ?C (75?82 ?F), and a diet of crunchy foods to maintain dental health. Often aggressive and prone to biting tankmates, it is usually best kept singly.",6.0 - 7.5,100 – 150+ gallons,"40.0 - 50.0 cm / 15.7 - 19.7""","Aggressive; grows large and is very territorial; best suited for a large, specialized puffer-only or monster fish setup.",
Figure 8 pufferfish,Tetraodon biocellatus,https://upload.wikimedia.org//wikipedia/en/c/cf/Tbiocellatus.jpg,"Named for the distinctive “figure 8” marking on its back, this small brackish puffer grows 2.5–3 inches (6–8 cm) and does well in 15–20 gallon setups with mild salinity and warm 24–28 °C (75–82 °F) water. Curious and interactive but territorial, it may nip fins, so it is often kept alone or with fast, sturdy tankmates.",22–26 degrees celsius,"Named for the distinctive ?figure 8? marking on its back, this small brackish puffer grows 2.5?3 inches (6?8 cm) and does well in 15?20 gallon setups with mild salinity and warm 24?28 ?C (75?82 ?F) water. Curious and interactive but territorial, it may nip fins, so it is often kept alone or with fast, sturdy tankmates.",7.0 - 8.0,15 – 25 gallons (Brackish),"6.0 - 8.0 cm / 2.4 - 3.1""",Semi-Aggressive; a brackish-water species that can be territorial; best kept with other robust brackish tankmates.,https://en.wikipedia.org//wiki/Tetraodon_biocellatus
Dwarf pufferfish,Carinotetraodon travancoricus,https://upload.wikimedia.org//wikipedia/commons/c/c4/Carinotetraodon_travancoricus_2.JPG,"The dwarf or pea puffer is one of the smallest puffers at just 1 inch (2.5 cm), yet it has intense personality and bright yellow-green coloration with dark spots. A 5–10 gallon planted tank with 24–28 °C (75–82 °F) water suits them well. Despite their size, they are territorial and may nip tankmates, so species-only groups often work best.",22–28 degrees celsius,"The dwarf or pea puffer is one of the smallest puffers at just 1 inch (2.5 cm), yet it has intense personality and bright yellow-green coloration with dark spots. A 5?10 gallon planted tank with 24?28 ?C (75?82 ?F) water suits them well. Despite their size, they are territorial and may nip tankmates, so species-only groups often work best.",7.0 - 8.0,5 – 10 gallons,"2.5 - 3.5 cm / 1.0 - 1.4""","Aggressive; a small but highly territorial puffer; usually best kept alone or in a very large, well-decorated tank.",https://en.wikipedia.org//wiki/Carinotetraodon_travancoricus
Fahaka puffer,Tetraodon lineatus,https://upload.wikimedia.org//wikipedia/commons/c/c3/TetraodonLineatus.JPG,"The Fahaka puffer is a bold, thick-bodied freshwater puffer with striking horizontal yellow and dark bands and highly expressive eyes that constantly track movement, giving it an intelligent and inquisitive demeanor. It commonly reaches 14–18 inches (35–45 cm) and requires a 75–125+ gallon aquarium with heavy filtration due to its messy feeding habits and high waste production. This species prefers warm water between 24–28 °C (75–82 °F) and a sandy substrate to protect its sensitive belly. Equipped with powerful beak-like teeth that continuously grow, it must be fed hard-shelled foods like snails or clams to prevent overgrowth. Despite its engaging personality, it is extremely territorial and will bite or kill tankmates. Most aquarists keep it alone because it often attacks even similarly sized fish. It quickly recognizes its keeper and may beg for food, making it interactive but demanding. Overall, it is best suited as a solitary “wet pet” rather than a community fish.",24–29 degrees celsius,"The Fahaka puffer is a bold, thick-bodied freshwater puffer with striking horizontal yellow and dark bands and highly expressive eyes that constantly track movement, giving it an intelligent and inquisitive demeanor. It commonly reaches 14?18 inches (35?45 cm) and requires a 75?125+ gallon aquarium with heavy filtration due to its messy feeding habits and high waste production. This species prefers warm water between 24?28 ?C (75?82 ?F) and a sandy substrate to protect its sensitive belly. Equipped with powerful beak-like teeth that continuously grow, it must be fed hard-shelled foods like snails or clams to prevent overgrowth. Despite its engaging personality, it is extremely territorial and will bite or kill tankmates. Most aquarists keep it alone because it often attacks even similarly sized fish. It quickly recognizes its keeper and may beg for food, making it interactive but demanding. Overall, it is best suited as a solitary ?wet pet? rather than a community fish.",6.5 - 7.5,100 – 150+ gallons,"40.0 - 45.0 cm / 15.7 - 17.7""",Highly Aggressive; an apex predator that grows massive and is extremely territorial; strictly for specialized monster tanks.,https://en.wikipedia.org//wiki/Tetraodon_lineatus
Mbu puffer,Tetraodon mbu,https://upload.wikimedia.org//wikipedia/en/8/83/Juvenile_Mbu_pufferfish.jpg,"The Mbu puffer, or giant freshwater puffer, is one of the largest and most impressive puffers, covered in intricate maze-like golden patterns across a massive rounded body. It can exceed 24–30 inches (60–75 cm) and requires an enormous 300–500+ gallon aquarium or indoor pond, along with powerful filtration and frequent maintenance. Ideal temperatures range from 24–28 °C (75–82 °F). Like all puffers, it needs crunchy foods to wear down its teeth and produces substantial waste. Although often calmer than smaller puffers, it is still unpredictable and may nip or injure tankmates. Due to its size and appetite, tankmates are risky and rarely recommended. It is intelligent and responsive but extremely space-demanding. Only advanced aquarists with very large systems should attempt to keep this species.",24–26 degrees celsius,"The Mbu puffer, or giant freshwater puffer, is one of the largest and most impressive puffers, covered in intricate maze-like golden patterns across a massive rounded body. It can exceed 24?30 inches (60?75 cm) and requires an enormous 300?500+ gallon aquarium or indoor pond, along with powerful filtration and frequent maintenance. Ideal temperatures range from 24?28 ?C (75?82 ?F). Like all puffers, it needs crunchy foods to wear down its teeth and produces substantial waste. Although often calmer than smaller puffers, it is still unpredictable and may nip or injure tankmates. Due to its size and appetite, tankmates are risky and rarely recommended. It is intelligent and responsive but extremely space-demanding. Only advanced aquarists with very large systems should attempt to keep this species.",6.5 - 7.5,300 – 500+ gallons,"60.0 - 75.0 cm / 23.6 - 29.5""",Highly Aggressive; the largest freshwater puffer; usually kept alone due to its size and massive bite force.,https://en.wikipedia.org//wiki/Tetraodon_mbu
Congo pufferfish,Tetraodon miurus,https://upload.wikimedia.org//wikipedia/commons/3/3a/Tetraodon_miurus.jpg,"The Congo pufferfish is a fascinating ambush predator with a flattened, frog-like body and cryptic sand-colored patterns that allow it to bury itself almost completely while waiting for prey. It grows 6–8 inches (15–20 cm) and thrives in a 30–40 gallon species tank with deep, fine sand for burrowing. Warm water of 24–28 °C (75–82 °F) and calm flow suit it best. Unlike active swimmers, it spends much of the day partially hidden with only its eyes exposed. It strikes quickly at passing fish, so tankmates are unsafe. Because of its sedentary lifestyle, feeding must be targeted and monitored. Its behavior is highly specialized and interesting to watch but not community-friendly. A species-only setup is strongly recommended.",23–26 degrees celsius,"The Congo pufferfish is a fascinating ambush predator with a flattened, frog-like body and cryptic sand-colored patterns that allow it to bury itself almost completely while waiting for prey. It grows 6?8 inches (15?20 cm) and thrives in a 30?40 gallon species tank with deep, fine sand for burrowing. Warm water of 24?28 ?C (75?82 ?F) and calm flow suit it best. Unlike active swimmers, it spends much of the day partially hidden with only its eyes exposed. It strikes quickly at passing fish, so tankmates are unsafe. Because of its sedentary lifestyle, feeding must be targeted and monitored. Its behavior is highly specialized and interesting to watch but not community-friendly. A species-only setup is strongly recommended.",7.0 - 8.0,30 – 40 gallons,"8.0 - 10.0 cm / 3.1 - 3.9""","Aggressive; a specialized ""lurker"" puffer that stays buried in the sand; best kept in a species-specific setup.",https://en.wikipedia.org//wiki/Tetraodon_miurus
Amazon puffer,Colomesus asellus,https://upload.wikimedia.org//wikipedia/commons/4/40/Assel-Kugelfisch.jpg,"The Amazon puffer is a rare example of a relatively peaceful freshwater puffer, featuring smooth yellow-tan coloration with dark banding and a constantly active swimming style. It grows 3–4 inches (7–10 cm) and does best in 30–40 gallons or larger, ideally kept in groups to reduce stress and aggression. Preferred temperatures are 24–28 °C (75–82 °F) with strong filtration and oxygenation. Unlike many puffers, it is less territorial and can coexist with fast, similarly sized community fish. However, occasional fin-nipping may still occur, especially if underfed. It requires a varied diet including snails and crustaceans to maintain dental health. Its social nature and activity level make it engaging and lively. Among puffers, it is one of the better choices for semi-community aquariums.",23–28 degrees celsius,"The Amazon puffer is a rare example of a relatively peaceful freshwater puffer, featuring smooth yellow-tan coloration with dark banding and a constantly active swimming style. It grows 3?4 inches (7?10 cm) and does best in 30?40 gallons or larger, ideally kept in groups to reduce stress and aggression. Preferred temperatures are 24?28 ?C (75?82 ?F) with strong filtration and oxygenation. Unlike many puffers, it is less territorial and can coexist with fast, similarly sized community fish. However, occasional fin-nipping may still occur, especially if underfed. It requires a varied diet including snails and crustaceans to maintain dental health. Its social nature and activity level make it engaging and lively. Among puffers, it is one of the better choices for semi-community aquariums.",6.0 - 7.5,30 – 40 gallons,"10.0 - 15.0 cm / 3.9 - 5.9""","Peaceful (for a puffer); one of the few puffers that can be kept in a community tank with fast, robust neighbors.",
West African lungfish,Protopterus annectens,https://upload.wikimedia.org//wikipedia/commons/b/b8/G%C5%91tehal-2.jpg,"The West African lungfish is an ancient, eel-like fish capable of breathing air with true lungs and even surviving droughts by burrowing into mud and estivating. It can grow 30–40+ inches (75–100+ cm) and requires a 180–300+ gallon tank with soft substrate and extremely secure lids, as it is strong and escape-prone. It tolerates 24–28 °C (75–82 °F) and low oxygen conditions thanks to air breathing. Slow-moving but powerful, it feeds on fish, crustaceans, and invertebrates. It will consume nearly any tankmate it can overpower. Its strength allows it to rearrange décor and uproot plants. Because of its size and predatory nature, it is best kept alone. This species is more akin to keeping a primitive aquatic reptile than a typical fish.",25–30 degrees celsius,"The West African lungfish is an ancient, eel-like fish capable of breathing air with true lungs and even surviving droughts by burrowing into mud and estivating. It can grow 30?40+ inches (75?100+ cm) and requires a 180?300+ gallon tank with soft substrate and extremely secure lids, as it is strong and escape-prone. It tolerates 24?28 ?C (75?82 ?F) and low oxygen conditions thanks to air breathing. Slow-moving but powerful, it feeds on fish, crustaceans, and invertebrates. It will consume nearly any tankmate it can overpower. Its strength allows it to rearrange d?cor and uproot plants. Because of its size and predatory nature, it is best kept alone. This species is more akin to keeping a primitive aquatic reptile than a typical fish.",6.0 - 7.5,100 – 150+ gallons,"150.0 - 200.0 cm / 59.1 - 78.7""",Highly Predatory; an ancient air-breather that is very territorial and predatory; best kept alone.,https://en.wikipedia.org//wiki/Protopterus_annectens
Spotted lungfish,Protopterus dolloi,https://upload.wikimedia.org//wikipedia/commons/c/ca/Dolloi.jpg,"The spotted lungfish has a slimmer body and attractive speckled markings compared to other lungfish, giving it a somewhat more refined appearance. Growing 24–30 inches (60–75 cm), it still needs a 125–180+ gallon aquarium with soft sand and subdued lighting. It prefers warm 24–28 °C (75–82 °F) water and surfaces regularly to breathe air. Nocturnal and secretive, it hunts worms, crustaceans, and small fish. Like other lungfish, it is opportunistically predatory and incompatible with small or delicate tankmates. It may wedge itself under décor or dig burrows. Tankmates are generally unsafe unless equally large and robust. Most keepers maintain it singly.",25–30 degrees celsius,"The spotted lungfish has a slimmer body and attractive speckled markings compared to other lungfish, giving it a somewhat more refined appearance. Growing 24?30 inches (60?75 cm), it still needs a 125?180+ gallon aquarium with soft sand and subdued lighting. It prefers warm 24?28 ?C (75?82 ?F) water and surfaces regularly to breathe air. Nocturnal and secretive, it hunts worms, crustaceans, and small fish. Like other lungfish, it is opportunistically predatory and incompatible with small or delicate tankmates. It may wedge itself under d?cor or dig burrows. Tankmates are generally unsafe unless equally large and robust. Most keepers maintain it singly.",6.5 - 8.0,100 – 150+ gallons,"80.0 - 100.0 cm / 31.5 - 39.4""",Highly Predatory; grows very large and is extremely aggressive toward almost anything; usually kept alone.,https://en.wikipedia.org//wiki/Protopterus_dolloi
South American lungfish,Lepidosiren paradoxa,https://upload.wikimedia.org//wikipedia/commons/2/2a/Lepidosiren_paradoxa_Aquarium_tropical_du_Palais_de_la_Porte_Dor%C3%A9e_10042016_1.jpg,"The South American lungfish resembles an elongated salamander with thin, filament-like fins and slow, wriggling movements through vegetation. It reaches 30–40 inches (75–100 cm) and requires very large aquariums or ponds (200+ gallons) with muddy or sandy substrate and abundant cover. Ideal temperatures are 24–28 °C (75–82 °F). It breathes air frequently and can survive in stagnant waters where other fish cannot. Predatory and strong, it readily eats fish and invertebrates. It often rests buried or hidden during the day. Because of its size and behavior, it is unsuitable for communities. Species-only housing is the safest approach.",25–30 degrees celsius,"The South American lungfish resembles an elongated salamander with thin, filament-like fins and slow, wriggling movements through vegetation. It reaches 30?40 inches (75?100 cm) and requires very large aquariums or ponds (200+ gallons) with muddy or sandy substrate and abundant cover. Ideal temperatures are 24?28 ?C (75?82 ?F). It breathes air frequently and can survive in stagnant waters where other fish cannot. Predatory and strong, it readily eats fish and invertebrates. It often rests buried or hidden during the day. Because of its size and behavior, it is unsuitable for communities. Species-only housing is the safest approach.",6.5 - 8.0,100 – 150+ gallons,"100.0 - 120.0 cm / 39.4 - 47.2""","Highly Predatory; a massive nocturnal hunter that is only compatible with other giant, robust species.",https://en.wikipedia.org//wiki/Lepidosiren_paradoxa
Ocellate river stingray,Potamotrygon motoro,https://upload.wikimedia.org//wikipedia/commons/c/ca/Pfauenaugen-Stechrochen_-_Ocellate_river_stingray_-_Potamotrygon_motoro.jpg,"The ocellate river stingray is a beautiful freshwater ray with round disc shape and striking eye-like spots scattered across its back, giving it a dramatic patterned appearance. It can reach 18–24 inches (45–60 cm) disc width and requires a 180–250+ gallon tank with a very large footprint and fine sand substrate. It prefers warm 26–30 °C (79–86 °F) water with pristine quality and strong filtration. Rays constantly sift sand for food and need open bottom space rather than décor. Generally peaceful toward midwater fish too large to swallow, they may eat small tankmates. They are sensitive to poor water conditions and require experienced care. A secure lid and careful handling are essential due to the venomous tail spine. They make stunning but demanding show fish.",24–26 degrees celsius,"The ocellate river stingray is a beautiful freshwater ray with round disc shape and striking eye-like spots scattered across its back, giving it a dramatic patterned appearance. It can reach 18?24 inches (45?60 cm) disc width and requires a 180?250+ gallon tank with a very large footprint and fine sand substrate. It prefers warm 26?30 ?C (79?86 ?F) water with pristine quality and strong filtration. Rays constantly sift sand for food and need open bottom space rather than d?cor. Generally peaceful toward midwater fish too large to swallow, they may eat small tankmates. They are sensitive to poor water conditions and require experienced care. A secure lid and careful handling are essential due to the venomous tail spine. They make stunning but demanding show fish.",6.0 - 7.5,125 – 180+ gallons,"40.0 - 60.0 cm / 15.7 - 23.6""","Highly Predatory; a specialized predator that needs a massive tank and very large, sturdy tankmates.",https://en.wikipedia.org//wiki/Potamotrygon_motoro
Black devil stingray,Potamotrygon leopoldi,https://upload.wikimedia.org//wikipedia/commons/e/e9/Potamotrygon_leopoldi_Prague_2011_2.jpg,"Also known as the Polka Dot Stingray, this species can reach a disc diameter of about 14 to 16 inches. Due to its size and high waste production, it requires a massive tank of at least 125 to 150 gallons with a large footprint and soft sand substrate. Their diet is strictly carnivorous, consisting of market shrimp, mussels, and earthworms. They thrive in tropical temperatures ranging from 75°F to 82°F. Compatibility is limited to large, peaceful, upper-dwelling fish like Silver Dollars or Arowanas. They have a venomous tail spine and require expert care.",24–26 degrees celsius,"Also known as the Polka Dot Stingray, this species can reach a disc diameter of about 14 to 16 inches. Due to its size and high waste production, it requires a massive tank of at least 125 to 150 gallons with a large footprint and soft sand substrate. Their diet is strictly carnivorous, consisting of market shrimp, mussels, and earthworms. They thrive in tropical temperatures ranging from 75?F to 82?F. Compatibility is limited to large, peaceful, upper-dwelling fish like Silver Dollars or Arowanas. They have a venomous tail spine and require expert care.",6.0 - 7.0,150 – 250+ gallons,"40.0 - 60.0 cm / 15.7 - 23.6""","Highly Predatory; similar to other large rays, it is a powerful hunter that requires massive floor space.",https://en.wikipedia.org//wiki/Potamotrygon_leopoldi
Black ghost knifefish,Apteronotus albifrons,https://upload.wikimedia.org//wikipedia/commons/b/bf/Apteronotus_albifrons_Aquarium_tropical_du_Palais_de_la_Porte_Dor%C3%A9e_10_04_2016_1.jpg,"This striking nocturnal fish can grow up to 20 inches in length and needs a minimum tank size of 100 gallons. They prefer a dimly lit environment with plenty of hiding spots like PVC pipes or ""ghost tubes."" Their diet should include meaty frozen foods like bloodworms and brine shrimp, as they rarely accept flakes. The ideal temperature range is between 73°F and 82°F. They are generally peaceful but will eat any fish small enough to fit in their mouths. They use an electric organ for navigation, so keeping two of the same species in one tank often leads to aggression.",23–28 degrees celsius,"This striking nocturnal fish can grow up to 20 inches in length and needs a minimum tank size of 100 gallons. They prefer a dimly lit environment with plenty of hiding spots like PVC pipes or ""ghost tubes."" Their diet should include meaty frozen foods like bloodworms and brine shrimp, as they rarely accept flakes. The ideal temperature range is between 73?F and 82?F. They are generally peaceful but will eat any fish small enough to fit in their mouths. They use an electric organ for navigation, so keeping two of the same species in one tank often leads to aggression.",6.0 - 7.0,55 – 75 gallons,"40.0 - 50.0 cm / 15.7 - 19.7""","Peaceful but shy; a unique nocturnal fish with an electric sense; best kept with very calm, docile tankmates.",https://en.wikipedia.org//wiki/Apteronotus_albifrons
Brown ghost knifefish,Apteronotus leptorhynchus,,"Often mistaken for its black cousin, the Brown Ghost reaches about 12 inches and needs at least a 75-gallon aquarium. They are found in slow-moving Amazonian waters and prefer warm, acidic conditions between 75°F and 82°F. Their diet consists of insect larvae, crustaceans, and small fish, though they easily adapt to frozen meaty foods. Provide plenty of cover, such as driftwood and dense planting, to make them feel secure. While peaceful with larger tank mates, they can be territorial with their own kind. They are shy and mostly active during the night.",23–28 degrees celsius,"Often mistaken for its black cousin, the Brown Ghost reaches about 12 inches and needs at least a 75-gallon aquarium. They are found in slow-moving Amazonian waters and prefer warm, acidic conditions between 75?F and 82?F. Their diet consists of insect larvae, crustaceans, and small fish, though they easily adapt to frozen meaty foods. Provide plenty of cover, such as driftwood and dense planting, to make them feel secure. While peaceful with larger tank mates, they can be territorial with their own kind. They are shy and mostly active during the night.",6.0 - 7.5,55 – 75 gallons,"40.0 - 50.0 cm / 15.7 - 19.7""","Peaceful; smaller and more timid than the black ghost, it thrives in quiet tanks with plenty of hiding spots.",https://en.wikipedia.org//wiki/Apteronotus_leptorhynchus
Electric eel,Electrophorus electricus,https://upload.wikimedia.org//wikipedia/commons/8/8f/Electric-eel.jpg,"Despite the name, this is actually a species of knifefish that can grow to a massive 6 to 8 feet. They require an enormous custom enclosure or indoor pond of at least 500 gallons with a secure lid. They are obligate air-breathers and need access to the surface in water temperatures of 74°F to 82°F. Their diet is purely carnivorous, consisting of fish, crustaceans, and occasionally small mammals. Because they can produce shocks of up to 600–800 volts, they are not compatible with any other fish. They are dangerous to handle and intended only for professional or highly advanced keepers.",23–28 degrees celsius,"Despite the name, this is actually a species of knifefish that can grow to a massive 6 to 8 feet. They require an enormous custom enclosure or indoor pond of at least 500 gallons with a secure lid. They are obligate air-breathers and need access to the surface in water temperatures of 74?F to 82?F. Their diet is purely carnivorous, consisting of fish, crustaceans, and occasionally small mammals. Because they can produce shocks of up to 600?800 volts, they are not compatible with any other fish. They are dangerous to handle and intended only for professional or highly advanced keepers.",6.0 - 7.5,180 – 300+ gallons,"150.0 - 250.0 cm / 59.1 - 98.4""",Highly Aggressive; an electrical predator that is usually kept alone to prevent accidental shocks to tankmates.,
Glass knifefish,Eigenmannia virescens,https://upload.wikimedia.org//wikipedia/commons/f/ff/Eigenmannia_virescens_000.jpg,"This translucent fish grows to approximately 10 to 12 inches and should be housed in a 55-gallon tank or larger. They are social creatures and are much happier when kept in groups of five or more. They require soft, slightly acidic water with temperatures between 73°F and 82°F. Their diet consists of small live or frozen invertebrates like daphnia and bloodworms. The tank should have dim lighting and plenty of plants or roots for cover. They are peaceful and make excellent additions to specialized community tanks with non-aggressive species.",23–28 degrees celsius,"This translucent fish grows to approximately 10 to 12 inches and should be housed in a 55-gallon tank or larger. They are social creatures and are much happier when kept in groups of five or more. They require soft, slightly acidic water with temperatures between 73?F and 82?F. Their diet consists of small live or frozen invertebrates like daphnia and bloodworms. The tank should have dim lighting and plenty of plants or roots for cover. They are peaceful and make excellent additions to specialized community tanks with non-aggressive species.",6.0 - 8.0,30 – 40 gallons,"10.0 - 15.0 cm / 3.9 - 5.9""","Peaceful and social; a translucent, active schooling fish that gets along with almost any peaceful community species.",
Sterlet,Acipenser ruthenus,https://upload.wikimedia.org//wikipedia/commons/3/3d/Acipenser_ruthenus_Prague_Vltava_1.jpg,"The Sterlet is a relatively small species of sturgeon, reaching about 3 feet in length, which still requires a large pond rather than a standard aquarium. They need highly oxygenated, cool water between 50°F and 68°F and cannot survive in warm tropical tanks. Their diet must be high in protein, often requiring specialized sinking sturgeon pellets. They are peaceful but can accidentally outcompete slower fish for food. A substrate of smooth pebbles or sand is necessary to protect their sensitive barbels. They are long-lived and require a permanent outdoor setup with strong filtration.",10–20 degrees celsius,"The Sterlet is a relatively small species of sturgeon, reaching about 3 feet in length, which still requires a large pond rather than a standard aquarium. They need highly oxygenated, cool water between 50?F and 68?F and cannot survive in warm tropical tanks. Their diet must be high in protein, often requiring specialized sinking sturgeon pellets. They are peaceful but can accidentally outcompete slower fish for food. A substrate of smooth pebbles or sand is necessary to protect their sensitive barbels. They are long-lived and require a permanent outdoor setup with strong filtration.",6.0 - 7.5,"500 – 1,000+ gallons (Pond)","60.0 - 80.0 cm / 23.6 - 31.5""",Highly Predatory; grows enormous and is an active hunter; strictly for massive specialized tanks or ponds.,https://en.wikipedia.org//wiki/Acipenser_ruthenus
Shovelnose Sturgeon,Scaphirhynchus platorynchus,https://upload.wikimedia.org//wikipedia/commons/d/d6/Shovelnose_Sturgeon_01-19-08_1241.jpg,"This North American native grows to about 28 inches and is best suited for large cold-water ponds or massive specialized tanks. They prefer fast-flowing, highly oxygenated water with temperatures ranging from 60°F to 72°F. Their diet consists of aquatic insects, mussels, and worms found along the bottom. They are social and can be kept in groups, provided the enclosure is large enough to allow constant swimming. Compatibility is limited to other large, cool-water species that won't be intimidated by their active nature. They are sensitive to low oxygen levels and chemical treatments.",10–20 degrees celsius,"This North American native grows to about 28 inches and is best suited for large cold-water ponds or massive specialized tanks. They prefer fast-flowing, highly oxygenated water with temperatures ranging from 60?F to 72?F. Their diet consists of aquatic insects, mussels, and worms found along the bottom. They are social and can be kept in groups, provided the enclosure is large enough to allow constant swimming. Compatibility is limited to other large, cool-water species that won't be intimidated by their active nature. They are sensitive to low oxygen levels and chemical treatments.",7.0 - 8.0,"500 – 1,000+ gallons (Pond)","100.0 - 150.0 cm / 39.4 - 59.1""","Highly Predatory; an ancient-looking predator that needs a large tank and robust, non-aggressive tankmates.",https://en.wikipedia.org//wiki/Scaphirhynchus_platorynchus
Spotted Gar,Lepisosteus oculatus,https://upload.wikimedia.org//wikipedia/commons/f/f7/Lepisosteus_oculatus1.jpg,"The Spotted Gar can grow up to 3 feet long and requires a massive tank of at least 200 to 300 gallons. They are ambush predators that prefer slow-moving water with plenty of surface vegetation for cover. Their diet consists of live fish, although they can often be trained to eat frozen silversides or shrimp. They are hardy and tolerate a wide temperature range from 55°F to 82°F. While they are peaceful toward fish too large to swallow, they will eat anything small. A heavy, tight-fitting lid is essential as they are known jumpers.",12–23 degrees celsius,"The Spotted Gar can grow up to 3 feet long and requires a massive tank of at least 200 to 300 gallons. They are ambush predators that prefer slow-moving water with plenty of surface vegetation for cover. Their diet consists of live fish, although they can often be trained to eat frozen silversides or shrimp. They are hardy and tolerate a wide temperature range from 55?F to 82?F. While they are peaceful toward fish too large to swallow, they will eat anything small. A heavy, tight-fitting lid is essential as they are known jumpers.",7.0 - 8.0,150 – 250+ gallons,"60.0 - 90.0 cm / 23.6 - 35.4""","Highly Predatory; a large, powerful hunter that should only be kept with other giant ""monster"" fish.",https://en.wikipedia.org//wiki/Lepisosteus_oculatus
Longnose Gar,Lepisosteus osseus,https://upload.wikimedia.org//wikipedia/commons/f/fc/Lepisosteus_osseus_1.jpg,"This primitive fish is characterized by its extremely long snout and can reach lengths of over 4 feet. Because of their size and rigid bodies, they need a tank or pond of at least 400 to 500 gallons. They are strictly piscivorous, primarily eating other fish in the wild. They are very hardy and can survive in low-oxygen water by breathing atmospheric air at temperatures between 60°F and 80°F. Compatibility is restricted to very large, robust tank mates like big catfish or other gars. They are slow-moving but strike with incredible speed when hunting.",12–23 degrees celsius,"This primitive fish is characterized by its extremely long snout and can reach lengths of over 4 feet. Because of their size and rigid bodies, they need a tank or pond of at least 400 to 500 gallons. They are strictly piscivorous, primarily eating other fish in the wild. They are very hardy and can survive in low-oxygen water by breathing atmospheric air at temperatures between 60?F and 80?F. Compatibility is restricted to very large, robust tank mates like big catfish or other gars. They are slow-moving but strike with incredible speed when hunting.",6.5 - 8.0,180 – 300+ gallons,"120.0 - 180.0 cm / 47.2 - 70.9""","Highly Predatory; similar to other gars, it grows very long and is a specialized predator of smaller fish.",https://en.wikipedia.org//wiki/Lepisosteus_osseus
Florida Gar,Lepisosteus platyrhincus,https://upload.wikimedia.org//wikipedia/commons/1/10/Lepisosteus_platyrhincus.JPG,"Reaching about 24 to 30 inches, the Florida Gar is one of the more common ""pet"" gars but still requires at least a 180-gallon tank. They thrive in subtropical temperatures between 65°F and 78°F. Their diet is carnivorous, consisting of fish, frogs, and large insects. They are generally peaceful toward fish of a similar size but are efficient predators of anything smaller. The tank should have a sandy bottom and some floating plants to mimic their natural marshy habitat. Like all gars, they possess very hard ganoid scales that protect them from most injuries.",12–23 degrees celsius,"Reaching about 24 to 30 inches, the Florida Gar is one of the more common ""pet"" gars but still requires at least a 180-gallon tank. They thrive in subtropical temperatures between 65?F and 78?F. Their diet is carnivorous, consisting of fish, frogs, and large insects. They are generally peaceful toward fish of a similar size but are efficient predators of anything smaller. The tank should have a sandy bottom and some floating plants to mimic their natural marshy habitat. Like all gars, they possess very hard ganoid scales that protect them from most injuries.",6.5 - 8.0,150 – 250+ gallons,"60.0 - 100.0 cm / 23.6 - 39.4""",Highly Predatory; a robust hunter that needs a large amount of space and very sturdy companions.,https://en.wikipedia.org//wiki/Lepisosteus_platyrhincus
Alligator Gar,Atractosteus spatula,https://upload.wikimedia.org//wikipedia/commons/2/29/Alligator_Gar_%28Atractosteus_spatula%29_%283149748488%29.jpg,"One of the largest freshwater fish in the world, these can exceed 8 feet in length and weigh over 300 pounds. They are entirely unsuitable for home aquaria and require massive private or public ponds of several thousand gallons. They are apex predators, eating fish, waterfowl, and small mammals in water temperatures from 70°F to 82°F. Despite their size, they are relatively sluggish unless they are feeding. They are extremely long-lived, sometimes reaching over 50 years of age. They should only be kept by those with the resources to house a literal river monster.",12–23 degrees celsius,"One of the largest freshwater fish in the world, these can exceed 8 feet in length and weigh over 300 pounds. They are entirely unsuitable for home aquaria and require massive private or public ponds of several thousand gallons. They are apex predators, eating fish, waterfowl, and small mammals in water temperatures from 70?F to 82?F. Despite their size, they are relatively sluggish unless they are feeding. They are extremely long-lived, sometimes reaching over 50 years of age. They should only be kept by those with the resources to house a literal river monster.",6.5 - 8.0,"500 – 1,000+ gallons (Pond)","200.0 - 300.0 cm / 78.7 - 118.1""",Highly Predatory; grows massive and is an apex predator; not compatible with standard aquarium fish.,https://en.wikipedia.org//wiki/Atractosteus_spatula
Cuban Gar,Atractosteus tristoechus,https://upload.wikimedia.org//wikipedia/commons/0/0d/MANJUARI-2.jpg,"The Cuban Gar is a rare and endangered species that can grow up to 6 feet long. It requires a massive tropical pond or a custom-built enclosure with a temperature of 75°F to 84°F. Their diet consists of fish and crustaceans, and like other gars, they are ambush hunters. They are highly tolerant of poor water quality but still require massive filtration due to their waste. Compatibility is limited to only the largest and most robust tropical species. Their eggs are toxic if ingested, which is a unique defense mechanism.",12–23 degrees celsius,"The Cuban Gar is a rare and endangered species that can grow up to 6 feet long. It requires a massive tropical pond or a custom-built enclosure with a temperature of 75?F to 84?F. Their diet consists of fish and crustaceans, and like other gars, they are ambush hunters. They are highly tolerant of poor water quality but still require massive filtration due to their waste. Compatibility is limited to only the largest and most robust tropical species. Their eggs are toxic if ingested, which is a unique defense mechanism.",6.5 - 8.0,300 – 500+ gallons,"150.0 - 200.0 cm / 59.1 - 78.7""","Highly Predatory; a powerful and aggressive hunter that is only suited for giant, specialized setups.",https://en.wikipedia.org//wiki/Atractosteus_tristoechus
Tropical Gar,Atractosteus tropicus,https://upload.wikimedia.org//wikipedia/commons/5/57/PuertoAristaSanctuary04.JPG,"Found in Central America, this species grows to about 4 feet and is more adapted to warm tropical waters than its North American relatives. A minimum tank size of 300 gallons is required for a single adult. They prefer temperatures between 75°F and 82°F and a diet of whole fish and meaty frozen foods. They are social among their own species and can be kept in groups if the space allows. They are often less aggressive than Alligator Gars but still possess sharp teeth and a strong predatory drive. Provide a large, open swimming area with minimal décor to prevent injury.",21–27 degrees celsius,"Found in Central America, this species grows to about 4 feet and is more adapted to warm tropical waters than its North American relatives. A minimum tank size of 300 gallons is required for a single adult. They prefer temperatures between 75?F and 82?F and a diet of whole fish and meaty frozen foods. They are social among their own species and can be kept in groups if the space allows. They are often less aggressive than Alligator Gars but still possess sharp teeth and a strong predatory drive. Provide a large, open swimming area with minimal d?cor to prevent injury.",6.5 - 8.0,150 – 250+ gallons,"60.0 - 100.0 cm / 23.6 - 39.4""",Highly Predatory; a fast-moving open-water hunter that will eat anything it can catch and swallow.,https://en.wikipedia.org//wiki/Atractosteus_tropicus
Freshwater blenny,Salaria fluviatilis,https://upload.wikimedia.org//wikipedia/commons/6/65/Blennie_d%27eau_douce-Salaria_fluviatilis.JPG,"This unique freshwater relative of marine blennies grows to about 5 or 6 inches in length. They require a 30-gallon tank with high oxygen levels and a moderate current. Their diet is primarily insectivorous, but they will also graze on algae and accept frozen brine shrimp. They prefer neutral to slightly alkaline water with temperatures between 68°F and 77°F. They are territorial with their own kind and other bottom-dwellers, so provide plenty of rocky caves. They are fascinating to watch as they ""perch"" on rocks and scan the tank with mobile eyes.",20–28 degrees celsius,"This unique freshwater relative of marine blennies grows to about 5 or 6 inches in length. They require a 30-gallon tank with high oxygen levels and a moderate current. Their diet is primarily insectivorous, but they will also graze on algae and accept frozen brine shrimp. They prefer neutral to slightly alkaline water with temperatures between 68?F and 77?F. They are territorial with their own kind and other bottom-dwellers, so provide plenty of rocky caves. They are fascinating to watch as they ""perch"" on rocks and scan the tank with mobile eyes.",6.5 - 8.0,10 – 20 gallons,"10.0 - 15.0 cm / 3.9 - 5.9""",Peaceful; a specialized bottom-dweller that needs a quiet tank and peaceful neighbors to feel secure.,https://en.wikipedia.org//wiki/Salaria_fluviatilis
Pickerel,Esox americanus,https://upload.wikimedia.org//wikipedia/commons/3/33/Esox_americanus_vermiculatus.jpg,"The Chain Pickerel is a sleek, predatory fish that grows to about 20 to 24 inches. They need a cold-water setup of at least 100 gallons with plenty of vegetation for stalking prey. They are strictly carnivorous, preferring live fish and large insects in temperatures between 50°F and 72°F. They are solitary and highly aggressive toward tank mates, often attacking anything that moves. A secure lid is mandatory as they are powerful, explosive jumpers. They are best kept alone in a dedicated ""species only"" display to avoid constant conflict.",10–20 degrees celsius,"The Chain Pickerel is a sleek, predatory fish that grows to about 20 to 24 inches. They need a cold-water setup of at least 100 gallons with plenty of vegetation for stalking prey. They are strictly carnivorous, preferring live fish and large insects in temperatures between 50?F and 72?F. They are solitary and highly aggressive toward tank mates, often attacking anything that moves. A secure lid is mandatory as they are powerful, explosive jumpers. They are best kept alone in a dedicated ""species only"" display to avoid constant conflict.",7.0 - 8.5,55 – 75 gallons,"25.0 - 40.0 cm / 9.8 - 15.7""","Highly Predatory; a fast, aggressive hunter that grows relatively large; best kept with robust tankmates.",https://en.wikipedia.org//wiki/Esox_americanus
Brook stickleback,Culaea inconstans,https://upload.wikimedia.org//wikipedia/commons/6/69/Culaea_inconstans.jpg,"This small, hardy fish grows to only 2 or 3 inches and is perfect for a 20-gallon ""native"" tank. They prefer cool water between 50°F and 65°F and plenty of thick vegetation. Their diet consists of small invertebrates, fish eggs, and larvae. During the breeding season, males become very territorial and build nests out of plant material and a sticky secretion. They can be kept with other small, cool-water species, but males may nip fins when guarding nests. They are fascinating to observe during their elaborate courtship and nesting behaviors.",15–22 degrees celsius,"This small, hardy fish grows to only 2 or 3 inches and is perfect for a 20-gallon ""native"" tank. They prefer cool water between 50?F and 65?F and plenty of thick vegetation. Their diet consists of small invertebrates, fish eggs, and larvae. During the breeding season, males become very territorial and build nests out of plant material and a sticky secretion. They can be kept with other small, cool-water species, but males may nip fins when guarding nests. They are fascinating to observe during their elaborate courtship and nesting behaviors.",6.0 - 7.5,5 – 10 gallons,"4.0 - 6.0 cm / 1.6 - 2.4""","Peaceful; a small, hardy native fish that is active and gets along well with other temperate species.",https://en.wikipedia.org//wiki/Culaea_inconstans
European Perch,Perca fluviatilis,https://upload.wikimedia.org//wikipedia/commons/0/09/Perca_fluviatilis2.jpg,"A popular sport fish that can grow up to 20 inches, though aquarium specimens usually stay smaller. They require at least a 75 to 100-gallon tank with cool, well-oxygenated water between 50°F and 70°F. As juveniles, they eat zooplankton and insects, but adults are highly predatory and eat other fish. They are social and prefer to be kept in small schools when young. Their compatibility is limited to other large, active, cool-water fish like Tench or larger Cyprinids. They are known for their striking vertical ""tiger"" stripes and orange-red fins.",10–22 degrees celsius,"A popular sport fish that can grow up to 20 inches, though aquarium specimens usually stay smaller. They require at least a 75 to 100-gallon tank with cool, well-oxygenated water between 50?F and 70?F. As juveniles, they eat zooplankton and insects, but adults are highly predatory and eat other fish. They are social and prefer to be kept in small schools when young. Their compatibility is limited to other large, active, cool-water fish like Tench or larger Cyprinids. They are known for their striking vertical ""tiger"" stripes and orange-red fins.",7.0 - 8.0,100 – 150+ gallons,"25.0 - 40.0 cm / 9.8 - 15.7""","Predatory; an active cool-water predator that grows large and should be kept with other robust, fast fish.",https://en.wikipedia.org//wiki/Perca_fluviatilis
Banded darter,Etheostoma zonale,,"This small, colorful darter reaches about 2 to 3 inches and needs a 20-gallon long tank. They are ""riffle"" dwellers, requiring high flow and very clean, oxygenated water. Their diet consists of small live or frozen foods like bloodworms and blackworms. They thrive in cooler temperatures between 55°F and 72°F. They are peaceful and do well with other native darter species or small, fast-moving minnows. Provide a substrate of mixed gravel and cobble to mimic their natural stream environment.",18–24 degrees celsius,"This small, colorful darter reaches about 2 to 3 inches and needs a 20-gallon long tank. They are ""riffle"" dwellers, requiring high flow and very clean, oxygenated water. Their diet consists of small live or frozen foods like bloodworms and blackworms. They thrive in cooler temperatures between 55?F and 72?F. They are peaceful and do well with other native darter species or small, fast-moving minnows. Provide a substrate of mixed gravel and cobble to mimic their natural stream environment.",7.0 - 8.0,15 – 20 gallons,"5.0 - 7.0 cm / 2.0 - 2.8""","Peaceful; a colorful and active native darter that thrives in clean, high-flow water with peaceful neighbors.",
Gilt darter,Percina evides,https://upload.wikimedia.org//wikipedia/commons/7/74/Percina_evides.jpg,"One of the most beautiful native North American fish, the Gilt Darter grows to about 3.5 inches. They require a 30-gallon tank with a very strong current and high oxygen saturation. Their diet should consist of small live or frozen invertebrates. They are sensitive to water quality and prefer temperatures between 60°F and 75°F. Males display brilliant orange and blue colors during the breeding season. They are peaceful bottom-dwellers but should only be kept with tank mates that also enjoy high-flow conditions.",18–24 degrees celsius,"One of the most beautiful native North American fish, the Gilt Darter grows to about 3.5 inches. They require a 30-gallon tank with a very strong current and high oxygen saturation. Their diet should consist of small live or frozen invertebrates. They are sensitive to water quality and prefer temperatures between 60?F and 75?F. Males display brilliant orange and blue colors during the breeding season. They are peaceful bottom-dwellers but should only be kept with tank mates that also enjoy high-flow conditions.",6.5 - 7.5,15 – 20 gallons,"6.0 - 8.0 cm / 2.4 - 3.1""","Peaceful; a specialized bottom-dweller that requires high oxygen levels and calm, non-competitive tankmates.",https://en.wikipedia.org//wiki/Percina_evides
Orangethroat darter,Etheostoma spectabile,https://upload.wikimedia.org//wikipedia/commons/0/09/Orangethroat_darter_male.jpg,"The Orangethroat Darter grows to about 2.5 inches and is very hardy for a darter species. They can be kept in a 20-gallon tank and are more tolerant of warmer water, up to 78°F, though they prefer 65°F. They are carnivores, eagerly taking frozen bloodworms and brine shrimp. They are peaceful and compatible with other small, non-aggressive native fish. Use a sand or fine gravel substrate so they can forage comfortably along the bottom. Their vibrant orange and blue markings make them a favorite for native fish enthusiasts.",18–24 degrees celsius,"The Orangethroat Darter grows to about 2.5 inches and is very hardy for a darter species. They can be kept in a 20-gallon tank and are more tolerant of warmer water, up to 78?F, though they prefer 65?F. They are carnivores, eagerly taking frozen bloodworms and brine shrimp. They are peaceful and compatible with other small, non-aggressive native fish. Use a sand or fine gravel substrate so they can forage comfortably along the bottom. Their vibrant orange and blue markings make them a favorite for native fish enthusiasts.",6.5 - 7.5,15 – 20 gallons,"5.0 - 7.0 cm / 2.0 - 2.8""","Peaceful; very colorful and active, it is ideal for native-themed tanks with other peaceful species.",https://en.wikipedia.org//wiki/Etheostoma_spectabile
Rainbow darter,Etheostoma caeruleum,https://upload.wikimedia.org//wikipedia/commons/f/f2/Etheostoma_caeruleum.jpg,"Known for its spectacular colors, this darter grows to about 2.5 to 3 inches. They require a 20-gallon long tank with a powerhead to create a ""stream"" effect. Their diet is primarily meaty, consisting of small insects and frozen worms. They are most comfortable in cool water between 55°F and 70°F. They are peaceful but can be competitive with other darters for the best hiding spots under rocks. They are excellent indicator species, as they will only thrive in very clean, well-maintained water.",18–24 degrees celsius,"Known for its spectacular colors, this darter grows to about 2.5 to 3 inches. They require a 20-gallon long tank with a powerhead to create a ""stream"" effect. Their diet is primarily meaty, consisting of small insects and frozen worms. They are most comfortable in cool water between 55?F and 70?F. They are peaceful but can be competitive with other darters for the best hiding spots under rocks. They are excellent indicator species, as they will only thrive in very clean, well-maintained water.",6.5 - 7.5,15 – 20 gallons,"5.0 - 7.5 cm / 2.0 - 3.0""",Peaceful; a social and energetic darter that enjoys high-flow environments and clear water.,https://en.wikipedia.org//wiki/Etheostoma_caeruleum
Splendid darter,Etheostoma barrenense,,"The Splendid Darter is a small, rare species reaching about 2.5 inches in length. They require a 20-gallon aquarium with cool, flowing water and a rocky substrate. Their diet consists of tiny aquatic insects and crustaceans. They are sensitive to pollutants and need regular water changes to stay healthy in temperatures of 60°F to 72°F. During the spring, males develop intense red and green coloration to attract mates. They are peaceful and spend most of their time darting between rocks on the aquarium floor.",18–24 degrees celsius,"The Splendid Darter is a small, rare species reaching about 2.5 inches in length. They require a 20-gallon aquarium with cool, flowing water and a rocky substrate. Their diet consists of tiny aquatic insects and crustaceans. They are sensitive to pollutants and need regular water changes to stay healthy in temperatures of 60?F to 72?F. During the spring, males develop intense red and green coloration to attract mates. They are peaceful and spend most of their time darting between rocks on the aquarium floor.",6.5 - 7.5,15 – 20 gallons,"5.0 - 8.0 cm / 2.0 - 3.1""","Peaceful; a stunning native fish that is harmless to others but needs high-quality, well-oxygenated water.",https://en.wikipedia.org//wiki/Etheostoma_barrenense
